id,title,type,release_year,decade,age_certification,runtime,runtime_is_missing,seasons,imdb_score,imdb_votes,tmdb_score,tmdb_popularity,has_any_rating,primary_genre,genre_count,primary_country,country_count
ts300399,Five Came Back: The Reference Films,SHOW,1945,1940,TV-MA,51,0,1.0,,,,0.6,0,documentation,1,US,1
tm84618,Taxi Driver,MOVIE,1976,1970,R,114,0,,8.2,808582.0,8.179,40.965,1,drama,2,US,1
tm154986,Deliverance,MOVIE,1972,1970,R,109,0,,7.7,107673.0,7.3,10.01,1,drama,4,US,1
tm127384,Monty Python and the Holy Grail,MOVIE,1975,1970,PG,91,0,,8.2,534486.0,7.811,15.461,1,fantasy,3,GB,1
tm120801,The Dirty Dozen,MOVIE,1967,1960,Not Rated,150,0,,7.7,72662.0,7.6,20.398,1,war,2,GB,2
ts22164,Monty Python's Flying Circus,SHOW,1969,1960,TV-14,30,0,4.0,8.8,73424.0,8.306,17.617,1,comedy,2,GB,1
tm70993,Life of Brian,MOVIE,1979,1970,R,94,0,,8.0,395024.0,7.8,17.77,1,comedy,1,GB,1
tm14873,Dirty Harry,MOVIE,1971,1970,R,102,0,,7.7,155051.0,7.5,12.817,1,thriller,3,US,1
tm119281,Bonnie and Clyde,MOVIE,1967,1960,R,110,0,,7.7,112048.0,7.5,15.687,1,crime,3,US,1
tm98978,The Blue Lagoon,MOVIE,1980,1980,R,104,0,,5.8,69844.0,6.156,50.324,1,romance,3,US,1
tm44204,The Guns of Navarone,MOVIE,1961,1960,Not Rated,158,0,,7.5,50748.0,7.3,13.844,1,action,3,GB,2
tm67378,The Professionals,MOVIE,1966,1960,PG-13,117,0,,7.3,16446.0,7.1,13.123,1,western,3,US,1
tm69997,Richard Pryor: Live in Concert,MOVIE,1979,1970,R,78,0,,8.1,5141.0,7.5,4.718,1,comedy,2,US,1
tm16479,White Christmas,MOVIE,1954,1950,Not Rated,115,0,,7.5,42488.0,7.2,8.915,1,romance,2,US,1
tm135083,Cairo Station,MOVIE,1958,1950,Not Rated,77,0,,7.5,4471.0,7.3,5.546,1,drama,3,EG,1
tm89386,Hitler: A Career,MOVIE,1977,1970,PG,150,0,,7.5,2460.0,7.3,4.305,1,history,3,DE,1
tm156453,FTA,MOVIE,1972,1970,R,97,0,,6.2,418.0,6.1,1.268,1,war,4,US,1
tm14350,Alexandria… Why?,MOVIE,1979,1970,Not Rated,133,0,,7.2,1727.0,6.0,1.37,1,drama,1,EG,1
tm81728,The Land,MOVIE,1969,1960,Not Rated,129,0,,8.1,1958.0,8.5,1.265,1,drama,1,EG,1
tm94651,Dostana,MOVIE,1980,1980,Not Rated,161,0,,2.1,25.0,4.9,3.98,1,drama,5,IN,1
tm27298,Saladin the Victorious,MOVIE,1963,1960,Not Rated,186,0,,7.6,2508.0,7.1,4.156,1,action,5,EG,1
tm100027,Alibaba Aur 40 Chor,MOVIE,1979,1970,Not Rated,146,0,,6.2,565.0,6.8,2.582,1,drama,5,SU,2
tm19608,The Blazing Sun,MOVIE,1954,1950,Not Rated,100,0,,7.4,1219.0,7.0,2.184,1,crime,3,EG,1
tm204541,Dark Waters,MOVIE,1956,1950,Not Rated,120,0,,6.7,610.0,5.9,0.849,1,action,4,EG,1
tm259855,We Are All for the Fatherland,MOVIE,1979,1970,Not Rated,74,0,,6.1,47.0,5.2,0.6,1,documentation,1,LB,3
tm356209,Singapore,MOVIE,1960,1960,Not Rated,158,0,,6.4,84.0,6.3,0.792,1,drama,3,IN,1
ts45948,Monty Python's Fliegender Zirkus,SHOW,1972,1970,TV-MA,43,0,1.0,8.1,2151.0,7.0,1.487,1,comedy,1,,0
tm200475,"Beirut, Oh Beirut",MOVIE,1975,1970,Not Rated,110,0,,6.4,108.0,7.2,1.025,1,drama,1,LB,1
tm90896,The Return of the Prodigal Son,MOVIE,1976,1970,Not Rated,124,0,,7.2,780.0,5.3,1.858,1,music,3,DZ,2
tm336403,Khoon Khoon,MOVIE,1973,1970,Not Rated,131,0,,5.1,41.0,3.8,1.948,1,crime,2,IN,1
tm107372,Manoranjan,MOVIE,1974,1970,Not Rated,162,0,,6.5,237.0,5.3,1.532,1,romance,3,IN,1
tm358653,Ujala,MOVIE,1959,1950,Not Rated,142,0,,6.6,78.0,6.0,0.84,1,romance,3,IN,1
tm259684,Whispers,MOVIE,1980,1980,Not Rated,93,0,,7.8,78.0,5.0,0.6,1,documentation,1,CA,3
tm403346,Chadi Jawani Budhe Nu,MOVIE,1976,1970,Not Rated,135,0,,4.6,14.0,6.0,0.62,1,romance,1,IN,1
tm16812,Bandie,MOVIE,1978,1970,Not Rated,141,0,,4.4,35.0,6.0,1.166,1,drama,3,IN,1
ts20681,Seinfeld,SHOW,1989,1980,TV-PG,24,0,9.0,8.9,308824.0,8.301,130.213,1,comedy,1,US,1
tm155787,GoodFellas,MOVIE,1990,1990,R,145,0,,8.7,1131681.0,8.463,50.387,1,drama,2,US,1
tm22327,Full Metal Jacket,MOVIE,1987,1980,R,117,0,,8.3,729274.0,8.1,32.937,1,war,2,US,2
tm180542,Once Upon a Time in America,MOVIE,1984,1980,R,139,0,,8.3,345714.0,8.453,28.937,1,crime,3,US,2
tm138875,When Harry Met Sally...,MOVIE,1989,1980,R,96,0,,7.7,216199.0,7.4,15.123,1,comedy,3,US,1
tm2386,A Nightmare on Elm Street,MOVIE,1984,1980,R,91,0,,7.4,234068.0,7.3,48.358,1,horror,1,GB,2
tm133087,Steel Magnolias,MOVIE,1989,1980,PG,119,0,,7.3,54946.0,7.2,11.69,1,comedy,3,US,1
tm177480,Police Academy,MOVIE,1984,1980,R,97,0,,6.7,124881.0,6.6,25.533,1,crime,2,US,1
tm54450,Christine,MOVIE,1983,1980,R,110,0,,6.7,81922.0,6.8,23.418,1,horror,3,US,1
ts22082,Knight Rider,SHOW,1982,1980,TV-PG,51,0,4.0,6.9,34115.0,7.5,50.267,1,scifi,4,US,1
ts21715,Thomas & Friends,SHOW,1984,1980,TV-Y,10,0,24.0,6.5,5104.0,6.5,42.196,1,animation,7,GB,1
ts20678,Saved by the Bell,SHOW,1989,1980,TV-G,23,0,5.0,7.1,35034.0,8.0,19.855,1,family,3,US,1
tm145608,Awakenings,MOVIE,1990,1990,PG-13,120,0,,7.8,139240.0,7.8,12.23,1,drama,2,US,1
ts25028,Wheel of Fortune,SHOW,1983,1980,TV-G,26,0,39.0,6.7,3145.0,6.8,5.935,1,family,1,US,1
tm147710,National Lampoon's Christmas Vacation,MOVIE,1989,1980,PG-13,97,0,,7.5,185760.0,7.2,18.862,1,comedy,2,US,1
tm142895,Lean On Me,MOVIE,1989,1980,PG-13,105,0,,7.4,20680.0,7.3,19.449,1,drama,1,US,1
tm20712,Eddie Murphy Raw,MOVIE,1987,1980,R,90,0,,7.6,19757.0,7.3,7.992,1,comedy,2,US,1
tm117580,She's Gotta Have It,MOVIE,1986,1980,R,84,0,,6.7,14472.0,6.707,7.416,1,romance,2,US,1
ts23753,Major Dad,SHOW,1989,1980,TV-PG,24,0,4.0,6.5,2922.0,6.5,9.849,1,comedy,2,US,1
tm130586,Endless Love,MOVIE,1981,1980,R,116,0,,4.9,8524.0,5.7,19.116,1,romance,2,US,1
ts987,Danger Mouse,SHOW,1981,1980,TV-Y,14,0,10.0,7.4,3545.0,7.5,8.55,1,animation,5,GB,1
tm721687,Vaashi,MOVIE,1983,1980,Not Rated,123,0,,6.7,388.0,,3.79,1,drama,2,IN,1
tm40103,Mobile Suit Gundam: Char's Counterattack,MOVIE,1988,1980,Not Rated,119,0,,7.3,1693.0,6.7,8.092,1,scifi,5,JP,1
tm125985,Mobile Suit Gundam II: Soldiers of Sorrow,MOVIE,1981,1980,Not Rated,133,0,,7.2,1274.0,7.2,13.125,1,animation,5,JP,1
ts2760,Fireman Sam,SHOW,1987,1980,TV-Y,10,0,13.0,6.1,1785.0,7.2,37.647,1,animation,5,GB,1
tm21953,Sam Kinison: Breaking the Rules,MOVIE,1987,1980,R,50,0,,7.2,660.0,7.2,1.843,1,comedy,2,US,1
tm126769,Waiting for the Hearse,MOVIE,1985,1980,Not Rated,87,0,,8.0,6399.0,8.1,7.81,1,comedy,1,AR,1
tm152839,Tim Allen: Men Are Pigs,MOVIE,1990,1990,Not Rated,30,0,,6.1,360.0,6.3,2.482,1,comedy,2,US,1
tm49037,Mobile Suit Gundam III: Encounters in Space,MOVIE,1982,1980,Not Rated,144,0,,7.6,1236.0,7.5,12.741,1,action,5,JP,1
tm62924,Monty Python Live at the Hollywood Bowl,MOVIE,1982,1980,R,81,0,,7.9,15230.0,7.4,6.833,1,comedy,2,GB,1
tm52815,Disco Dancer,MOVIE,1982,1980,Not Rated,106,0,,6.4,1476.0,5.3,7.879,1,drama,2,IN,1
tm159912,Agneepath,MOVIE,1990,1990,Not Rated,174,0,,7.6,8947.0,6.5,4.062,1,drama,3,IN,1
tm133914,Parrot Sketch Not Included: Twenty Years of Monty Python,MOVIE,1989,1980,Not Rated,72,0,,8.1,1522.0,6.9,1.801,1,comedy,1,GB,1
tm38736,Too Young The Hero,MOVIE,1988,1980,Not Rated,100,0,,6.7,502.0,6.2,1.485,1,drama,2,US,1
tm51083,A Stoning in Fulham County,MOVIE,1988,1980,Not Rated,120,0,,5.9,387.0,5.8,1.01,1,thriller,3,US,1
tm137013,The Ryan White Story,MOVIE,1989,1980,Not Rated,102,0,,7.2,863.0,5.9,1.981,1,drama,1,US,1
tm157603,Dil,MOVIE,1990,1990,Not Rated,172,0,,6.6,5316.0,6.5,3.992,1,drama,3,IN,1
tm258072,Adam: His Song Continues,MOVIE,1986,1980,Not Rated,100,0,,7.0,212.0,7.0,1.603,1,crime,2,US,1
tm114356,The George McKenna Story,MOVIE,1988,1980,Not Rated,100,0,,6.0,921.0,6.1,2.296,1,drama,1,US,1
tm157853,In Defense of a Married Man,MOVIE,1990,1990,Not Rated,94,0,,5.6,207.0,4.9,2.444,1,drama,2,US,1
tm132164,Bill Hicks: Sane Man,MOVIE,1989,1980,R,80,0,,,,7.5,3.377,1,comedy,1,US,1
tm446654,Mujrim,MOVIE,1989,1980,Not Rated,162,0,,5.4,197.0,6.0,1.418,1,drama,3,IN,1
tm348735,Aakhri Adaalat,MOVIE,1988,1980,Not Rated,148,0,,5.1,92.0,5.0,1.374,1,action,3,IN,1
tm151332,"Alexandria, Again and Forever",MOVIE,1989,1980,Not Rated,105,0,,6.5,658.0,5.3,0.817,1,drama,1,FR,2
tm342996,Duniya,MOVIE,1984,1980,Not Rated,170,0,,6.3,245.0,,1.394,1,action,2,IN,1
tm24110,Strange Voices,MOVIE,1987,1980,Not Rated,100,0,,6.3,360.0,6.8,2.76,1,drama,1,US,1
tm371359,Jaal,MOVIE,1986,1980,Not Rated,159,0,,5.2,125.0,5.0,3.366,1,action,3,IN,1
tm55091,Quiet Victory: The Charlie Wedemeyer Story,MOVIE,1988,1980,Not Rated,100,0,,7.2,144.0,8.0,2.246,1,drama,1,US,1
ts63001,High Risk,SHOW,1988,1980,TV-PG,50,0,1.0,3.8,6.0,,1.4,1,comedy,1,US,1
tm311264,Muqaddar Ka Faisla,MOVIE,1987,1980,Not Rated,172,0,,4.8,69.0,,2.236,1,action,4,IN,1
tm411457,Pyar Ke Do Pal,MOVIE,1986,1980,Not Rated,125,0,,6.1,66.0,,1.756,1,drama,2,IN,1
tm172482,Sohni Mahiwal,MOVIE,1984,1980,Not Rated,160,0,,6.1,297.0,5.8,6.052,1,romance,3,IN,1
tm419052,Ek Jaan Hain Hum,MOVIE,1983,1980,Not Rated,151,0,,6.3,70.0,7.0,0.986,1,family,2,IN,1
tm47673,An Egyptian Story,MOVIE,1982,1980,Not Rated,129,0,,7.3,1126.0,6.7,1.77,1,drama,2,EG,1
tm52274,The Little Wars,MOVIE,1982,1980,Not Rated,108,0,,6.3,152.0,5.5,1.956,1,war,3,FR,2
tm147829,Unspeakable Acts,MOVIE,1990,1990,Not Rated,100,0,,6.1,464.0,5.3,2.075,1,drama,1,US,1
ts20981,Survivor,SHOW,2000,2000,TV-PG,48,0,42.0,7.4,24687.0,7.4,54.19,1,reality,1,US,1
tm107744,Mission: Impossible,MOVIE,1996,1990,PG-13,110,0,,7.1,420673.0,6.9,41.115,1,thriller,2,US,1
ts22176,Stargate SG-1,SHOW,1997,1990,TV-PG,44,0,10.0,8.4,90196.0,8.3,88.851,1,scifi,3,CA,2
tm15897,Se7en,MOVIE,1995,1990,R,127,0,,8.6,1606270.0,8.352,51.633,1,crime,3,US,1
ts21223,Pokémon,SHOW,1997,1990,TV-Y7,22,0,25.0,7.4,198.0,7.633,115.356,1,action,6,JP,1
tm191013,Boogie Nights,MOVIE,1997,1990,R,156,0,,7.9,261563.0,7.6,20.436,1,drama,1,US,1
tm122434,Forrest Gump,MOVIE,1994,1990,PG-13,142,0,,8.8,2021343.0,8.478,63.449,1,drama,2,US,1
tm25947,Snatch,MOVIE,2000,2000,R,103,0,,8.3,841435.0,7.8,25.203,1,crime,2,US,2
tm43808,The Talented Mr. Ripley,MOVIE,1999,1990,R,139,0,,7.4,207524.0,7.2,13.78,1,thriller,3,US,1
ts20339,One Piece,SHOW,1999,1990,TV-14,23,0,21.0,8.8,117129.0,8.764,143.457,1,animation,5,JP,1
ts5145,The Challenge,SHOW,1998,1990,TV-14,40,0,37.0,7.8,3362.0,7.7,18.075,1,reality,4,US,1
tm191110,Titanic,MOVIE,1997,1990,PG-13,194,0,,7.9,1146825.0,7.878,155.683,1,drama,2,US,1
ts34435,Cowboy Bebop,SHOW,1998,1990,TV-14,25,0,1.0,8.9,115448.0,8.522,35.402,1,animation,7,JP,1
tm192037,Starship Troopers,MOVIE,1997,1990,R,129,0,,7.3,291452.0,6.993,29.5,1,scifi,3,US,1
tm27395,Mission: Impossible II,MOVIE,2000,2000,PG-13,123,0,,6.1,337987.0,6.1,29.392,1,thriller,2,US,1
tm113513,Dumb and Dumber,MOVIE,1994,1990,PG-13,107,0,,7.3,379999.0,6.6,31.852,1,comedy,1,US,1
ts20983,Neon Genesis Evangelion,SHOW,1995,1990,TV-14,24,0,1.0,8.5,66629.0,8.637,49.27,1,drama,6,JP,1
tm192405,Gattaca,MOVIE,1997,1990,PG-13,106,0,,7.8,300701.0,7.553,17.789,1,scifi,4,US,1
tm116655,Léon: The Professional,MOVIE,1994,1990,R,111,0,,8.5,1137357.0,8.323,51.406,1,crime,5,US,2
ts21567,Gilmore Girls,SHOW,2000,2000,TV-14,46,0,8.0,8.2,121462.0,7.827,58.578,1,comedy,2,US,1
tm116488,Natural Born Killers,MOVIE,1994,1990,R,118,0,,7.3,11.0,7.1,21.933,1,thriller,4,US,1
tm11556,The Quick and the Dead,MOVIE,1995,1990,R,107,0,,6.5,93767.0,6.5,13.056,1,action,4,JP,2
tm56574,You've Got Mail,MOVIE,1998,1990,PG,119,0,,6.7,211635.0,6.643,21.724,1,comedy,3,US,1
ts20960,Power Rangers,SHOW,1993,1990,TV-Y7,22,0,29.0,6.5,22110.0,6.8,19.699,1,action,4,US,1
tm53991,Big Daddy,MOVIE,1999,1990,PG-13,93,0,,6.4,215053.0,6.45,26.848,1,drama,3,US,1
tm49178,Vampires,MOVIE,1998,1990,R,104,0,,6.1,58670.0,6.3,10.108,1,fantasy,4,US,1
ts25252,Yu-Gi-Oh!,SHOW,1998,1990,TV-Y,22,0,7.0,7.3,21113.0,7.358,33.504,1,scifi,7,JP,1
tm191989,Donnie Brasco,MOVIE,1997,1990,R,127,0,,7.7,303868.0,7.5,22.225,1,drama,3,US,1
ts22193,The Magic School Bus,SHOW,1994,1990,TV-Y,26,0,4.0,7.8,9829.0,7.8,16.83,1,animation,5,CA,2
ts22489,Goosebumps,SHOW,1995,1990,TV-PG,22,0,4.0,7.6,13493.0,7.9,63.687,1,scifi,6,US,2
ts21034,InuYasha,SHOW,2000,2000,TV-14,25,0,9.0,7.9,15823.0,8.6,62.355,1,scifi,7,JP,1
tm121879,A River Runs Through It,MOVIE,1992,1990,PG,123,0,,7.2,59854.0,7.1,19.58,1,drama,1,US,1
tm44402,"Girl, Interrupted",MOVIE,1999,1990,R,127,0,,7.3,183154.0,7.6,20.424,1,drama,2,DE,2
tm187187,Last Action Hero,MOVIE,1993,1990,PG-13,131,0,,6.4,150498.0,6.379,22.196,1,action,4,US,1
ts16919,All That,SHOW,1994,1990,TV-G,22,0,11.0,7.5,7718.0,8.4,6.688,1,comedy,3,US,1
tm6859,My Girl,MOVIE,1991,1990,PG,103,0,,6.9,80590.0,7.4,20.545,1,drama,5,US,1
tm118238,Wyatt Earp,MOVIE,1994,1990,PG-13,191,0,,6.7,50774.0,6.751,14.677,1,western,4,US,1
tm111163,Eraser,MOVIE,1996,1990,R,115,0,,6.1,110921.0,6.0,19.437,1,thriller,4,US,2
tm190835,Neon Genesis Evangelion: The End of Evangelion,MOVIE,1997,1990,Not Rated,87,0,,8.0,53152.0,8.4,32.569,1,action,5,JP,1
tm192769,Vegas Vacation,MOVIE,1997,1990,PG,94,0,,5.9,49377.0,6.1,12.537,1,comedy,1,US,1
tm187791,In the Line of Fire,MOVIE,1993,1990,R,128,0,,7.2,102916.0,6.973,19.8,1,drama,4,US,1
tm113576,Little Women,MOVIE,1994,1990,PG,115,0,,7.3,58178.0,7.314,13.683,1,drama,3,US,1
tm65686,U.S. Marshals,MOVIE,1998,1990,PG-13,131,0,,6.5,105286.0,6.5,24.205,1,thriller,3,US,1
ts8570,Barney & Friends,SHOW,1992,1990,TV-G,28,0,14.0,3.8,9624.0,4.9,14.641,1,comedy,2,US,1
tm191387,Anaconda,MOVIE,1997,1990,PG-13,89,0,,4.8,104213.0,5.1,34.405,1,horror,3,PE,3
ts27693,Kenan & Kel,SHOW,1996,1990,TV-Y7,25,0,4.0,7.8,15620.0,8.3,33.544,1,family,2,US,1
tm19494,The Replacements,MOVIE,2000,2000,PG-13,118,0,,6.6,64771.0,6.6,30.982,1,comedy,2,US,1
tm191772,Seven Years in Tibet,MOVIE,1997,1990,PG-13,136,0,,7.1,142903.0,7.2,13.766,1,action,4,US,1
tm12499,The Net,MOVIE,1995,1990,PG-13,114,0,,5.9,66667.0,6.0,15.935,1,thriller,4,US,1
tm186589,Cliffhanger,MOVIE,1993,1990,R,112,0,,6.5,128972.0,6.5,27.78,1,action,4,IT,3
tm189764,Menace II Society,MOVIE,1993,1990,R,97,0,,7.5,58179.0,7.542,13.928,1,drama,3,US,1
tm10739,Johnny Mnemonic,MOVIE,1995,1990,R,97,0,,5.6,71563.0,5.7,10.75,1,action,4,CA,2
tm1822,3 Ninjas Kick Back,MOVIE,1994,1990,PG,93,0,,4.5,9321.0,5.5,12.603,1,comedy,4,JP,2
tm55369,Edge of Seventeen,MOVIE,1998,1990,R,104,0,,6.8,6549.0,6.5,6.276,1,romance,3,US,1
ts251477,My First Errand,SHOW,1991,1990,TV-G,18,0,12.0,,,7.8,7.73,1,documentation,3,JP,1
tm192431,The Devil's Own,MOVIE,1997,1990,R,107,0,,6.2,65323.0,6.1,12.863,1,crime,5,US,1
ts22286,Cardcaptor Sakura,SHOW,1998,1990,TV-Y7,25,0,4.0,8.0,5008.0,8.7,35.757,1,scifi,8,JP,1
tm192199,Spawn,MOVIE,1997,1990,PG-13,96,0,,5.2,68184.0,5.343,16.989,1,scifi,4,US,1
ts11397,Adventures of Sonic the Hedgehog,SHOW,1993,1990,TV-Y7,22,0,4.0,6.2,3902.0,6.3,13.313,1,scifi,7,US,1
tm56033,Croupier,MOVIE,1998,1990,R,94,0,,7.0,21599.0,6.8,8.381,1,drama,3,IE,4
ts21581,Girlfriends,SHOW,2000,2000,TV-PG,21,0,8.0,7.2,4528.0,7.7,12.163,1,drama,2,US,1
tm117488,The Next Karate Kid,MOVIE,1994,1990,PG,107,0,,4.5,30422.0,5.318,20.185,1,action,5,US,1
tm190811,Geronimo: An American Legend,MOVIE,1993,1990,PG-13,115,0,,6.5,11709.0,6.3,8.136,1,western,3,US,1
tm191431,Double Team,MOVIE,1997,1990,R,93,0,,4.8,34396.0,5.1,14.599,1,action,4,HK,2
tm10811,Heavy,MOVIE,1995,1990,R,105,0,,6.8,5047.0,6.8,3.308,1,drama,2,US,1
tm49839,The Players Club,MOVIE,1998,1990,R,104,0,,5.9,6676.0,6.3,9.25,1,comedy,2,US,1
ts20918,The Parkers,SHOW,1999,1990,TV-PG,19,0,5.0,6.8,2377.0,8.1,5.745,1,comedy,1,US,1
ts21693,"Sister, Sister",SHOW,1994,1990,TV-PG,22,0,6.0,6.2,12657.0,7.5,21.489,1,comedy,3,US,1
ts20939,Moesha,SHOW,1996,1990,TV-PG,21,0,6.0,5.8,3747.0,7.0,10.901,1,drama,3,US,1
ts21684,Heartbreak High,SHOW,1994,1990,TV-MA,45,0,7.0,7.8,3139.0,7.3,7.222,1,drama,3,AU,1
ts22080,Oggy and the Cockroaches,SHOW,1999,1990,TV-Y7,9,0,7.0,7.4,4281.0,7.5,40.189,1,animation,5,FR,1
tm67635,Kuch Kuch Hota Hai,MOVIE,1998,1990,G,185,0,,7.6,52036.0,7.7,12.35,1,romance,3,IN,1
tm320211,Children of God,MOVIE,1994,1990,Not Rated,63,0,,6.3,612.0,6.4,0.685,1,documentation,1,GB,1
tm7073,Knight Rider 2000,MOVIE,1991,1990,G,91,0,,4.5,3207.0,5.1,7.945,1,action,2,US,1
ts28516,Okupas,SHOW,2000,2000,TV-MA,40,0,1.0,9.0,2399.0,8.8,8.565,1,drama,2,AR,1
tm117873,Hum Aapke Hain Koun..!,MOVIE,1994,1990,Not Rated,206,0,,7.5,21123.0,6.5,6.314,1,drama,3,IN,1
tm55100,Dil Se..,MOVIE,1998,1990,PG-13,163,0,,7.5,28586.0,6.8,7.811,1,drama,2,IN,1
tm64817,Jerry Seinfeld: I'm Telling You for the Last Time,MOVIE,1998,1990,G,75,0,,7.9,5879.0,7.6,5.822,1,comedy,2,US,1
ts22039,H,SHOW,1998,1990,TV-MA,25,0,4.0,7.4,1727.0,7.6,7.905,1,comedy,1,FR,1
tm188606,Sankofa,MOVIE,1993,1990,Not Rated,124,0,,7.0,692.0,6.5,1.858,1,drama,2,DE,5
tm41525,Herod's Law,MOVIE,1999,1990,R,123,0,,7.8,6035.0,7.9,10.506,1,comedy,3,MX,1
tm189171,Wild Tango,MOVIE,1993,1990,R,124,0,,6.7,1584.0,6.1,5.092,1,drama,3,ES,2
tm63514,The Last Days,MOVIE,1998,1990,PG-13,87,0,,7.9,4378.0,7.8,3.766,1,drama,4,US,1
tm21911,Sam Kinison: Live in Vegas,MOVIE,1991,1990,Not Rated,72,0,,6.6,276.0,6.0,0.656,1,comedy,3,US,1
tm188970,Bill Hicks: Revelations,MOVIE,1993,1990,Not Rated,74,0,,8.5,3098.0,8.1,3.784,1,comedy,2,GB,1
tm12876,Bombay,MOVIE,1995,1990,Not Rated,141,0,,8.1,12629.0,7.2,4.99,1,drama,2,IN,1
ts224786,Escalona,SHOW,1991,1990,TV-MA,44,0,1.0,,,7.6,7.352,1,drama,1,CO,1
tm62176,Mann,MOVIE,1999,1990,Not Rated,174,0,,6.1,5451.0,6.7,2.595,1,drama,2,IN,1
tm52871,Soldier,MOVIE,1998,1990,Not Rated,156,0,,6.2,3063.0,5.7,3.623,1,thriller,4,IN,1
tm8687,Sam Kinison: Family Entertainment Hour,MOVIE,1991,1990,Not Rated,49,0,,,,6.1,1.84,1,comedy,1,US,1
tm104933,Sinbad: Son of a Preacher Man,MOVIE,1996,1990,Not Rated,56,0,,6.8,116.0,5.8,1.536,1,comedy,2,US,1
tm184326,Damini,MOVIE,1993,1990,Not Rated,175,0,,7.8,3523.0,7.3,3.328,1,drama,2,IN,1
tm62385,Hum Saath Saath Hain,MOVIE,1999,1990,G,177,0,,6.2,8552.0,6.0,7.865,1,romance,4,IN,1
tm191614,Destiny,MOVIE,1997,1990,Not Rated,136,0,,7.1,2857.0,6.7,3.287,1,drama,4,FR,2
tm110766,Chronicle of a Disappearance,MOVIE,1996,1990,Not Rated,88,0,,6.9,733.0,6.7,2.099,1,drama,1,PS,4
tm9898,Muthu,MOVIE,1995,1990,G,165,0,,7.6,3056.0,6.9,3.576,1,comedy,4,IN,1
tm47530,Jeans,MOVIE,1998,1990,Not Rated,175,0,,6.4,3604.0,6.5,3.393,1,comedy,3,IN,1
tm57169,Monty Python: Live at Aspen,MOVIE,1998,1990,Not Rated,58,0,,7.8,1096.0,6.9,2.681,1,comedy,2,GB,2
tm192301,Minsara Kanavu,MOVIE,1997,1990,G,145,0,,6.7,1226.0,6.6,2.316,1,comedy,3,IN,1
tm58893,Duplicate,MOVIE,1998,1990,PG,165,0,,5.5,7618.0,6.0,4.112,1,comedy,4,IN,1
tm110160,Avvai Shanmugi,MOVIE,1996,1990,PG-13,160,0,,7.9,2586.0,7.5,2.828,1,drama,2,IN,1
tm118438,Anjaam,MOVIE,1994,1990,Not Rated,137,0,,6.6,6532.0,7.1,3.806,1,romance,4,IN,1
tm424630,A Triumph of the Heart: The Ricky Bell Story,MOVIE,1991,1990,Not Rated,100,0,,7.2,250.0,5.1,1.533,1,drama,2,US,1
tm27601,Phir Bhi Dil Hai Hindustani,MOVIE,2000,2000,PG-13,160,0,,6.1,7610.0,6.6,7.778,1,comedy,3,IN,1
tm203186,Children of Shatila,MOVIE,1999,1990,Not Rated,50,0,,8.1,78.0,6.7,1.635,1,documentation,2,LB,1
tm128073,Bill Hicks: Relentless,MOVIE,1992,1990,Not Rated,61,0,,,,7.8,3.822,1,comedy,1,GB,1
tm7951,Tim Allen: Rewires America,MOVIE,1991,1990,PG,30,0,,6.0,198.0,7.0,2.297,1,comedy,2,US,1
tm7135,Bill Hicks: One Night Stand,MOVIE,1991,1990,NC-17,30,0,,,,7.5,1.08,1,comedy,1,US,1
tm52083,West Beirut,MOVIE,1998,1990,PG-13,105,0,,7.6,4221.0,7.3,3.308,1,romance,5,FR,4
tm340430,Govindha Govindha,MOVIE,1993,1990,Not Rated,145,0,,6.6,356.0,4.0,1.248,1,drama,3,IN,1
tm7032,Out of Life,MOVIE,1991,1990,Not Rated,97,0,,6.9,376.0,6.2,2.481,1,drama,4,BE,4
tm256669,Gumrah,MOVIE,1993,1990,Not Rated,149,0,,6.1,795.0,6.7,1.763,1,drama,4,IN,1
tm64729,Sinbad: Nothin' but the Funk,MOVIE,1998,1990,Not Rated,56,0,,6.3,65.0,5.2,1.83,1,comedy,2,US,1
tm184224,Sinbad: Afros and Bellbottoms,MOVIE,1993,1990,PG-13,60,0,,7.8,172.0,5.5,3.793,1,comedy,2,US,1
tm25389,Fiza,MOVIE,2000,2000,Not Rated,170,0,,6.0,4213.0,6.3,2.835,1,romance,5,IN,1
tm34391,Before the Flying Circus,MOVIE,2000,2000,Not Rated,55,0,,7.3,168.0,8.5,1.444,1,comedy,2,GB,1
tm44776,The Other,MOVIE,1999,1990,Not Rated,106,0,,5.9,997.0,5.9,1.12,1,romance,3,FR,2
tm334788,Yodha,MOVIE,1991,1990,Not Rated,142,0,,4.5,198.0,5.0,1.554,1,action,2,IN,1
tm117840,The Emigrant,MOVIE,1994,1990,Not Rated,129,0,,6.5,1015.0,6.0,1.4,1,drama,1,FR,2
tm42397,Hello Brother,MOVIE,1999,1990,Not Rated,131,0,,4.6,4262.0,5.3,4.338,1,comedy,4,IN,1
tm314602,Dushmani,MOVIE,1995,1990,Not Rated,156,0,,5.0,249.0,7.5,2.045,1,romance,3,IN,1
tm255589,One Last Shot,MOVIE,1998,1990,Not Rated,30,0,,,,5.2,1.89,1,,0,,0
tm7810,Nightmare in Columbia County,MOVIE,1991,1990,Not Rated,100,0,,5.5,345.0,6.0,2.713,1,drama,3,US,1
tm210754,Have You Ever Seen Fireflies? - Theatre Play,MOVIE,1999,1990,Not Rated,118,0,,,,7.6,1.396,1,drama,1,TR,1
tm449775,Shikari,MOVIE,1991,1990,Not Rated,162,0,,5.8,68.0,5.0,1.323,1,drama,2,IN,2
ts4,Breaking Bad,SHOW,2008,2000,TV-MA,48,0,5.0,9.5,1775990.0,8.79,353.848,1,drama,3,US,1
ts20371,Top Gear,SHOW,2002,2000,TV-PG,58,0,32.0,8.7,117240.0,7.4,45.549,1,comedy,4,GB,1
ts9,The Walking Dead,SHOW,2010,2010,TV-MA,46,0,11.0,8.2,956604.0,8.1,597.277,1,action,5,US,1
ts21465,Supernatural,SHOW,2005,2000,TV-14,45,0,15.0,8.4,434081.0,8.278,388.093,1,scifi,5,US,1
tm74402,The Mist,MOVIE,2007,2000,R,126,0,,7.1,305346.0,6.9,37.369,1,horror,3,US,1
tm91952,Mean Girls,MOVIE,2004,2000,PG-13,97,0,,7.1,375975.0,7.2,57.235,1,comedy,1,CA,2
ts288536,The Great British Baking Show,SHOW,2010,2010,TV-PG,57,0,12.0,8.6,9856.0,7.7,5.581,1,reality,2,GB,1
ts12724,30 Rock,SHOW,2006,2000,TV-14,25,0,7.0,8.3,122698.0,7.4,48.88,1,comedy,2,US,1
ts6644,Borgen,SHOW,2010,2010,TV-MA,58,0,4.0,8.5,25485.0,8.1,51.118,1,drama,2,DK,1
ts8308,Community,SHOW,2009,2000,TV-PG,23,0,6.0,8.5,257221.0,8.0,42.357,1,comedy,1,US,1
tm111828,Catch Me If You Can,MOVIE,2002,2000,PG-13,141,0,,8.1,952602.0,8.0,72.321,1,drama,2,US,1
ts21469,Grey's Anatomy,SHOW,2005,2000,TV-14,49,0,19.0,7.6,299165.0,8.252,803.786,1,drama,2,US,1
ts17156,Arrested Development,SHOW,2003,2000,TV-MA,28,0,5.0,8.7,300445.0,8.043,30.131,1,comedy,1,US,1
ts22011,Heartland,SHOW,2007,2000,TV-PG,44,0,15.0,8.4,16337.0,8.3,74.638,1,drama,2,CA,1
ts26091,The Staircase,SHOW,2004,2000,TV-MA,49,0,2.0,7.8,21531.0,7.7,10.922,1,crime,3,FR,1
tm150112,Old School,MOVIE,2003,2000,R,88,0,,7.0,229171.0,6.577,17.131,1,comedy,2,US,1
ts22337,NCIS,SHOW,2003,2000,TV-14,43,0,20.0,7.8,143846.0,7.6,251.622,1,crime,5,US,1
ts3371,Avatar: The Last Airbender,SHOW,2005,2000,TV-Y7,24,0,3.0,9.3,303666.0,8.7,56.915,1,scifi,5,US,1
tm80906,Anchorman: The Legend of Ron Burgundy,MOVIE,2004,2000,PG-13,95,0,,7.1,353118.0,6.7,20.606,1,comedy,1,US,1
ts20604,Friday Night Lights,SHOW,2006,2000,TV-14,43,0,5.0,8.7,65199.0,8.1,19.681,1,drama,2,US,1
ts20573,The IT Crowd,SHOW,2006,2000,TV-14,25,0,5.0,8.5,149586.0,8.108,31.031,1,comedy,2,GB,1
tm92641,Inception,MOVIE,2010,2010,PG-13,148,0,,8.8,2294231.0,8.4,108.284,1,action,4,US,2
ts22099,The Spectacular Spider-Man,SHOW,2008,2000,TV-Y7,22,0,2.0,8.3,14996.0,8.705,41.509,1,action,5,US,1
tm27911,The Departed,MOVIE,2006,2000,R,151,0,,8.5,1296244.0,8.2,33.795,1,drama,4,US,1
ts21464,Zoey 101,SHOW,2005,2000,TV-G,25,0,4.0,6.1,15808.0,8.2,53.044,1,drama,4,US,1
tm88465,Insidious,MOVIE,2010,2010,PG-13,103,0,,6.8,303820.0,6.929,99.129,1,horror,2,CA,2
tm172683,War of the Worlds,MOVIE,2005,2000,PG-13,117,0,,6.5,444229.0,6.474,36.989,1,action,3,US,1
ts11313,DEATH NOTE,SHOW,2006,2000,TV-14,24,0,1.0,9.0,309445.0,8.664,120.545,1,animation,6,JP,1
ts21247,The Vampire Diaries,SHOW,2009,2000,TV-14,42,0,8.0,7.7,314422.0,8.348,479.354,1,drama,6,US,1
ts20305,Naruto,SHOW,2002,2000,TV-PG,23,0,6.0,8.4,96729.0,8.363,218.843,1,animation,6,JP,1
tm42877,Wanted,MOVIE,2008,2000,R,110,0,,6.7,384995.0,6.5,33.101,1,action,4,DE,2
tm39030,Casino Royale,MOVIE,2006,2000,Not Rated,144,0,,8.0,649676.0,7.518,40.164,1,action,3,DE,5
ts21511,My Little Pony: Friendship Is Magic,SHOW,2010,2010,TV-Y7,22,0,9.0,7.6,20910.0,8.1,52.369,1,comedy,7,CA,2
tm997728,Blade Runner: The Final Cut,MOVIE,2007,2000,R,117,0,,,,9.0,0.055091,1,action,3,US,1
ts17942,Chappelle's Show,SHOW,2003,2000,TV-14,21,0,3.0,8.8,63107.0,8.1,14.116,1,comedy,2,US,1
tm89677,The Terminal,MOVIE,2004,2000,PG-13,128,0,,7.4,441752.0,7.3,21.384,1,drama,3,US,1
tm78592,Michael Clayton,MOVIE,2007,2000,R,114,0,,7.2,165109.0,6.7,16.97,1,thriller,3,US,1
tm105329,Road to Perdition,MOVIE,2002,2000,R,117,0,,7.7,265216.0,7.4,18.739,1,thriller,4,US,1
ts30311,Victorious,SHOW,2010,2010,TV-G,25,0,4.0,6.9,24838.0,8.221,71.494,1,comedy,6,US,1
tm139658,Big Fish,MOVIE,2003,2000,PG-13,125,0,,8.0,437650.0,7.769,21.158,1,action,4,US,1
tm26327,The Hurt Locker,MOVIE,2008,2000,R,131,0,,7.5,446904.0,7.3,28.341,1,thriller,3,US,1
tm95477,Troy,MOVIE,2004,2000,R,163,0,,7.3,527447.0,7.1,48.407,1,action,5,MT,3
tm154187,Sherlock Holmes,MOVIE,2009,2000,PG-13,129,0,,7.6,625708.0,7.2,43.297,1,crime,3,AU,4
ts22267,Trailer Park Boys,SHOW,2001,2000,TV-MA,25,0,12.0,8.6,42733.0,8.0,22.603,1,comedy,2,CA,1
tm133767,Love Actually,MOVIE,2003,2000,R,135,0,,7.6,476101.0,7.1,36.484,1,drama,3,GB,2
ts2230,America's Next Top Model,SHOW,2003,2000,TV-14,44,0,24.0,5.6,17905.0,5.3,14.501,1,reality,1,US,1
tm45454,Get Smart,MOVIE,2008,2000,PG-13,110,0,,6.5,216695.0,6.2,22.421,1,comedy,3,US,1
tm26897,Quantum of Solace,MOVIE,2008,2000,PG-13,106,0,,6.6,444241.0,6.304,31.298,1,thriller,2,GB,2
tm133374,The Blind Side,MOVIE,2009,2000,PG-13,129,0,,7.6,327675.0,7.661,63.663,1,drama,2,US,1
tm195620,Apocalypse Now Redux,MOVIE,2001,2000,R,196,0,,,,9.8,4.147341,1,drama,4,US,1
tm136808,Identity,MOVIE,2003,2000,R,90,0,,7.3,240433.0,7.181,19.558,1,thriller,1,US,1
tm70807,I Am Legend,MOVIE,2007,2000,PG-13,101,0,,7.2,745093.0,7.192,69.139,1,scifi,4,US,1
ts19036,The Fairly OddParents,SHOW,2001,2000,TV-Y7,23,0,10.0,7.2,38046.0,7.7,67.192,1,comedy,5,CA,2
tm93055,Grown Ups,MOVIE,2010,2010,PG-13,102,0,,5.9,249934.0,6.333,98.37,1,comedy,3,US,1
tm85811,The Girl Next Door,MOVIE,2004,2000,Not Rated,110,0,,6.7,223380.0,6.7,37.315,1,comedy,3,US,1
ts22456,Ned's Declassified School Survival Guide,SHOW,2004,2000,TV-G,25,0,3.0,7.4,17864.0,8.6,33.115,1,family,2,US,1
tm101914,The Fighter,MOVIE,2010,2010,R,115,0,,,,7.4,17.007,1,drama,1,US,1
tm131038,Public Enemies,MOVIE,2009,2000,R,140,0,,7.0,300773.0,6.7,85.039,1,action,5,US,2
tm58382,Not Another Teen Movie,MOVIE,2001,2000,R,89,0,,5.7,105352.0,5.8,36.438,1,comedy,1,US,1
tm35463,Blow,MOVIE,2001,2000,R,124,0,,7.5,258431.0,7.4,24.348,1,crime,2,US,1
tm30603,Hancock,MOVIE,2008,2000,PG-13,92,0,,6.4,476593.0,6.33,121.985,1,fantasy,4,US,1
ts22018,iCarly,SHOW,2007,2000,TV-G,26,0,6.0,6.7,38877.0,8.0,100.996,1,comedy,3,US,1
tm20959,The Pursuit of Happyness,MOVIE,2006,2000,PG-13,117,0,,8.0,501457.0,7.9,47.893,1,drama,2,US,1
tm136308,Monster,MOVIE,2003,2000,R,110,0,,7.3,150339.0,7.2,16.309,1,crime,4,US,1
tm29737,Rambo,MOVIE,2008,2000,R,92,0,,7.0,230333.0,6.6,72.224,1,action,4,DE,2
tm148270,Something's Gotta Give,MOVIE,2003,2000,PG-13,128,0,,6.7,121364.0,6.6,14.619,1,drama,3,US,1
tm89036,Harold & Kumar Go to White Castle,MOVIE,2004,2000,R,83,0,,7.0,194695.0,6.5,15.026,1,comedy,1,US,1
tm46436,Thir13en Ghosts,MOVIE,2001,2000,R,91,0,,5.6,87083.0,6.2,50.592,1,horror,3,CA,2
ts21197,Merlin,SHOW,2008,2000,TV-PG,44,0,5.0,7.9,80927.0,7.9,74.931,1,action,5,GB,1
ts21544,Transformers: Prime,SHOW,2010,2010,TV-Y7,22,0,4.0,7.9,6636.0,8.0,28.925,1,action,6,US,1
tm150260,Cloudy with a Chance of Meatballs,MOVIE,2009,2000,PG,90,0,,6.9,229274.0,6.6,58.945,1,animation,7,US,1
ts31263,The Mole,SHOW,2001,2000,TV-14,47,0,5.0,7.6,1155.0,7.8,2.189,1,reality,1,BE,2
ts30313,Offspring,SHOW,2010,2010,Not Rated,44,0,7.0,8.3,4880.0,7.0,10.243,1,drama,2,AU,1
tm79895,Halloween,MOVIE,2007,2000,R,109,0,,6.0,119606.0,6.2,38.491,1,horror,1,US,1
ts12787,Code Geass: Lelouch of the Rebellion,SHOW,2006,2000,TV-14,24,0,3.0,8.7,62367.0,8.493,35.011,1,scifi,6,JP,1
tm116324,Jackass: The Movie,MOVIE,2002,2000,R,88,0,,6.6,94423.0,6.3,25.23,1,comedy,3,US,1
tm39828,Semi-Pro,MOVIE,2008,2000,R,94,0,,5.8,82159.0,5.6,12.789,1,comedy,3,US,1
tm23935,The Lake House,MOVIE,2006,2000,PG,99,0,,6.8,149070.0,7.0,16.31,1,drama,5,US,1
tm78067,The Girl Next Door,MOVIE,2007,2000,R,91,0,,6.5,26293.0,6.7,13.131,1,crime,4,US,1
tm95252,The Book of Eli,MOVIE,2010,2010,R,118,0,,6.8,314920.0,6.8,30.476,1,scifi,5,US,1
tm32919,Blood Diamond,MOVIE,2006,2000,R,143,0,,8.0,541547.0,7.5,47.39,1,drama,3,DE,2
tm169949,Just Like Heaven,MOVIE,2005,2000,PG-13,95,0,,6.7,108029.0,6.9,17.486,1,romance,4,US,1
tm30205,Ip Man,MOVIE,2008,2000,R,106,0,,8.0,222372.0,7.7,21.074,1,drama,5,HK,1
tm40009,21,MOVIE,2008,2000,PG-13,123,0,,6.8,249016.0,6.7,27.013,1,crime,4,US,1
tm141390,Friday the 13th,MOVIE,2009,2000,R,97,0,,5.5,106970.0,5.8,45.551,1,horror,2,US,1
ts35155,Gurren Lagann,SHOW,2007,2000,TV-14,24,0,1.0,8.3,17024.0,8.2,27.924,1,action,5,JP,1
tm94606,Let Me In,MOVIE,2010,2010,R,116,0,,7.1,121008.0,6.8,22.791,1,drama,5,GB,2
ts15986,Dead Set,SHOW,2008,2000,TV-MA,141,0,1.0,7.6,19812.0,7.3,9.68,1,scifi,7,GB,1
tm102337,A Nightmare on Elm Street,MOVIE,2010,2010,R,95,0,,5.2,99894.0,5.5,39.672,1,horror,4,US,1
ts22318,Winx Club,SHOW,2004,2000,TV-G,23,0,8.0,6.2,6700.0,8.222,25.633,1,animation,7,IT,1
tm159901,Miss Congeniality 2: Armed and Fabulous,MOVIE,2005,2000,PG-13,115,0,,5.1,74637.0,5.7,21.495,1,action,3,US,1
tm74780,The Bucket List,MOVIE,2007,2000,PG-13,97,0,,7.4,244028.0,7.2,22.0,1,drama,3,US,1
ts30356,Octonauts,SHOW,2010,2010,TV-Y,15,0,7.0,7.6,1083.0,7.4,40.327,1,action,4,GB,1
ts32186,Sonic X,SHOW,2003,2000,TV-Y7,21,0,3.0,6.2,4709.0,7.5,37.945,1,family,8,JP,1
tm24088,Scary Movie 4,MOVIE,2006,2000,PG-13,83,0,,5.1,120997.0,5.5,83.018,1,comedy,2,US,1
tm111600,The Sweetest Thing,MOVIE,2002,2000,R,84,0,,5.1,58884.0,5.5,10.625,1,comedy,2,US,1
tm88045,How Do You Know,MOVIE,2010,2010,PG-13,121,0,,5.4,50383.0,5.251,9.889,1,comedy,3,US,1
tm78919,Mr. Bean's Holiday,MOVIE,2007,2000,G,90,0,,6.4,125160.0,6.3,32.512,1,family,3,US,4
tm173066,The Interpreter,MOVIE,2005,2000,PG-13,128,0,,6.4,106781.0,6.299,12.694,1,thriller,3,GB,4
tm118637,John Q,MOVIE,2002,2000,PG-13,116,0,,7.0,133215.0,7.121,32.229,1,drama,3,US,1
tm142564,3 Idiots,MOVIE,2009,2000,PG-13,170,0,,8.4,390739.0,8.0,44.999,1,drama,2,IN,1
tm57190,The One,MOVIE,2001,2000,PG-13,87,0,,5.9,92007.0,6.1,21.223,1,thriller,3,US,1
ts21706,H2O: Just Add Water,SHOW,2006,2000,TV-PG,25,0,3.0,7.2,15179.0,7.8,30.832,1,scifi,4,AU,1
tm137362,The Texas Chainsaw Massacre,MOVIE,2003,2000,R,98,0,,6.2,141736.0,6.2,80.47,1,horror,2,US,1
ts24028,Still Game,SHOW,2002,2000,TV-14,29,0,9.0,8.9,7689.0,8.3,5.128,1,comedy,2,GB,1
tm148379,The Cat in the Hat,MOVIE,2003,2000,PG,82,0,,4.0,82684.0,5.3,66.8,1,family,4,US,1
tm137342,Tears of the Sun,MOVIE,2003,2000,R,121,0,,6.6,121957.0,6.797,43.254,1,war,4,US,1
tm90864,Due Date,MOVIE,2010,2010,R,95,0,,6.5,341390.0,6.3,36.06,1,comedy,2,US,1
ts21740,Black Butler,SHOW,2008,2000,TV-MA,25,0,3.0,8.2,1877.0,7.5,36.122,1,scifi,9,JP,1
tm32144,We Are Marshall,MOVIE,2006,2000,PG,131,0,,7.0,61345.0,6.9,13.173,1,drama,2,US,1
tm141707,Blood and Bone,MOVIE,2009,2000,R,93,0,,6.7,33051.0,7.4,33.787,1,thriller,5,US,1
tm150214,Freddy vs. Jason,MOVIE,2003,2000,R,97,0,,5.7,118925.0,6.0,65.747,1,horror,2,IT,2
tm81030,The Golden Compass,MOVIE,2007,2000,PG-13,113,0,,6.1,187485.0,6.0,20.255,1,action,3,GB,2
ts687,The 4400,SHOW,2004,2000,TV-14,44,0,4.0,7.3,45249.0,7.2,37.169,1,drama,3,US,1
tm147211,The Men Who Stare at Goats,MOVIE,2009,2000,R,94,0,,6.2,132177.0,6.0,19.022,1,comedy,2,US,2
ts31514,Strawberry Shortcake,SHOW,2003,2000,TV-Y,23,0,4.0,7.0,13.0,6.9,31.584,1,animation,2,US,1
ts33559,Shaun the Sheep,SHOW,2007,2000,TV-G,7,0,6.0,8.1,28.0,7.9,31.375,1,animation,4,GB,1
tm78671,Cleaner,MOVIE,2007,2000,R,88,0,,6.1,42285.0,6.0,11.509,1,thriller,2,US,1
ts26322,Toradora!,SHOW,2008,2000,TV-14,30,0,2.0,8.0,14828.0,8.5,24.352,1,animation,4,JP,1
ts12815,Big Time Rush,SHOW,2009,2000,TV-G,25,0,4.0,6.3,12288.0,8.774,55.706,1,family,2,US,1
tm27268,Monster House,MOVIE,2006,2000,PG,91,0,,6.6,117008.0,6.6,51.891,1,animation,4,US,1
tm86189,Good Luck Chuck,MOVIE,2007,2000,Not Rated,101,0,,5.6,90212.0,5.9,30.423,1,comedy,2,US,2
tm700,"10,000 BC",MOVIE,2008,2000,PG-13,109,0,,5.1,130813.0,5.4,24.671,1,action,5,US,2
tm101249,Cop Out,MOVIE,2010,2010,R,107,0,,5.5,88026.0,5.6,13.63,1,crime,4,US,1
tm161263,The Cave,MOVIE,2005,2000,PG-13,97,0,,5.1,38734.0,5.3,13.695,1,horror,5,DE,2
tm81270,Starsky & Hutch,MOVIE,2004,2000,PG-13,101,0,,6.1,146880.0,5.8,13.938,1,comedy,2,US,1
tm89684,New York Minute,MOVIE,2004,2000,PG,87,0,,4.9,23476.0,6.2,11.818,1,comedy,4,US,1
tm165593,Rumor Has It...,MOVIE,2005,2000,PG-13,97,0,,5.5,58247.0,5.6,13.521,1,romance,3,DE,2
tm112381,Comedian,MOVIE,2002,2000,R,82,0,,6.9,6985.0,6.7,4.854,1,comedy,2,US,1
tm39487,Catch and Release,MOVIE,2006,2000,PG-13,111,0,,5.9,26528.0,5.9,9.435,1,drama,3,US,1
ts23752,Midnight Diner,SHOW,2009,2000,TV-MA,27,0,5.0,8.6,2256.0,7.9,7.356,1,drama,2,JP,1
tm43399,Lagaan: Once Upon a Time in India,MOVIE,2001,2000,PG,224,0,,8.1,111053.0,7.3,10.097,1,romance,4,IN,1
ts21421,Pocoyo,SHOW,2005,2000,TV-G,11,0,4.0,3.9,93.0,7.1,27.339,1,animation,4,GB,2
ts22005,Total Drama Island,SHOW,2007,2000,TV-PG,23,0,6.0,7.3,10886.0,7.3,16.655,1,war,7,CA,1
ts20398,Kath & Kim,SHOW,2002,2000,Not Rated,24,0,4.0,8.3,4261.0,6.6,3.926,1,comedy,1,AU,1
tm186461,No Direction Home: Bob Dylan,MOVIE,2005,2000,G,208,0,,,,7.7,7.58,1,documentation,2,GB,3
tm29555,Friends with Money,MOVIE,2006,2000,R,88,0,,5.8,30468.0,5.1,11.86,1,comedy,3,US,1
tm103095,Ip Man 2,MOVIE,2010,2010,R,108,0,,7.5,104500.0,7.5,4.516,1,drama,4,HK,2
tm97070,Life As We Know It,MOVIE,2010,2010,PG-13,114,0,,6.5,131623.0,6.9,40.534,1,comedy,3,US,1
tm101334,Death at a Funeral,MOVIE,2010,2010,R,92,0,,5.7,49901.0,5.8,15.989,1,comedy,2,US,1
tm183963,Dreamer: Inspired By a True Story,MOVIE,2005,2000,PG,106,0,,6.8,13205.0,6.9,10.235,1,family,4,US,1
tm76428,Jackass 2.5,MOVIE,2007,2000,Not Rated,61,0,,,,6.1,28.197,1,documentation,2,US,1
tm77649,Premonition,MOVIE,2007,2000,PG-13,96,0,,5.9,78494.0,6.3,14.21,1,thriller,3,US,1
tm86924,Soul Plane,MOVIE,2004,2000,R,86,0,,4.5,23048.0,5.3,21.864,1,romance,2,US,1
ts98340,Metallica: Some Kind of Monster,SHOW,2004,2000,TV-MA,84,0,1.0,,,,0.893,0,western,1,CA,2
tm26638,The Texas Chainsaw Massacre: The Beginning,MOVIE,2006,2000,R,91,0,,5.8,72845.0,6.1,57.763,1,thriller,3,US,1
tm78189,The Contractor,MOVIE,2007,2000,R,98,0,,,,5.6,15.026,1,thriller,2,GB,3
ts20544,Ouran High School Host Club,SHOW,2006,2000,TV-14,23,0,1.0,8.2,9929.0,8.4,18.186,1,comedy,4,JP,1
ts23835,Masha and the Bear,SHOW,2009,2000,TV-Y,7,0,5.0,7.5,3169.0,6.9,38.171,1,family,4,RU,1
tm104880,Louis C.K.: Hilarious,MOVIE,2010,2010,Not Rated,84,0,,8.4,12089.0,7.9,5.717,1,comedy,1,US,1
ts30288,Mobile Suit Gundam Unicorn,SHOW,2010,2010,TV-14,36,0,2.0,7.8,1291.0,7.9,10.936,1,scifi,5,JP,1
ts38159,Wakfu,SHOW,2008,2000,TV-Y7,22,0,3.0,8.1,1497.0,8.9,19.736,1,action,6,FR,1
tm22294,Deck the Halls,MOVIE,2006,2000,PG,93,0,,5.0,27936.0,5.5,11.999,1,family,2,US,1
tm100015,Takers,MOVIE,2010,2010,PG-13,107,0,,6.2,62464.0,6.228,15.872,1,action,4,US,1
ts25765,Vampire Knight,SHOW,2008,2000,TV-14,25,0,2.0,7.3,5245.0,8.4,17.547,1,animation,8,JP,1
ts21688,Boys Over Flowers,SHOW,2009,2000,TV-14,64,0,1.0,7.9,11902.0,8.28,80.384,1,comedy,3,KR,1
tm83786,Like Stars on Earth,MOVIE,2007,2000,PG,165,0,,8.3,189685.0,8.012,17.66,1,drama,2,IN,1
tm130574,Did You Hear About the Morgans?,MOVIE,2009,2000,PG-13,103,0,,4.9,40551.0,5.4,12.459,1,comedy,3,US,1
tm114476,Stuart Little 2,MOVIE,2002,2000,G,78,0,,5.5,54193.0,5.733,36.691,1,animation,5,US,1
ts20535,The Garfield Show,SHOW,2009,2000,TV-G,17,0,5.0,5.4,2578.0,5.2,25.677,1,animation,4,US,1
ts1893,Ben & Holly's Little Kingdom,SHOW,2009,2000,TV-G,14,0,3.0,7.4,1261.0,6.6,11.735,1,animation,5,GB,1
tm118462,Half Past Dead,MOVIE,2002,2000,PG-13,98,0,,4.6,15740.0,5.2,12.906,1,thriller,4,DE,2
ts12701,Code Lyoko,SHOW,2003,2000,TV-G,24,0,5.0,7.3,5165.0,7.7,9.597,1,action,8,FR,1
ts121176,DreamWorks Shrek's Swamp Stories,SHOW,2010,2010,TV-PG,24,0,1.0,6.5,346.0,8.8,5.014,1,comedy,7,US,1
tm86995,Christmas with the Kranks,MOVIE,2004,2000,PG,99,0,,5.4,49302.0,6.1,17.708,1,comedy,2,US,1
ts20526,The Game,SHOW,2006,2000,TV-14,22,0,10.0,6.6,4449.0,8.4,12.124,1,drama,4,US,1
ts23808,Monty Python: Almost the Truth (The Lawyer's Cut),SHOW,2009,2000,TV-MA,55,0,1.0,8.1,1768.0,7.9,2.422,1,comedy,2,US,1
tm97544,Alpha and Omega,MOVIE,2010,2010,PG,88,0,,5.1,14362.0,5.9,13.523,1,animation,5,CA,3
ts31593,Pororo the Little Penguin,SHOW,2003,2000,Not Rated,9,0,7.0,6.3,91.0,5.0,4.404,1,scifi,4,KR,1
ts27459,The Legend of Bruce Lee,SHOW,2008,2000,Not Rated,45,0,1.0,7.0,1422.0,6.0,21.479,1,action,2,CN,1
ts3666,Den-noh Coil,SHOW,2007,2000,TV-Y7,25,0,1.0,7.8,881.0,7.9,13.045,1,scifi,4,JP,1
tm53999,Open Season 2,MOVIE,2008,2000,PG,76,0,,,,5.8,18.558,1,comedy,1,US,1
tm164557,Initial D,MOVIE,2005,2000,Not Rated,107,0,,6.3,8678.0,6.7,18.607,1,crime,7,JP,2
tm80059,Naruto Shippuden the Movie,MOVIE,2007,2000,PG-13,94,0,,6.7,4090.0,7.2,316.471,1,animation,4,JP,1
tm135451,Gifted Hands: The Ben Carson Story,MOVIE,2009,2000,Not Rated,86,0,,7.6,10881.0,7.8,43.409,1,drama,1,US,1
tm71558,The Legend of the Nahuala,MOVIE,2007,2000,PG,80,0,,6.1,511.0,7.6,47.66,1,fantasy,3,MX,1
tm134235,One Piece: Strong World,MOVIE,2009,2000,PG-13,114,0,,7.5,5467.0,7.5,39.946,1,fantasy,3,JP,1
tm160800,Chaos,MOVIE,2005,2000,R,106,0,,6.4,54900.0,6.3,17.029,1,crime,5,CA,3
tm22342,Waist Deep,MOVIE,2006,2000,R,97,0,,5.8,9990.0,6.6,15.58,1,thriller,4,US,1
ts42914,Zig and Sharko,SHOW,2010,2010,Not Rated,9,0,3.0,6.8,671.0,5.8,19.476,1,comedy,7,FR,1
tm22636,Trailer Park Boys: The Movie,MOVIE,2006,2000,R,95,0,,7.1,12910.0,6.7,6.191,1,comedy,2,CA,1
ts21967,Johnny Test,SHOW,2005,2000,TV-Y7,18,0,6.0,5.1,8322.0,5.6,22.516,1,animation,6,CA,2
tm85549,Tito,MOVIE,2004,2000,Not Rated,120,0,,7.2,3214.0,7.8,1.814,1,documentation,5,EG,1
tm100688,Even the Rain,MOVIE,2010,2010,Not Rated,104,0,,7.4,13533.0,6.9,8.526,1,drama,3,FR,3
tm22493,Katt Williams: The Pimp Chronicles Pt. 1,MOVIE,2006,2000,Not Rated,46,0,,7.6,1819.0,6.5,3.787,1,comedy,2,US,1
ts14102,Bo on the Go!,SHOW,2007,2000,Not Rated,22,0,4.0,4.2,123.0,6.0,1.52,1,animation,1,CA,1
tm103732,Udaan,MOVIE,2010,2010,R,138,0,,8.1,44862.0,7.3,5.019,1,drama,1,IN,1
tm73058,Om Shanti Om,MOVIE,2007,2000,PG,162,0,,6.7,43052.0,7.021,11.847,1,thriller,6,IN,1
tm138497,Trailer Park Boys: Countdown to Liquor Day,MOVIE,2009,2000,R,102,0,,7.3,7488.0,6.8,4.683,1,comedy,2,CA,1
ts20358,Half & Half,SHOW,2002,2000,TV-14,21,0,4.0,7.0,1860.0,8.1,8.06,1,comedy,1,US,1
tm36475,Kabhi Khushi Kabhie Gham,MOVIE,2001,2000,G,210,0,,7.4,49273.0,7.9,13.699,1,drama,2,IN,1
tm144345,Kal Ho Naa Ho,MOVIE,2003,2000,PG,186,0,,7.9,68551.0,7.5,12.001,1,drama,3,IN,1
tm76835,Jab We Met,MOVIE,2007,2000,PG-13,144,0,,7.9,52531.0,7.4,8.69,1,romance,3,IN,1
tm38896,From Within,MOVIE,2008,2000,R,89,0,,5.6,7650.0,5.6,7.282,1,horror,5,US,1
tm86051,Black Friday,MOVIE,2004,2000,R,161,0,,8.4,20768.0,7.4,5.753,1,crime,4,IN,1
ts74931,Kung Fu Panda Awesome Secrets,SHOW,2008,2000,TV-PG,32,0,1.0,7.1,59.0,,,1,action,4,US,1
tm29269,Jodhaa Akbar,MOVIE,2008,2000,PG-13,214,0,,7.5,32440.0,7.4,11.959,1,romance,5,IN,1
ts17028,Dinosaur King,SHOW,2007,2000,Not Rated,20,0,2.0,5.6,737.0,8.2,28.909,1,action,6,JP,1
tm91046,"Cairo 6,7,8",MOVIE,2010,2010,Not Rated,100,0,,7.4,4421.0,7.7,4.431,1,drama,1,EG,1
tm75022,Zach Galifianakis: Live at the Purple Onion,MOVIE,2007,2000,Not Rated,61,0,,7.2,3977.0,7.0,4.43,1,comedy,2,US,1
tm41508,First Sunday,MOVIE,2008,2000,PG-13,96,0,,4.5,10927.0,5.6,8.809,1,comedy,4,US,1
ts67595,El Escamoso,SHOW,2001,2000,TV-14,48,0,1.0,7.5,325.0,7.8,32.626,1,drama,2,CO,1
tm49405,Inuyasha the Movie: Affections Touching Across Time,MOVIE,2001,2000,PG-13,99,0,,7.2,2593.0,7.6,36.262,1,action,3,JP,1
tm82765,Swades,MOVIE,2004,2000,G,189,0,,8.1,89556.0,7.4,10.352,1,drama,2,IN,2
tm33981,Bon Cop Bad Cop,MOVIE,2006,2000,PG-13,116,0,,6.5,61.0,6.4,7.956,1,comedy,6,CA,1
ts52849,Horrid Henry,SHOW,2006,2000,Not Rated,13,0,5.0,6.3,944.0,8.0,2.36,1,animation,6,GB,1
tm95238,The Boy Who Cried Werewolf,MOVIE,2010,2010,G,97,0,,5.9,3315.0,6.4,17.774,1,fantasy,4,US,2
tm32885,Rang De Basanti,MOVIE,2006,2000,PG-13,157,0,,8.1,118477.0,7.2,6.848,1,drama,4,IN,1
ts72322,The Mafia Dolls,SHOW,2009,2000,TV-14,43,0,2.0,6.6,293.0,7.4,27.667,1,drama,2,CO,1
ts63295,Vientos de agua,SHOW,2006,2000,TV-MA,73,0,1.0,8.8,1051.0,8.8,1.41,1,drama,1,AR,2
ts23319,Timmy Time,SHOW,2009,2000,TV-Y,14,0,3.0,6.9,1111.0,6.2,14.959,1,animation,5,GB,1
ts21695,Iris,SHOW,2009,2000,TV-14,61,0,2.0,7.8,1951.0,7.6,9.239,1,action,6,KR,1
tm72587,Guru,MOVIE,2007,2000,PG-13,166,0,,7.7,23708.0,6.7,8.071,1,romance,4,IN,1
tm99776,Whitney Cummings: Money Shot,MOVIE,2010,2010,Not Rated,48,0,,6.2,917.0,5.9,2.718,1,comedy,2,US,1
tm83175,Welcome,MOVIE,2007,2000,Not Rated,160,0,,7.0,22243.0,6.5,8.815,1,drama,5,IN,1
tm139349,Jim Gaffigan: King Baby,MOVIE,2009,2000,Not Rated,72,0,,7.7,2564.0,7.0,4.283,1,comedy,2,US,1
tm59880,Mike Birbiglia: What I Should Have Said Was Nothing,MOVIE,2008,2000,Not Rated,60,0,,7.6,1794.0,7.5,3.826,1,comedy,1,US,1
ts56589,Tayo the Little Bus,SHOW,2010,2010,TV-Y,11,0,6.0,5.3,158.0,6.3,4.871,1,animation,3,KR,1
tm61056,Dil Chahta Hai,MOVIE,2001,2000,G,184,0,,8.1,71586.0,7.0,5.704,1,romance,3,IN,1
tm129763,Anbe Sivam,MOVIE,2003,2000,Not Rated,160,0,,8.7,21167.0,7.5,4.634,1,comedy,2,IN,1
ts21664,One on One,SHOW,2001,2000,TV-14,20,0,5.0,7.0,2323.0,7.9,6.204,1,comedy,1,US,1
tm44378,Tony Manero,MOVIE,2008,2000,Not Rated,97,0,,6.8,4255.0,6.3,3.891,1,drama,2,CL,1
tm25842,A Lion in the House,MOVIE,2006,2000,Not Rated,225,0,,8.7,324.0,6.5,2.821,1,documentation,1,US,1
tm34846,Bleach the Movie: Fade to Black,MOVIE,2008,2000,PG-13,94,0,,7.1,2207.0,7.0,40.732,1,fantasy,4,JP,1
tm71119,Delta Farce,MOVIE,2007,2000,PG-13,90,0,,3.6,11177.0,5.0,10.367,1,comedy,2,US,1
tm170873,My Suicide,MOVIE,2009,2000,R,110,0,,7.0,1981.0,6.1,2.951,1,drama,2,US,1
tm22540,Phir Hera Pheri,MOVIE,2006,2000,Not Rated,155,0,,7.1,23119.0,6.4,8.428,1,comedy,2,IN,1
tm96037,Naruto Shippuden the Movie: The Lost Tower,MOVIE,2010,2010,PG-13,85,0,,6.8,3650.0,7.0,97.631,1,animation,3,JP,1
tm110923,Divine Intervention,MOVIE,2002,2000,Not Rated,92,0,,6.6,3598.0,6.4,2.894,1,romance,4,FR,4
tm168869,Da Kath & Kim Code,MOVIE,2005,2000,Not Rated,90,0,,7.3,928.0,6.4,1.366,1,comedy,1,AU,1
ts37200,Trotro,SHOW,2004,2000,TV-G,3,0,2.0,6.3,122.0,7.2,1.841,1,animation,3,FR,1
tm147686,Kevin Hart: I'm a Grown Little Man,MOVIE,2009,2000,R,73,0,,7.5,4411.0,7.3,6.236,1,comedy,2,US,1
tm93612,Bleach the Movie: Hell Verse,MOVIE,2010,2010,PG-13,94,0,,7.4,2416.0,7.4,53.143,1,fantasy,3,JP,1
tm36164,Naruto Shippuden the Movie: Bonds,MOVIE,2008,2000,PG-13,90,0,,6.8,4551.0,7.2,109.752,1,fantasy,3,JP,1
tm30170,Don,MOVIE,2006,2000,PG-13,167,0,,7.1,37131.0,7.1,8.892,1,thriller,4,IN,1
tm29731,Chup Chup Ke,MOVIE,2006,2000,G,165,0,,6.9,10810.0,6.1,3.942,1,comedy,3,IN,1
tm147494,Naruto Shippuden the Movie: The Will of Fire,MOVIE,2009,2000,PG-13,95,0,,7.0,3702.0,7.3,101.203,1,action,5,JP,1
tm44530,Fashion,MOVIE,2008,2000,PG-13,167,0,,6.9,12533.0,6.3,7.048,1,drama,2,IN,1
tm89936,Arahan,MOVIE,2004,2000,Not Rated,114,0,,6.6,3841.0,6.6,12.181,1,fantasy,4,KR,1
ts98353,DreamWorks Spooky Stories,SHOW,2009,2000,TV-PG,26,0,1.0,6.2,19.0,,0.88,1,animation,1,US,1
ts44663,Oscar's Oasis,SHOW,2010,2010,TV-Y,9,0,1.0,7.4,586.0,7.4,4.963,1,animation,3,FR,1
tm81461,Whisky,MOVIE,2004,2000,Not Rated,99,0,,7.1,6293.0,6.8,5.108,1,comedy,2,AR,4
tm155761,Ajab Prem Ki Ghazab Kahani,MOVIE,2009,2000,PG,150,0,,6.3,14603.0,6.1,6.675,1,comedy,3,IN,1
tm48083,Te quiero,MOVIE,2001,2000,Not Rated,85,0,,5.0,75.0,2.0,0.967,1,drama,3,FR,1
tm84348,Doing Hard Time,MOVIE,2004,2000,R,95,0,,,,5.3,7.867,1,action,3,US,1
tm175687,Sir! No Sir!,MOVIE,2005,2000,Not Rated,85,0,,7.6,783.0,7.0,2.089,1,war,2,US,1
tm33067,Race,MOVIE,2008,2000,PG-13,161,0,,7.0,63.0,6.1,5.732,1,drama,5,IN,1
tm70222,Sivaji: The Boss,MOVIE,2007,2000,PG-13,189,0,,7.5,19777.0,7.1,7.686,1,action,4,IN,1
tm105278,Inuyasha the Movie 2: The Castle Beyond the Looking Glass,MOVIE,2002,2000,PG-13,100,0,,7.3,2148.0,7.6,30.957,1,fantasy,5,JP,1
tm352243,Interview with a Serial Killer,MOVIE,2008,2000,PG-13,44,0,,5.9,611.0,5.1,1.378,1,documentation,2,US,1
ts98316,Edge of the Universe,SHOW,2002,2000,TV-G,49,0,1.0,7.2,208.0,,1.139,1,documentation,1,GB,1
tm82718,G.O.R.A.,MOVIE,2004,2000,PG-13,127,0,,8.0,62386.0,7.2,7.047,1,action,3,TR,1
tm98975,Guzaarish,MOVIE,2010,2010,PG,126,0,,7.4,18603.0,7.4,5.554,1,romance,2,IN,1
ts98252,Dreamworks Happy Holidays from Madagascar,SHOW,2005,2000,TV-PG,31,0,1.0,6.5,97.0,,3.42,1,animation,3,US,1
tm101609,Raajneeti,MOVIE,2010,2010,PG,167,0,,7.1,17697.0,6.3,3.761,1,drama,3,IN,1
tm418157,Monty Python Conquers America,MOVIE,2008,2000,Not Rated,55,0,,,,6.5,2.177,1,documentation,1,,0
tm39557,Jaane Tu... Ya Jaane Na,MOVIE,2008,2000,Not Rated,146,0,,7.4,26894.0,6.8,7.196,1,drama,3,IN,1
tm150521,Accident,MOVIE,2009,2000,R,89,0,,6.6,3327.0,6.6,5.165,1,action,3,HK,1
tm30289,Jeff Dunham: Arguing with Myself,MOVIE,2006,2000,PG-13,76,0,,8.0,4000.0,6.6,5.406,1,comedy,2,US,1
tm141117,Chalte Chalte,MOVIE,2003,2000,PG-13,167,0,,6.5,15468.0,6.2,6.121,1,drama,2,IN,1
tm80339,Naruto: Ninja Clash in the Land of Snow,MOVIE,2004,2000,PG-13,90,0,,6.6,6866.0,7.2,50.604,1,comedy,4,JP,1
tm33729,Taxi No. 9 2 11,MOVIE,2006,2000,Not Rated,116,0,,7.2,9964.0,6.5,2.636,1,drama,3,IN,1
tm93004,Yuva,MOVIE,2004,2000,PG,161,0,,7.3,8929.0,6.4,3.893,1,crime,4,IN,1
ts13411,Cocaine,SHOW,2005,2000,TV-14,49,0,1.0,7.1,61.0,7.0,0.6,1,documentation,2,US,1
ts1464,The Cartel,SHOW,2008,2000,TV-MA,44,0,2.0,8.0,774.0,7.5,189.665,1,action,5,CO,1
tm145243,Wake Up Sid,MOVIE,2009,2000,Not Rated,138,0,,7.6,31167.0,7.1,5.035,1,comedy,3,IN,1
tm34524,"One Piece: Episode of Chopper Plus: Bloom in the Winter, Miracle Cherry Blossom",MOVIE,2008,2000,PG-13,95,0,,7.0,1233.0,7.1,51.441,1,action,5,JP,1
tm111226,Awara Paagal Deewana,MOVIE,2002,2000,Not Rated,169,0,,6.2,8393.0,5.5,5.941,1,comedy,5,IN,1
tm23441,Kabhi Alvida Naa Kehna,MOVIE,2006,2000,PG,184,0,,6.0,19947.0,6.4,9.421,1,drama,2,IN,1
tm166293,The Blue Umbrella,MOVIE,2005,2000,Not Rated,90,0,,7.3,2097.0,6.3,2.177,1,drama,4,IN,1
tm24576,Naruto: Guardians of the Crescent Moon Kingdom,MOVIE,2006,2000,PG-13,95,0,,6.4,4050.0,7.0,58.559,1,action,2,JP,1
tm92977,Ishqiya,MOVIE,2010,2010,R,115,0,,7.3,10469.0,6.3,3.912,1,thriller,4,IN,1
tm77348,Life in a Metro,MOVIE,2007,2000,Not Rated,124,0,,7.4,12036.0,6.4,3.965,1,drama,3,IN,1
ts34414,Nuevo Rico Nuevo Pobre,SHOW,2007,2000,TV-MA,44,0,1.0,7.1,211.0,7.8,13.94,1,comedy,1,CO,1
ts29199,Monty Python's Personal Best,SHOW,2006,2000,TV-PG,56,0,1.0,7.9,441.0,8.0,0.6,1,comedy,2,US,2
tm91323,I Hate Luv Storys,MOVIE,2010,2010,PG,129,0,,5.6,8042.0,5.9,6.801,1,comedy,3,IN,1
tm88366,Main Hoon Na,MOVIE,2004,2000,PG,179,0,,7.0,35484.0,6.9,12.629,1,drama,5,IN,1
tm156575,Billu,MOVIE,2009,2000,PG,137,0,,6.3,11884.0,6.5,7.028,1,drama,2,IN,1
tm164389,Paheli,MOVIE,2005,2000,PG-13,141,0,,6.3,13263.0,6.3,6.607,1,romance,4,IN,1
tm37945,Rock On!!,MOVIE,2008,2000,Not Rated,144,0,,7.7,22092.0,6.9,4.956,1,drama,2,IN,1
tm106625,"LSD: Love, Sex aur Dhokha",MOVIE,2010,2010,PG-13,108,0,,7.2,5684.0,6.1,3.126,1,drama,4,IN,1
tm65142,One Piece: The Desert Princess and the Pirates: Adventure in Alabasta,MOVIE,2007,2000,PG-13,89,0,,6.9,1660.0,6.7,38.807,1,comedy,4,JP,1
tm99450,Break Ke Baad,MOVIE,2010,2010,Not Rated,120,0,,5.1,4275.0,5.8,3.068,1,comedy,3,IN,1
tm149209,Kaminey,MOVIE,2009,2000,PG-13,135,0,,7.4,17219.0,6.8,6.585,1,crime,4,IN,1
tm23977,Fuga,MOVIE,2006,2000,Not Rated,110,0,,6.2,1129.0,5.8,2.585,1,music,3,CL,2
tm160596,Zozo,MOVIE,2005,2000,Not Rated,105,0,,6.5,3225.0,6.0,1.899,1,drama,4,CZ,5
tm129971,Luck by Chance,MOVIE,2009,2000,Not Rated,155,0,,7.1,10272.0,6.5,4.932,1,romance,3,IN,1
tm56428,Trailer Park Boys: Say Goodnight to the Bad Guys,MOVIE,2008,2000,Not Rated,60,0,,7.8,3555.0,7.4,4.344,1,comedy,1,CA,1
ts18653,Chhota Bheem,SHOW,2008,2000,Not Rated,22,0,12.0,4.1,885.0,6.1,1.504,1,animation,3,IN,1
tm177687,Naruto: Legend of the Stone of Gelel,MOVIE,2005,2000,PG-13,96,0,,6.4,4380.0,6.6,41.579,1,fantasy,5,JP,1
tm77863,Honeymoon Travels Pvt. Ltd.,MOVIE,2007,2000,PG-13,118,0,,6.1,2648.0,5.3,5.216,1,comedy,3,IN,1
tm80455,Manorama Six Feet Under,MOVIE,2007,2000,R,137,0,,7.6,8110.0,6.5,4.553,1,drama,3,IN,1
tm184732,Dhobi Ghat,MOVIE,2010,2010,Not Rated,102,0,,7.0,13167.0,6.4,7.689,1,drama,1,IN,1
tm89764,Inuyasha the Movie 4: Fire on the Mystic Island,MOVIE,2004,2000,PG-13,88,0,,7.2,1845.0,7.7,34.264,1,fantasy,4,JP,1
ts4866,Fated to Love You,SHOW,2008,2000,TV-G,67,0,1.0,7.4,476.0,7.2,4.692,1,comedy,4,TW,1
tm134407,Dev.D,MOVIE,2009,2000,PG-13,141,0,,7.9,30567.0,6.9,7.069,1,comedy,3,IN,1
tm103133,Karthik Calling Karthik,MOVIE,2010,2010,PG,135,0,,7.1,12114.0,6.3,7.725,1,thriller,3,IN,1
tm54147,Dostana,MOVIE,2008,2000,PG-13,142,0,,6.5,15063.0,6.2,8.613,1,drama,3,IN,2
ts137477,Behind Enemy Lines,SHOW,2001,2000,TV-14,49,0,1.0,7.2,43.0,,,1,drama,1,US,1
ts19384,A Lion in the House,SHOW,2006,2000,TV-14,190,0,1.0,,,7.5,1.487,1,documentation,1,US,1
tm101684,Romantik Komedi,MOVIE,2010,2010,G,95,0,,5.3,5111.0,4.7,4.254,1,comedy,2,TR,1
tm152724,Kurbaan,MOVIE,2009,2000,R,161,0,,5.7,5162.0,4.7,4.865,1,thriller,6,IN,1
ts204466,Pecados capitales,SHOW,2002,2000,TV-MA,0,1,1.0,8.5,195.0,,1.791,1,romance,3,CO,1
tm96168,Once Upon a Time in Mumbaai,MOVIE,2010,2010,PG-13,132,0,,7.4,17642.0,6.6,4.465,1,thriller,5,IN,1
tm146887,Delhi-6,MOVIE,2009,2000,Not Rated,141,0,,6.1,7761.0,5.8,2.951,1,drama,2,IN,1
tm138902,Inuyasha the Movie 3: Swords of an Honorable Ruler,MOVIE,2003,2000,PG-13,99,0,,7.6,2226.0,7.8,43.092,1,animation,4,JP,1
tm165809,Bluffmaster!,MOVIE,2005,2000,PG,137,0,,6.6,6370.0,5.8,4.763,1,drama,5,IN,1
tm31335,Golmaal Returns,MOVIE,2008,2000,PG,135,0,,5.1,7983.0,5.0,6.084,1,comedy,2,IN,1
tm43179,Oye Lucky! Lucky Oye!,MOVIE,2008,2000,Not Rated,42,0,,7.7,17538.0,6.9,4.31,1,comedy,4,IN,1
tm170169,Kaal,MOVIE,2005,2000,Not Rated,127,0,,4.7,5370.0,4.3,5.129,1,action,4,IN,1
tm84316,Shootout at Lokhandwala,MOVIE,2007,2000,PG-13,145,0,,7.1,10213.0,6.5,5.534,1,action,4,IN,1
tm112235,Kannathil Muthamittal,MOVIE,2002,2000,Not Rated,137,0,,8.4,8491.0,7.4,3.739,1,drama,3,IN,1
tm368679,Madness in the Desert,MOVIE,2004,2000,Not Rated,141,0,,8.4,379.0,7.0,1.948,1,documentation,1,IN,1
ts74928,Einsatzgruppen: The Nazi Death Squads,SHOW,2009,2000,TV-14,44,0,1.0,7.6,622.0,7.3,1.649,1,documentation,4,FR,1
tm148041,What's Your Raashee?,MOVIE,2009,2000,PG-13,192,0,,4.8,2732.0,4.9,1.912,1,comedy,3,IN,1
tm176297,Kyaa Kool Hai Hum,MOVIE,2005,2000,Not Rated,172,0,,6.1,3537.0,5.0,4.797,1,comedy,1,IN,1
tm68191,My Führer,MOVIE,2007,2000,Not Rated,89,0,,5.5,4442.0,5.6,6.795,1,war,4,DE,1
tm352863,Splatter,MOVIE,2009,2000,Not Rated,29,0,,,,3.4,0.989,1,horror,1,US,1
tm25029,Eternal Summer,MOVIE,2006,2000,Not Rated,96,0,,7.0,2706.0,5.5,5.577,1,romance,2,TW,1
ts40702,The Ultimatum,SHOW,2009,2000,TV-14,44,0,1.0,5.4,6.0,,1.529,1,drama,2,SG,1
tm237621,The Figurine (Araromire),MOVIE,2009,2000,PG-13,122,0,,4.4,251.0,4.2,1.525,1,horror,3,NG,1
tm22989,Jim Gaffigan: Beyond the Pale,MOVIE,2006,2000,Not Rated,72,0,,7.8,3974.0,7.1,4.112,1,comedy,2,US,1
tm35652,Mumbai Meri Jaan,MOVIE,2008,2000,PG-13,119,0,,7.7,6354.0,6.9,2.955,1,drama,1,IN,1
tm80487,Spookley the Square Pumpkin,MOVIE,2004,2000,G,47,0,,,,4.6,1.552,1,animation,1,US,1
tm44634,Kevin James: Sweat the Small Stuff,MOVIE,2001,2000,Not Rated,42,0,,7.4,1087.0,7.4,1.596,1,comedy,2,US,1
tm22558,Mukhsin,MOVIE,2006,2000,Not Rated,95,0,,7.3,388.0,6.8,2.223,1,comedy,3,MY,1
tm52352,This Is the Life,MOVIE,2008,2000,Not Rated,97,0,,6.3,264.0,7.4,1.859,1,music,2,US,1
tm104349,The Unjust,MOVIE,2010,2010,Not Rated,119,0,,6.6,2217.0,6.4,5.963,1,thriller,4,KR,1
tm85243,The Trailer Park Boys Xmas Special,MOVIE,2004,2000,Not Rated,57,0,,8.0,3446.0,7.3,3.971,1,comedy,1,CA,1
tm36636,C Kkompany,MOVIE,2008,2000,Not Rated,130,0,,5.5,1136.0,5.7,1.831,1,comedy,3,IN,1
tm226362,Bosta,MOVIE,2005,2000,Not Rated,112,0,,6.4,605.0,5.0,1.623,1,war,1,Lebanon,1
tm145690,Osuofia in London,MOVIE,2003,2000,Not Rated,84,0,,,,5.5,1.4,1,comedy,1,NG,1
tm31564,Linewatch,MOVIE,2008,2000,R,85,0,,5.4,2884.0,5.2,3.972,1,thriller,3,US,1
tm41953,Tim Minchin: So F**king Rock Live,MOVIE,2008,2000,Not Rated,127,0,,,,6.9,2.714,1,comedy,1,GB,1
tm98475,We Are Family,MOVIE,2010,2010,PG,115,0,,5.6,3166.0,5.9,2.767,1,drama,3,IN,1
tm95434,Love in a Puff,MOVIE,2010,2010,Not Rated,104,0,,7.1,2625.0,7.1,3.347,1,romance,3,HK,1
ts44053,The Qin Empire,SHOW,2009,2000,TV-MA,46,0,3.0,,,8.6,22.627,1,war,1,CN,1
tm96595,Lakshya,MOVIE,2004,2000,G,186,0,,7.8,23262.0,6.6,7.299,1,war,4,IN,1
tm87909,Thomas & Friends: Thomas and the Jet Engine,MOVIE,2004,2000,G,67,0,,,,8.0,1.751,1,animation,2,,0
ts4924,At Dolphin Bay,SHOW,2003,2000,TV-14,59,0,1.0,6.9,40.0,,4.171,1,drama,3,TW,1
ts178360,El cartel 2 - La guerra total,SHOW,2010,2010,TV-MA,44,0,1.0,6.7,231.0,,,1,horror,5,CO,1
ts56595,Cocomong,SHOW,2008,2000,TV-Y,13,0,4.0,5.6,11.0,,1.831,1,animation,1,,0
tm154802,Agyaat,MOVIE,2009,2000,Not Rated,98,0,,2.9,680.0,4.1,2.599,1,horror,3,IN,1
tm51493,Vizontele,MOVIE,2001,2000,Not Rated,110,0,,8.0,36540.0,7.2,7.17,1,comedy,2,TR,1
tm97982,Do Dooni Chaar,MOVIE,2010,2010,PG,146,0,,7.5,5594.0,6.4,1.559,1,drama,3,IN,1
tm52176,Welcome to Sajjanpur,MOVIE,2008,2000,PG,134,0,,6.9,3259.0,5.6,1.823,1,comedy,2,IN,1
tm102848,Peepli Live,MOVIE,2010,2010,PG,104,0,,7.4,12309.0,7.3,3.404,1,drama,2,IN,1
tm114504,The Legend of Bhagat Singh,MOVIE,2002,2000,Not Rated,155,0,,8.1,16340.0,6.9,3.79,1,crime,4,IN,1
ts160526,Khawatir,SHOW,2005,2000,TV-14,19,0,11.0,9.5,3115.0,,,1,reality,1,,0
tm340006,Banyuki,MOVIE,2009,2000,Not Rated,182,0,,7.1,17.0,,0.843,1,drama,2,JP,1
tm154375,Main Aurr Mrs Khanna,MOVIE,2009,2000,PG,115,0,,3.4,3173.0,3.9,2.81,1,drama,3,IN,1
tm134140,Ishq Vishk,MOVIE,2003,2000,Not Rated,145,0,,6.1,4255.0,5.8,3.717,1,drama,3,IN,1
tm27484,Kismat Konnection,MOVIE,2008,2000,G,153,0,,5.3,5637.0,4.9,4.743,1,romance,3,IN,1
tm81864,Twins Mission,MOVIE,2007,2000,Not Rated,102,0,,5.2,695.0,5.0,5.828,1,action,4,HK,1
tm241875,Frank & Cindy,MOVIE,2007,2000,Not Rated,73,0,,6.9,348.0,7.0,0.943,1,documentation,3,US,1
tm29028,Salt of This Sea,MOVIE,2008,2000,Not Rated,109,0,,6.8,1235.0,6.3,1.738,1,drama,3,BE,5
tm164591,Apaharan,MOVIE,2005,2000,Not Rated,173,0,,7.4,4773.0,6.3,3.86,1,crime,3,IN,1
tm130301,Gangaajal,MOVIE,2003,2000,Not Rated,157,0,,7.8,17148.0,6.3,2.417,1,drama,3,IN,1
tm712151,Laugh Out Loud,MOVIE,2003,2000,Not Rated,60,0,,7.0,13.0,,,1,comedy,1,ZA,1
ts12444,The Fierce Wife,SHOW,2010,2010,TV-MA,59,0,1.0,6.8,95.0,4.8,3.995,1,drama,1,TW,1
tm91176,Ijé: The Journey,MOVIE,2010,2010,Not Rated,106,0,,6.2,110.0,,1.394,1,drama,1,NG,2
ts95855,Wedding Planner,SHOW,2002,2000,TV-14,30,0,1.0,,,,,0,drama,1,,0
tm143510,Harishchandrachi Factory,MOVIE,2009,2000,G,96,0,,8.4,2498.0,7.0,2.115,1,comedy,3,IN,1
tm308960,Gina Yashere: Skinny B*tch,MOVIE,2008,2000,Not Rated,57,0,,6.5,86.0,6.5,0.955,1,comedy,2,GB,1
tm144835,Sergio,MOVIE,2009,2000,Not Rated,94,0,,7.4,887.0,8.1,2.51,1,documentation,1,US,1
tm135795,The Kite,MOVIE,2003,2000,Not Rated,80,0,,6.4,743.0,5.0,1.383,1,drama,1,LB,2
tm34924,Beast Stalker,MOVIE,2008,2000,Not Rated,110,0,,6.8,2219.0,6.7,4.046,1,thriller,2,HK,1
tm49865,Aamir,MOVIE,2008,2000,NC-17,96,0,,7.6,11290.0,6.9,4.053,1,thriller,4,IN,1
ts39604,The Hospital,SHOW,2006,2000,TV-14,48,0,1.0,7.4,46.0,2.2,5.066,1,drama,1,TW,1
tm598375,Chhota Bheem Aur Krishna,MOVIE,2008,2000,G,69,0,,6.4,327.0,6.8,1.113,1,fantasy,3,IN,1
tm96052,Palermo Hollywood,MOVIE,2004,2000,Not Rated,113,0,,5.3,203.0,5.3,2.239,1,drama,1,AR,1
tm62369,Connected,MOVIE,2008,2000,Not Rated,110,0,,6.6,2291.0,6.3,4.903,1,thriller,3,CN,2
tm32915,EMI,MOVIE,2008,2000,Not Rated,128,0,,4.4,609.0,7.0,1.507,1,comedy,3,IN,1
ts1413,Autumn's Concerto,SHOW,2009,2000,TV-14,58,0,1.0,7.8,495.0,7.6,7.776,1,drama,3,TW,1
tm254052,Kucch To Hai,MOVIE,2003,2000,Not Rated,142,0,,4.3,920.0,4.2,1.84,1,thriller,4,IN,1
tm91125,Fida,MOVIE,2004,2000,Not Rated,122,0,,5.4,2638.0,5.2,2.932,1,romance,5,IN,1
ts8614,Breakout,SHOW,2010,2010,TV-14,44,0,1.0,6.7,7.0,,1.546,1,drama,2,SG,1
tm100106,My Amnesia Girl,MOVIE,2010,2010,Not Rated,110,0,,6.7,432.0,6.4,2.228,1,comedy,2,PH,1
ts188031,Pink Zone,SHOW,2007,2000,Not Rated,0,1,1.0,5.8,52.0,10.0,0.682,1,drama,3,MX,1
tm85689,Krishna Cottage,MOVIE,2004,2000,Not Rated,124,0,,5.1,1178.0,5.5,1.357,1,thriller,4,IN,1
ts25707,The Little Nyonya,SHOW,2008,2000,TV-14,44,0,1.0,,,9.0,4.06,1,drama,1,SG,1
tm38454,Jeff Dunham's Very Special Christmas Special,MOVIE,2008,2000,PG-13,85,0,,7.4,3042.0,6.9,2.581,1,comedy,2,US,1
tm57586,Mission Istaanbul,MOVIE,2008,2000,Not Rated,125,0,,3.4,1169.0,3.2,1.009,1,action,3,IN,1
ts23797,Black & White,SHOW,2009,2000,TV-14,37,0,3.0,7.6,312.0,8.9,3.208,1,action,4,TW,1
tm76029,Under the Bombs,MOVIE,2007,2000,Not Rated,98,0,,7.0,1655.0,6.4,2.151,1,war,5,LB,3
tm42831,Kyo Kii... Main Jhuth Nahin Bolta,MOVIE,2001,2000,Not Rated,149,0,,5.3,2232.0,5.4,2.593,1,comedy,4,IN,1
ts70843,The Prince Who Turns into a Frog,SHOW,2005,2000,TV-14,44,0,1.0,6.7,136.0,5.8,1.613,1,drama,3,TW,1
tm216753,Old Thieves: The Legend of Artegio,MOVIE,2007,2000,Not Rated,97,0,,8.0,317.0,7.4,1.743,1,documentation,2,MX,1
tm168751,Stray Bullet,MOVIE,2010,2010,Not Rated,76,0,,6.3,368.0,5.3,0.958,1,drama,1,LB,1
tm101540,Well Done Abba,MOVIE,2010,2010,Not Rated,144,0,,7.2,1902.0,5.3,1.798,1,comedy,1,IN,1
tm142153,Kisaan,MOVIE,2009,2000,Not Rated,100,0,,5.5,305.0,6.3,1.844,1,drama,4,IN,1
tm92671,Once a Gangster,MOVIE,2010,2010,Not Rated,95,0,,5.7,500.0,6.3,3.253,1,comedy,3,HK,1
tm88343,Perazhagan,MOVIE,2004,2000,Not Rated,148,0,,6.4,1524.0,6.6,4.414,1,comedy,4,IN,1
ts23353,Together,SHOW,2009,2000,TV-14,45,0,1.0,,,,0.628,0,drama,2,SG,1
tm628693,"Do Paise Ki Dhoop, Chaar Aane Ki Baarish",MOVIE,2009,2000,Not Rated,121,0,,6.5,212.0,6.2,1.299,1,drama,1,IN,1
tm155774,Pomegranates and Myrrh,MOVIE,2009,2000,Not Rated,95,0,,6.2,253.0,6.7,2.784,1,drama,1,FR,4
tm46867,Kuselan,MOVIE,2008,2000,Not Rated,160,0,,4.8,1034.0,6.3,1.006,1,drama,3,IN,1
tm95507,Chance Pe Dance,MOVIE,2010,2010,G,121,0,,4.8,2979.0,5.3,3.357,1,drama,4,IN,1
tm75544,Dhan Dhana Dhan Goal,MOVIE,2007,2000,PG,167,0,,5.0,2635.0,5.3,5.282,1,drama,3,IN,1
tm144263,Aagey Se Right,MOVIE,2009,2000,G,117,0,,5.2,411.0,5.0,1.216,1,comedy,3,IN,1
tm21155,Falafel,MOVIE,2006,2000,Not Rated,80,0,,6.7,217.0,5.5,1.152,1,drama,2,LB,2
tm85369,Hattrick,MOVIE,2007,2000,PG,110,0,,4.3,495.0,5.0,2.115,1,drama,4,IN,1
ts126804,My MVP Valentine,SHOW,2002,2000,TV-PG,69,0,1.0,6.8,28.0,,,1,drama,1,,0
tm341561,Like Twenty Impossibles,MOVIE,2003,2000,Not Rated,16,0,,,,6.5,0.812,1,,0,PS,1
tm140653,Look for a Star,MOVIE,2009,2000,Not Rated,117,0,,5.6,719.0,5.1,2.345,1,comedy,3,HK,1
tm311516,Koi Aap Sa,MOVIE,2005,2000,Not Rated,142,0,,5.5,262.0,7.2,1.445,1,romance,3,IN,1
ts29581,Unriddle,SHOW,2010,2010,TV-14,44,0,2.0,8.0,25.0,,0.6,1,thriller,3,SG,1
tm152413,Talentime,MOVIE,2009,2000,Not Rated,120,0,,7.4,214.0,4.8,1.387,1,drama,1,MY,1
ts82583,The Family Court,SHOW,2010,2010,TV-MA,45,0,1.0,,,,1.4,0,drama,1,SG,1
tm130999,Dhoondte Reh Jaaoge,MOVIE,2009,2000,PG,135,0,,5.6,819.0,4.5,2.528,1,comedy,2,IN,1
tm28024,A Very Special Love,MOVIE,2008,2000,PG,105,0,,6.5,391.0,7.3,2.281,1,comedy,3,PH,1
tm1077037,Chhota Bheem & Krishna: Pataliputra- City of the Dead,MOVIE,2010,2010,G,65,0,,,,,,0,animation,1,IN,1
tm85563,Ezra,MOVIE,2007,2000,Not Rated,105,0,,6.4,274.0,5.7,2.368,1,drama,2,GB,6
ts124246,Mighty Raju,SHOW,2010,2010,Not Rated,20,0,4.0,4.3,61.0,,1.225,1,animation,2,IN,1
tm254745,Frontiers of Dreams and Fears,MOVIE,2001,2000,Not Rated,56,0,,8.2,55.0,,0.916,1,documentation,2,PS,1
tm76399,A Love Story,MOVIE,2007,2000,Not Rated,117,0,,6.4,142.0,5.2,2.011,1,drama,2,PH,1
ts86241,Le Robe De Mariage Des Cieux,SHOW,2004,2000,TV-MA,63,0,1.0,,,,0.6,0,,0,,0
tm481594,Bheem vs Aliens,MOVIE,2010,2010,G,69,0,,7.6,38.0,,,1,animation,1,,0
ts82592,The Truth,SHOW,2008,2000,TV-14,44,0,1.0,,,,0.6,0,thriller,2,SG,1
tm639940,Tango with Me,MOVIE,2010,2010,Not Rated,104,0,,6.3,46.0,,0.6,1,drama,3,US,1
tm404676,To and from New York,MOVIE,2006,2000,Not Rated,82,0,,,,5.8,1.401,1,,0,US,1
tm89054,Osuofia in London 2,MOVIE,2004,2000,Not Rated,72,0,,,,,1.091,0,,0,XX,1
tm252951,Brother's Shadow,MOVIE,2006,2000,Not Rated,91,0,,6.1,152.0,7.0,0.999,1,drama,1,US,1
tm87672,Rabun,MOVIE,2003,2000,Not Rated,90,0,,7.6,85.0,7.0,1.201,1,drama,2,MY,1
ts20660,Shameless,SHOW,2011,2010,TV-MA,54,0,11.0,8.6,234232.0,8.112,252.934,1,drama,2,US,1
tm68272,Project X,MOVIE,2012,2010,R,88,0,,6.6,207830.0,6.8,148.44,1,comedy,1,US,1
tm61801,Zero Dark Thirty,MOVIE,2012,2010,R,157,0,,7.4,296416.0,7.0,24.241,1,thriller,4,US,1
tm44730,The Amazing Spider-Man,MOVIE,2012,2010,PG-13,136,0,,6.9,646119.0,6.7,159.056,1,action,3,US,1
ts21095,Teenage Mutant Ninja Turtles,SHOW,2012,2010,TV-Y7,24,0,5.0,7.8,10809.0,8.3,48.881,1,animation,10,US,1
tm39888,The Dark Knight Rises,MOVIE,2012,2010,PG-13,165,0,,8.4,1669067.0,7.768,91.76,1,thriller,4,US,1
tm166978,Mission: Impossible - Ghost Protocol,MOVIE,2011,2010,PG-13,132,0,,7.4,485301.0,7.0,76.839,1,thriller,2,US,1
ts20564,New Girl,SHOW,2011,2010,TV-14,21,0,7.0,7.7,219079.0,7.3,72.923,1,comedy,2,US,1
ts8175,Call the Midwife,SHOW,2012,2010,TV-PG,55,0,11.0,8.5,26146.0,7.4,25.211,1,family,4,GB,1
ts278,Black Mirror,SHOW,2011,2010,TV-MA,59,0,5.0,8.8,526383.0,8.3,90.552,1,drama,4,GB,1
tm170442,Margin Call,MOVIE,2011,2010,R,107,0,,7.1,128874.0,6.8,14.851,1,thriller,2,US,1
tm41792,Django Unchained,MOVIE,2012,2010,R,165,0,,8.4,1472668.0,8.15,66.924,1,western,2,US,1
ts21580,Longmire,SHOW,2012,2010,TV-14,53,0,6.0,8.3,35021.0,7.8,36.854,1,drama,4,US,1
ts32835,Hunter x Hunter,SHOW,2011,2010,TV-14,23,0,3.0,9.0,92162.0,8.8,178.265,1,action,4,JP,1
ts21599,Ink Master,SHOW,2012,2010,TV-14,42,0,13.0,7.4,3998.0,7.9,13.078,1,reality,1,US,1
tm32982,Les Misérables,MOVIE,2012,2010,PG-13,158,0,,7.5,327017.0,7.3,21.858,1,drama,4,US,2
tm60292,Argo,MOVIE,2012,2010,R,120,0,,7.7,600392.0,7.3,18.069,1,thriller,2,GB,2
ts27680,Last Tango in Halifax,SHOW,2012,2010,TV-14,58,0,5.0,8.3,7017.0,7.3,3.392,1,drama,4,GB,1
ts20433,JoJo's Bizarre Adventure,SHOW,2012,2010,TV-MA,24,0,5.0,8.4,21354.0,8.8,64.047,1,scifi,8,JP,1
tm171885,Kung Fu Panda 2,MOVIE,2011,2010,PG,90,0,,7.2,280433.0,6.9,69.551,1,animation,6,US,1
tm158304,Contagion,MOVIE,2011,2010,PG-13,106,0,,6.8,301531.0,6.6,33.992,1,drama,4,AE,2
ts17598,Arrow,SHOW,2012,2010,TV-14,42,0,8.0,7.5,427871.0,6.7,122.099,1,action,5,US,1
ts20458,Ninjago: Masters of Spinjitzu,SHOW,2012,2010,TV-Y7,17,0,16.0,7.3,4798.0,7.8,67.932,1,animation,7,DK,2
ts20429,Sword Art Online,SHOW,2012,2010,TV-MA,23,0,4.0,7.6,44606.0,8.284,58.325,1,scifi,9,JP,1
ts20457,The Legend of Korra,SHOW,2012,2010,TV-Y7,23,0,4.0,8.4,119272.0,8.307,56.153,1,animation,7,US,1
tm178201,Sherlock Holmes: A Game of Shadows,MOVIE,2011,2010,PG-13,129,0,,7.4,449965.0,7.1,51.119,1,action,3,GB,2
tm36237,Contraband,MOVIE,2012,2010,R,109,0,,6.4,122383.0,6.3,46.41,1,action,4,FR,3
tm40319,Savages,MOVIE,2012,2010,R,131,0,,6.4,129746.0,6.4,15.525,1,drama,4,US,1
ts6506,The Borgias,SHOW,2011,2010,TV-MA,51,0,3.0,7.9,51041.0,7.6,18.887,1,drama,4,HU,3
ts9794,Comedians in Cars Getting Coffee,SHOW,2012,2010,TV-14,19,0,11.0,8.0,12522.0,7.1,13.067,1,comedy,3,US,1
ts33338,Top Boy,SHOW,2011,2010,TV-MA,48,0,2.0,8.4,24165.0,7.4,14.536,1,drama,4,GB,1
tm39896,Dark Shadows,MOVIE,2012,2010,PG-13,113,0,,6.2,265626.0,6.0,48.204,1,comedy,3,US,1
tm74848,Total Recall,MOVIE,2012,2010,PG-13,118,0,,6.2,253352.0,5.967,51.651,1,scifi,4,CA,2
ts27468,Transformers: Rescue Bots,SHOW,2012,2010,TV-Y7,22,0,4.0,6.4,925.0,8.2,9.697,1,scifi,5,US,1
ts20500,Lilyhammer,SHOW,2012,2010,TV-MA,45,0,3.0,7.9,29366.0,7.4,15.363,1,comedy,3,NO,1
tm168921,The Smurfs,MOVIE,2011,2010,PG,103,0,,5.4,90097.0,5.8,56.324,1,animation,5,US,1
tm160132,Soul Surfer,MOVIE,2011,2010,PG,106,0,,7.0,49599.0,7.1,42.736,1,drama,3,US,1
tm49592,LOL,MOVIE,2012,2010,PG-13,92,0,,4.3,55976.0,6.1,14.465,1,drama,3,US,1
tm167232,Unknown,MOVIE,2011,2010,PG-13,113,0,,6.8,260783.0,6.7,63.884,1,thriller,3,GB,3
tm38980,Rise of the Guardians,MOVIE,2012,2010,PG,97,0,,7.2,173157.0,7.4,52.108,1,fantasy,9,US,1
ts20556,Teen Mom 2,SHOW,2011,2010,TV-14,41,0,11.0,4.5,28.0,6.6,11.811,1,reality,4,US,1
tm69926,Here Comes the Boom,MOVIE,2012,2010,PG,105,0,,6.4,90126.0,6.2,15.732,1,action,3,US,1
tm60844,Berserk: The Golden Age Arc I - The Egg of the King,MOVIE,2012,2010,NC-17,76,0,,7.5,12548.0,7.4,20.928,1,action,6,JP,1
ts9246,Blue Exorcist,SHOW,2011,2010,TV-14,25,0,2.0,7.5,12985.0,8.1,46.557,1,scifi,7,JP,1
ts27835,MeatEater,SHOW,2012,2010,TV-14,22,0,10.0,7.5,1486.0,9.0,7.81,1,documentation,1,US,1
ts20648,X-Men,SHOW,2011,2010,TV-14,24,0,1.0,,,7.3,13.843,1,action,2,JP,1
ts18551,Cuckoo,SHOW,2012,2010,TV-14,27,0,5.0,5.9,20.0,6.9,13.25,1,comedy,3,GB,1
tm62210,Rurouni Kenshin Part I: Origins,MOVIE,2012,2010,PG-13,134,0,,7.4,26098.0,7.591,26.93,1,action,4,JP,1
tm106278,Everything Must Go,MOVIE,2011,2010,R,97,0,,6.4,50792.0,6.1,9.825,1,romance,3,US,1
tm182586,Silenced,MOVIE,2011,2010,Not Rated,125,0,,8.0,16423.0,8.1,32.829,1,drama,1,KR,1
ts36647,Rita,SHOW,2012,2010,TV-MA,40,0,5.0,8.1,8718.0,7.7,11.299,1,comedy,3,DK,1
ts81858,Larva,SHOW,2011,2010,TV-G,2,0,5.0,7.1,615.0,7.4,9.644,1,comedy,6,KR,1
ts34740,My Babysitter's a Vampire,SHOW,2011,2010,TV-PG,22,0,2.0,6.9,4454.0,8.3,25.428,1,scifi,5,CA,2
tm176507,Jackass 3.5,MOVIE,2011,2010,Not Rated,85,0,,,,6.3,19.565,1,comedy,3,US,1
ts21081,Pablo Escobar: The Drug Lord,SHOW,2012,2010,TV-14,44,0,1.0,8.4,5019.0,7.6,337.869,1,crime,4,CO,1
ts27586,Magi,SHOW,2012,2010,TV-14,24,0,3.0,7.8,4006.0,8.6,28.161,1,scifi,5,JP,1
ts19779,Barbie: Life in the Dreamhouse,SHOW,2012,2010,TV-Y,6,0,7.0,7.4,1887.0,7.4,30.905,1,family,3,US,1
ts22249,Kuroko's Basketball,SHOW,2012,2010,TV-14,24,0,3.0,8.3,8420.0,8.7,61.164,1,comedy,3,JP,1
tm178395,Hostel: Part III,MOVIE,2011,2010,R,87,0,,,,5.1,32.7,1,horror,1,US,1
tm173195,The Rite,MOVIE,2011,2010,PG-13,114,0,,6.0,97585.0,6.1,22.593,1,drama,3,US,3
tm69386,Quartet,MOVIE,2012,2010,PG-13,98,0,,6.8,20297.0,6.5,9.316,1,drama,4,GB,1
tm174683,Arthur Christmas,MOVIE,2011,2010,PG,97,0,,7.1,58635.0,6.7,22.092,1,drama,5,GB,2
tm72845,John Mulaney: New in Town,MOVIE,2012,2010,Not Rated,58,0,,8.2,6729.0,8.1,4.732,1,comedy,2,US,1
ts34921,Wolverine,SHOW,2011,2010,TV-14,24,0,1.0,6.2,1519.0,6.5,8.022,1,scifi,3,JP,1
tm170758,Hop,MOVIE,2011,2010,PG,101,0,,5.4,34363.0,5.7,19.141,1,animation,4,US,1
tm174256,Red Riding Hood,MOVIE,2011,2010,PG-13,100,0,,5.4,112015.0,6.0,24.404,1,fantasy,5,CA,2
tm56296,The History of Future Folk,MOVIE,2012,2010,Not Rated,86,0,,7.1,3478.0,6.8,4.334,1,music,3,US,1
tm160371,A Very Harold & Kumar Christmas,MOVIE,2011,2010,R,108,0,,6.2,69562.0,6.0,17.242,1,comedy,3,US,1
tm183547,Escape from Planet Earth,MOVIE,2012,2010,PG,89,0,,5.8,25734.0,5.7,18.259,1,scifi,4,CA,2
ts34737,La Reina del Sur,SHOW,2011,2010,TV-MA,41,0,2.0,8.0,2445.0,7.693,108.286,1,drama,4,MX,1
tm59590,One Piece Film: Z,MOVIE,2012,2010,PG-13,108,0,,7.8,7243.0,7.5,52.89,1,action,3,JP,1
ts34151,TIGER & BUNNY,SHOW,2011,2010,TV-14,25,0,2.0,7.3,1028.0,7.1,8.393,1,scifi,5,JP,1
tm161904,Bully,MOVIE,2011,2010,PG-13,92,0,,7.4,10266.0,7.2,6.651,1,drama,2,US,1
tm44165,"Chaos, Disorder",MOVIE,2012,2010,Not Rated,76,0,,6.2,109.0,7.0,1.024,1,drama,3,EG,1
tm53034,Sebastian Maniscalco: What's Wrong with People?,MOVIE,2012,2010,Not Rated,75,0,,8.0,1217.0,7.8,1.98,1,comedy,1,US,1
ts32460,Inborn Pair,SHOW,2011,2010,TV-14,43,0,1.0,7.1,108.0,1.0,4.989,1,drama,1,TW,1
ts26776,Smile PreCure!,SHOW,2012,2010,TV-Y7,23,0,2.0,6.2,391.0,7.6,10.849,1,action,6,JP,1
tm164353,Singham,MOVIE,2011,2010,Not Rated,135,0,,6.8,16827.0,6.7,7.066,1,drama,3,IN,1
ts39093,EastSiders,SHOW,2012,2010,TV-MA,23,0,4.0,6.8,2783.0,6.9,5.685,1,comedy,2,US,1
ts33349,Robocar Poli,SHOW,2011,2010,TV-Y,14,0,4.0,6.0,126.0,7.7,11.341,1,animation,4,KR,1
tm38064,Berserk: The Golden Age Arc II - The Battle for Doldrey,MOVIE,2012,2010,R,98,0,,7.7,10470.0,7.5,20.201,1,action,5,JP,1
tm182125,Zindagi Na Milegi Dobara,MOVIE,2011,2010,PG,166,0,,8.1,76565.0,7.6,11.997,1,romance,3,IN,1
ts55532,LEGO Friends,SHOW,2012,2010,TV-Y,16,0,5.0,7.6,20.0,5.0,3.483,1,animation,2,US,1
tm57436,Sleepless Nights,MOVIE,2012,2010,Not Rated,128,0,,7.7,27.0,,1.4,1,documentation,1,FR,1
tm72251,What About Dick?,MOVIE,2012,2010,G,80,0,,,,7.4,2.596,1,comedy,1,GB,2
tm53625,Inventing David Geffen,MOVIE,2012,2010,Not Rated,120,0,,,,7.8,2.531,1,documentation,1,,0
ts191698,Little Baby Bum,SHOW,2011,2010,TV-Y,7,0,4.0,6.4,94.0,10.0,0.971,1,family,3,GB,1
ts45996,Outback Truckers,SHOW,2012,2010,TV-14,44,0,9.0,7.4,264.0,8.1,6.693,1,reality,2,AU,1
tm160361,A Princess for Christmas,MOVIE,2011,2010,PG,89,0,,6.3,8268.0,7.1,22.33,1,family,4,US,1
tm34331,Middle of Nowhere,MOVIE,2012,2010,R,101,0,,6.5,1838.0,6.7,2.677,1,drama,1,US,1
tm183039,Donald Glover: Weirdo,MOVIE,2012,2010,Not Rated,65,0,,7.4,3584.0,6.8,5.743,1,comedy,2,US,1
ts35426,LEGO City,SHOW,2011,2010,TV-G,4,0,3.0,5.0,37.0,5.8,1.403,1,animation,2,GB,1
ts58528,Inside West Coast Customs,SHOW,2011,2010,TV-PG,43,0,8.0,7.3,44.0,9.1,4.71,1,reality,1,US,1
tm177258,Delhi Belly,MOVIE,2011,2010,Not Rated,102,0,,7.5,29927.0,7.0,6.638,1,comedy,4,IN,1
tm174190,Undefeated,MOVIE,2011,2010,PG-13,113,0,,7.7,7073.0,7.7,6.591,1,documentation,2,US,1
tm68436,Barfi!,MOVIE,2012,2010,G,151,0,,8.1,81198.0,7.5,7.897,1,drama,3,IN,1
tm65765,6 Bullets,MOVIE,2012,2010,R,115,0,,6.0,14988.0,6.1,31.445,1,thriller,4,US,1
tm179451,7 Khoon Maaf,MOVIE,2011,2010,Not Rated,148,0,,6.2,5969.0,6.3,5.469,1,thriller,3,IN,1
tm177044,Naruto Shippuden the Movie: Blood Prison,MOVIE,2011,2010,PG-13,108,0,,7.1,5104.0,7.2,184.852,1,action,6,JP,1
tm49451,Maria Bamford: The Special Special Special!,MOVIE,2012,2010,Not Rated,50,0,,7.0,567.0,7.0,1.407,1,comedy,1,US,1
tm1096916,The Trial of Adolf Eichmann,MOVIE,2011,2010,Not Rated,90,0,,7.5,84.0,8.3,1.241,1,documentation,1,FR,1
tm176128,Don't Go Breaking My Heart,MOVIE,2011,2010,Not Rated,115,0,,6.5,1803.0,6.6,3.662,1,romance,2,HK,1
tm67444,Jim Gaffigan: Mr. Universe,MOVIE,2012,2010,Not Rated,77,0,,7.7,3524.0,6.9,3.991,1,comedy,1,US,1
tm183176,A Second Chance,MOVIE,2011,2010,Not Rated,90,0,,4.7,1030.0,6.2,6.388,1,drama,3,AU,1
tm40860,Big Time Movie,MOVIE,2012,2010,G,68,0,,6.1,1962.0,7.6,14.213,1,comedy,3,US,1
tm35700,Paan Singh Tomar,MOVIE,2012,2010,PG,135,0,,8.2,36077.0,7.4,4.424,1,drama,5,IN,1
tm170395,Sniper: Reloaded,MOVIE,2011,2010,R,91,0,,,,6.1,13.983,1,drama,4,US,3
tm169053,Shor in the City,MOVIE,2011,2010,PG,107,0,,7.2,3753.0,6.4,4.11,1,drama,2,IN,1
tm53395,FRED 3: Camp Fred,MOVIE,2012,2010,PG,81,0,,2.0,2654.0,5.6,5.926,1,comedy,2,US,1
tm183037,Don 2,MOVIE,2011,2010,Not Rated,139,0,,7.0,52750.0,7.0,9.333,1,action,4,IN,2
tm177958,Pyaar Ka Punchnama,MOVIE,2011,2010,PG-13,149,0,,7.6,21521.0,7.0,4.851,1,romance,4,IN,1
ts6879,El Reemplazante,SHOW,2012,2010,TV-MA,45,0,2.0,8.5,777.0,8.0,4.391,1,drama,1,CL,1
tm178106,Chillar Party,MOVIE,2011,2010,G,130,0,,7.5,7831.0,7.0,2.552,1,comedy,3,IN,1
tm57610,Talaash,MOVIE,2012,2010,Not Rated,139,0,,7.2,42188.0,6.8,8.367,1,crime,4,IN,1
tm169354,Coming Forth by Day,MOVIE,2012,2010,Not Rated,96,0,,6.5,234.0,5.4,0.6,1,drama,1,EG,1
tm176111,The Great Magician,MOVIE,2011,2010,Not Rated,128,0,,5.9,1774.0,6.1,6.144,1,thriller,4,CN,2
tm59372,Arjun: The Warrior Prince,MOVIE,2012,2010,G,96,0,,6.7,14.0,6.2,3.031,1,action,3,IN,1
tm161804,Toll Booth,MOVIE,2011,2010,Not Rated,97,0,,6.4,4206.0,6.3,2.481,1,drama,1,TR,1
tm159593,No One Killed Jessica,MOVIE,2011,2010,PG-13,136,0,,7.2,11783.0,6.7,4.471,1,drama,3,IN,1
ts39112,Justin Time,SHOW,2011,2010,TV-Y,15,0,3.0,6.0,16.0,8.0,3.657,1,action,4,CA,1
tm44615,Ferrari Ki Sawaari,MOVIE,2012,2010,G,140,0,,6.4,5465.0,6.2,3.068,1,family,4,IN,1
tm54780,Tiger & Bunny: The Beginning,MOVIE,2012,2010,PG,88,0,,6.6,264.0,6.5,2.996,1,scifi,3,JP,1
ts167724,Meet the Adebanjos,SHOW,2012,2010,TV-PG,25,0,3.0,7.6,81.0,,0.884,1,comedy,1,GB,1
ts99814,Masameer,SHOW,2011,2010,TV-MA,14,0,1.0,8.2,687.0,,,1,comedy,2,SA,1
tm175909,The Dirty Picture,MOVIE,2011,2010,Not Rated,144,0,,6.6,9662.0,6.3,7.209,1,drama,2,IN,1
ts158608,The Ultimate Braai Master,SHOW,2012,2010,TV-PG,45,0,5.0,8.1,36.0,,0.6,1,reality,1,ZA,1
tm57382,Kath & Kimderella,MOVIE,2012,2010,Not Rated,80,0,,5.3,1362.0,4.8,1.768,1,comedy,1,AU,1
tm59289,Rowdy Rathore,MOVIE,2012,2010,PG-13,143,0,,5.7,22497.0,6.1,6.89,1,action,3,IN,1
tm47171,OMG: Oh My God!,MOVIE,2012,2010,G,125,0,,8.1,58017.0,7.3,7.512,1,drama,3,IN,1
tm165712,Tim Minchin and the Heritage Orchestra: Live at the Royal Albert Hall,MOVIE,2011,2010,Not Rated,146,0,,,,7.3,1.743,1,comedy,2,GB,1
tm48239,Ek Main Aur Ekk Tu,MOVIE,2012,2010,PG,110,0,,5.7,6820.0,5.6,4.062,1,drama,3,IN,1
tm160021,A Beautiful Life,MOVIE,2011,2010,Not Rated,124,0,,6.7,927.0,6.6,8.025,1,drama,2,HK,2
tm54371,Mugamoodi,MOVIE,2012,2010,Not Rated,156,0,,5.1,1215.0,5.0,3.958,1,drama,2,IN,1
tm172883,Game,MOVIE,2011,2010,PG,135,0,,5.2,2353.0,5.2,4.612,1,thriller,5,IN,1
tm174518,Bodyguard,MOVIE,2011,2010,Not Rated,134,0,,4.6,25778.0,5.3,7.661,1,drama,4,IN,1
tm70528,Material,MOVIE,2012,2010,Not Rated,94,0,,7.1,967.0,5.9,1.176,1,comedy,2,ZA,1
tm74031,Kyaa Super Kool Hain Hum,MOVIE,2012,2010,R,137,0,,5.0,3926.0,5.1,3.166,1,drama,2,IN,1
tm181856,Jeff Dunham: Controlled Chaos,MOVIE,2011,2010,Not Rated,90,0,,7.4,2296.0,6.3,2.89,1,comedy,2,US,1
tm38013,Players,MOVIE,2012,2010,Not Rated,165,0,,4.2,4534.0,5.2,4.977,1,thriller,3,IN,1
tm42306,Aiyyaa,MOVIE,2012,2010,G,146,0,,4.3,1889.0,5.1,4.582,1,romance,2,IN,1
ts32561,Office Girls,SHOW,2011,2010,TV-14,46,0,1.0,6.8,153.0,7.3,9.047,1,comedy,3,TW,1
tm39606,Tere Naal Love Ho Gaya,MOVIE,2012,2010,PG,126,0,,5.8,4381.0,6.2,3.262,1,drama,3,IN,1
tm167241,Ragini MMS,MOVIE,2011,2010,PG-13,93,0,,5.1,2654.0,3.8,2.033,1,drama,3,IN,1
ts37864,The Glamorous Imperial Concubine,SHOW,2011,2010,TV-PG,47,0,1.0,6.8,156.0,7.0,3.417,1,drama,3,CN,1
tm71992,Grandmaster,MOVIE,2012,2010,Not Rated,130,0,,6.9,2211.0,6.5,3.101,1,thriller,2,IN,1
tm31948,26 Years,MOVIE,2012,2010,Not Rated,135,0,,6.3,1217.0,7.0,8.673,1,drama,3,KR,1
tm166810,Michael,MOVIE,2011,2010,PG-13,97,0,,5.3,168.0,5.5,0.823,1,drama,2,IN,1
tm37573,"All's Well, Ends Well",MOVIE,2012,2010,Not Rated,118,0,,5.1,338.0,4.9,4.674,1,romance,2,HK,1
tm69915,Heroine,MOVIE,2012,2010,Not Rated,140,0,,5.0,4353.0,5.0,4.154,1,drama,1,IN,1
tm164090,Lavell Crawford: Can a Brother Get Some Love?,MOVIE,2011,2010,NC-17,90,0,,6.9,234.0,6.5,2.301,1,comedy,2,US,1
tm37175,Jeff Dunham: Minding the Monsters,MOVIE,2012,2010,PG-13,80,0,,7.0,1416.0,6.2,2.314,1,comedy,1,US,1
tm66725,Kalakalappu,MOVIE,2012,2010,G,149,0,,6.9,1398.0,6.5,2.488,1,comedy,1,IN,1
tm166740,Chhota Bheem & Krishna in Mayanagari,MOVIE,2011,2010,G,66,0,,8.7,13.0,5.1,1.028,1,animation,3,IN,1
tm200838,Chhota Bheem In Dholakpur to Kathmandu,MOVIE,2012,2010,G,70,0,,7.9,50.0,7.0,1.172,1,animation,1,XX,1
ts44064,Drunken to Love You,SHOW,2011,2010,TV-14,46,0,1.0,6.5,114.0,8.0,3.195,1,comedy,3,TW,1
tm169128,An Elf's Story,MOVIE,2011,2010,Not Rated,24,0,,5.1,510.0,2.7,2.874,1,scifi,4,US,1
tm172353,Bbuddah Hoga Terra Baap,MOVIE,2011,2010,PG-13,117,0,,5.6,2908.0,5.2,2.229,1,thriller,4,IN,1
tm34746,Luv Shuv Tey Chicken Khurana,MOVIE,2012,2010,PG,140,0,,6.6,3925.0,6.3,2.564,1,comedy,1,IN,1
tm29400,Bwakaw,MOVIE,2012,2010,Not Rated,104,0,,7.1,301.0,6.2,0.831,1,drama,1,PH,1
tm53360,Blood Money,MOVIE,2012,2010,PG,110,0,,5.0,1480.0,6.1,31.391,1,thriller,4,IN,1
tm180532,Shaitan,MOVIE,2011,2010,PG-13,121,0,,7.2,8475.0,6.4,4.098,1,drama,4,IN,1
tm34142,Department,MOVIE,2012,2010,R,141,0,,3.2,1058.0,6.0,2.125,1,action,3,IN,1
ts27875,Masha's tales,SHOW,2012,2010,TV-Y,5,0,2.0,6.4,92.0,7.5,5.32,1,animation,2,RU,1
tm162592,Asmaa,MOVIE,2011,2010,Not Rated,96,0,,8.1,4483.0,8.3,2.327,1,drama,1,EG,1
ts41114,The Oath,SHOW,2011,2010,TV-14,44,0,1.0,7.9,9.0,,0.843,1,drama,1,SG,1
tm70652,Thaandavam,MOVIE,2012,2010,Not Rated,167,0,,6.1,2034.0,5.6,2.596,1,action,2,IN,1
tm339197,Chota Bheem Aur Ganesh in the Amazing Odyssey,MOVIE,2012,2010,G,65,0,,7.8,13.0,,0.6,1,animation,1,IN,1
tm172211,Question Mark,MOVIE,2011,2010,Not Rated,102,0,,7.0,259.0,6.0,1.21,1,drama,1,ID,1
tm1077038,Chhota Bheem: Journey to Petra,MOVIE,2011,2010,G,67,0,,,,,,0,animation,1,IN,1
tm57256,Husbands in Goa,MOVIE,2012,2010,Not Rated,150,0,,3.8,286.0,4.4,1.4,1,comedy,1,IN,1
tm529723,Chhota Bheem and the Broken Amulet,MOVIE,2012,2010,Not Rated,63,0,,7.7,17.0,,,1,animation,1,IN,1
ts128422,Takki,SHOW,2012,2010,Not Rated,16,0,3.0,6.6,269.0,8.3,1.29,1,drama,1,SA,1
tm53829,Blitz Patrollie,MOVIE,2012,2010,Not Rated,101,0,,5.4,145.0,,1.96,1,crime,3,US,1
tm51412,Moshe Kasher: Live in Oakland,MOVIE,2012,2010,Not Rated,60,0,,6.7,332.0,7.1,1.654,1,comedy,1,US,1
tm38331,The Mistress,MOVIE,2012,2010,PG-13,125,0,,6.3,361.0,5.9,2.635,1,romance,2,PH,1
tm481620,The Rise of Kirmada,MOVIE,2012,2010,G,68,0,,8.2,67.0,8.0,2.328,1,animation,1,IN,1
tm30278,Vettai,MOVIE,2012,2010,Not Rated,150,0,,6.0,2450.0,6.8,3.941,1,action,2,IN,1
tm165932,Muran,MOVIE,2011,2010,Not Rated,134,0,,6.3,294.0,6.3,1.181,1,drama,3,IN,1
tm63368,A World Not Ours,MOVIE,2012,2010,Not Rated,93,0,,7.8,388.0,8.0,1.106,1,documentation,2,PS,1
tm161632,Tom Papa: Live in New York City,MOVIE,2011,2010,Not Rated,57,0,,7.2,501.0,6.1,2.414,1,comedy,1,US,1
tm182026,Zokkomon,MOVIE,2011,2010,PG,109,0,,4.0,411.0,6.8,1.927,1,fantasy,4,IN,1
tm235979,My Friend Pinto,MOVIE,2011,2010,PG,115,0,,5.3,392.0,5.0,1.489,1,comedy,3,IN,1
tm946846,Taxi Ballad,MOVIE,2012,2010,Not Rated,93,0,,,,,0.6,0,drama,1,US,3
tm181366,Here Comes the Rain,MOVIE,2011,2010,Not Rated,100,0,,6.3,63.0,,0.88,1,drama,1,LB,1
tm60213,One More Try,MOVIE,2012,2010,Not Rated,100,0,,6.0,203.0,6.0,3.235,1,drama,1,PH,1
tm481509,Chhota Bheem Master of Shaolin,MOVIE,2011,2010,G,75,0,,6.1,128.0,,,1,animation,1,,0
tm159623,No Other Woman,MOVIE,2011,2010,Not Rated,104,0,,5.9,311.0,4.0,1.583,1,romance,3,PH,1
ts60663,The In-Laws,SHOW,2011,2010,TV-14,44,0,1.0,,,,1.771,0,family,2,SG,1
tm34646,Sisterakas,MOVIE,2012,2010,Not Rated,110,0,,5.0,285.0,5.1,3.424,1,comedy,2,PH,1
ts39465,Yours Fatefully,SHOW,2012,2010,TV-14,44,0,1.0,6.7,15.0,6.0,1.796,1,drama,3,SG,1
ts69208,"Love, Now",SHOW,2012,2010,TV-Y,45,0,1.0,7.5,124.0,6.5,1.774,1,drama,1,TW,1
tm224577,Phone Swap,MOVIE,2012,2010,Not Rated,111,0,,6.2,174.0,5.0,1.968,1,comedy,2,NG,1
tm172504,"Darling, Something's Wrong with Your Head",MOVIE,2011,2010,Not Rated,78,0,,6.7,133.0,5.8,1.666,1,drama,4,PS,4
ts20110,Peaky Blinders,SHOW,2013,2010,TV-MA,58,0,6.0,8.8,511668.0,8.558,1038.077,1,crime,3,GB,1
ts20837,Outlander,SHOW,2014,2010,TV-MA,60,0,6.0,8.4,156114.0,8.2,101.42,1,scifi,4,US,1
ts20682,Attack on Titan,SHOW,2013,2010,TV-MA,24,0,4.0,9.0,325381.0,8.6,85.661,1,action,6,JP,1
ts20824,The Originals,SHOW,2013,2010,TV-14,43,0,5.0,8.3,133406.0,8.6,114.436,1,scifi,4,US,1
ts1639,The Blacklist,SHOW,2013,2010,TV-14,43,0,9.0,8.0,242640.0,7.6,227.557,1,thriller,3,US,1
ts20351,Married at First Sight,SHOW,2014,2010,TV-PG,64,0,15.0,6.1,2021.0,5.6,15.176,1,reality,3,US,1
ts11188,The Flash,SHOW,2014,2010,TV-14,42,0,8.0,7.6,341393.0,7.8,537.156,1,drama,5,US,1
tm140389,Paddington,MOVIE,2014,2010,PG,95,0,,7.2,113735.0,7.1,34.868,1,comedy,5,US,3
ts20248,Reign,SHOW,2013,2010,TV-14,42,0,4.0,7.5,47751.0,8.0,50.864,1,drama,3,US,1
tm150928,It Follows,MOVIE,2014,2010,R,101,0,,6.8,236513.0,6.559,123.984,1,horror,2,US,1
tm140877,The Imitation Game,MOVIE,2014,2010,PG-13,113,0,,8.0,756254.0,8.0,49.673,1,thriller,3,GB,2
ts8146,The 100,SHOW,2014,2010,TV-14,42,0,7.0,7.6,245631.0,7.9,217.82,1,scifi,3,US,1
tm176864,Rush,MOVIE,2013,2010,R,123,0,,8.1,471586.0,7.7,29.759,1,drama,4,US,3
tm151663,Nightcrawler,MOVIE,2014,2010,R,118,0,,7.8,531779.0,7.7,57.276,1,thriller,3,US,1
ts16045,Are You The One?,SHOW,2014,2010,TV-14,41,0,8.0,6.4,2528.0,5.9,9.479,1,reality,1,US,1
tm145655,St. Vincent,MOVIE,2014,2010,PG-13,102,0,,7.2,102820.0,7.1,18.905,1,comedy,2,US,1
tm160621,The Conjuring,MOVIE,2013,2010,R,112,0,,7.5,496484.0,7.533,221.925,1,horror,2,US,1
ts20292,Gotham,SHOW,2014,2010,TV-14,43,0,5.0,7.8,227760.0,7.6,106.651,1,drama,5,US,1
tm134967,How to Train Your Dragon 2,MOVIE,2014,2010,PG,102,0,,7.8,330975.0,7.67,134.7,1,action,5,US,1
tm183523,Oldboy,MOVIE,2013,2010,R,104,0,,5.7,75728.0,5.9,20.164,1,action,3,US,1
ts6,House of Cards,SHOW,2013,2010,TV-MA,52,0,6.0,8.7,497650.0,8.1,33.936,1,drama,1,US,1
tm148147,Big Eyes,MOVIE,2014,2010,PG-13,106,0,,7.2,51.0,6.998,11.98,1,drama,4,CA,2
tm143227,Begin Again,MOVIE,2013,2010,R,104,0,,7.4,155249.0,7.254,15.514,1,drama,4,US,1
ts21374,How to Get Away with Murder,SHOW,2014,2010,TV-14,43,0,6.0,8.1,148643.0,7.9,47.891,1,crime,3,US,1
ts14583,BoJack Horseman,SHOW,2014,2010,TV-MA,26,0,6.0,8.8,148127.0,8.6,92.956,1,comedy,3,US,1
tm169719,42,MOVIE,2013,2010,PG-13,128,0,,7.5,94520.0,7.1,18.267,1,drama,2,US,1
tm182429,Olympus Has Fallen,MOVIE,2013,2010,R,120,0,,6.5,274270.0,6.4,55.607,1,action,3,US,1
ts20261,Madam Secretary,SHOW,2014,2010,TV-14,43,0,6.0,7.6,22894.0,6.9,28.001,1,war,3,US,1
tm175843,Dark Skies,MOVIE,2013,2010,PG-13,97,0,,6.3,75663.0,6.3,22.342,1,scifi,4,US,1
tm163686,Blue Jasmine,MOVIE,2013,2010,PG-13,99,0,,7.3,201749.0,7.0,11.254,1,drama,3,US,1
ts21367,Jane the Virgin,SHOW,2014,2010,TV-14,42,0,5.0,7.8,46286.0,7.952,62.316,1,drama,2,US,1
ts20108,Henry Danger,SHOW,2014,2010,TV-G,24,0,5.0,5.6,5450.0,8.3,103.628,1,comedy,6,US,1
tm180572,Insidious: Chapter 2,MOVIE,2013,2010,PG-13,106,0,,6.5,169039.0,6.7,68.55,1,horror,2,US,1
tm151807,Creep,MOVIE,2014,2010,R,82,0,,6.3,53408.0,6.4,16.301,1,horror,2,US,1
tm151764,Barefoot,MOVIE,2014,2010,PG-13,90,0,,6.6,24167.0,6.6,9.2,1,romance,3,US,1
ts20823,Orange Is the New Black,SHOW,2013,2010,TV-MA,59,0,7.0,8.1,298009.0,7.7,87.316,1,drama,3,US,1
tm153284,The Giver,MOVIE,2014,2010,PG-13,97,0,,6.4,118877.0,6.5,17.987,1,drama,4,US,1
ts32218,The Thundermans,SHOW,2013,2010,TV-G,24,0,4.0,5.6,5525.0,8.1,44.482,1,action,5,US,1
ts35682,Wentworth,SHOW,2013,2010,TV-MA,46,0,9.0,8.6,22056.0,8.1,32.398,1,drama,3,AU,1
tm165967,Mandela: Long Walk to Freedom,MOVIE,2013,2010,PG-13,141,0,,7.1,27866.0,6.9,7.715,1,drama,2,GB,2
ts20791,Z Nation,SHOW,2014,2010,TV-14,43,0,5.0,6.6,36415.0,7.2,66.412,1,action,6,US,1
tm161525,The Green Inferno,MOVIE,2013,2010,R,100,0,,5.3,44016.0,5.7,32.224,1,thriller,2,US,3
tm168400,Empire State,MOVIE,2013,2010,R,94,0,,5.2,21538.0,5.4,39.273,1,action,5,US,1
tm161282,Penguins of Madagascar,MOVIE,2014,2010,PG,92,0,,6.6,89930.0,6.505,92.315,1,family,5,US,1
ts20280,Marco Polo,SHOW,2014,2010,TV-MA,55,0,2.0,8.0,71735.0,7.4,22.636,1,action,4,US,1
tm148671,A Walk Among the Tombstones,MOVIE,2014,2010,R,113,0,,6.5,121232.0,6.309,67.95,1,drama,4,US,1
tm171042,The Call,MOVIE,2013,2010,R,94,0,,6.7,121843.0,6.8,41.764,1,thriller,6,US,1
tm178712,Scary Movie 5,MOVIE,2013,2010,PG-13,89,0,,3.5,71405.0,4.8,122.985,1,comedy,2,US,1
ts20288,From Dusk Till Dawn: The Series,SHOW,2014,2010,TV-14,45,0,3.0,6.9,20132.0,6.3,24.329,1,scifi,5,US,1
ts20281,Sofia the First,SHOW,2013,2010,TV-Y,24,0,4.0,6.8,2978.0,7.2,44.688,1,animation,3,US,1
tm187279,Philomena,MOVIE,2013,2010,PG-13,97,0,,7.6,99647.0,7.4,9.752,1,drama,3,GB,1
tm165521,Redemption,MOVIE,2013,2010,R,100,0,,,,6.2,52.251,1,action,3,US,2
tm141648,Seventh Son,MOVIE,2014,2010,PG-13,102,0,,5.5,76939.0,5.5,45.215,1,action,2,US,4
ts314002,The Seven Deadly Sins,SHOW,2014,2010,TV-14,25,0,5.0,7.9,31085.0,8.503,25.225,1,scifi,5,JP,1
tm176630,The Butler,MOVIE,2013,2010,PG-13,132,0,,7.2,114768.0,7.355,15.115,1,drama,2,US,1
ts32060,Sam & Cat,SHOW,2013,2010,TV-G,24,0,1.0,5.6,9744.0,7.9,29.349,1,comedy,3,US,1
tm184608,Texas Chainsaw 3D,MOVIE,2013,2010,R,87,0,,4.8,49312.0,5.4,53.401,1,thriller,2,US,1
tm187979,Cloudy with a Chance of Meatballs 2,MOVIE,2013,2010,PG,95,0,,6.3,102071.0,6.443,64.17,1,animation,6,US,1
tm171228,Metallica: Through the Never,MOVIE,2013,2010,R,93,0,,7.1,17513.0,6.8,14.231,1,music,1,US,1
ts2727,Derek,SHOW,2013,2010,TV-MA,27,0,3.0,8.1,32622.0,7.4,9.295,1,drama,3,GB,1
ts20790,Young & Hungry,SHOW,2014,2010,TV-14,21,0,5.0,7.3,15780.0,6.8,21.126,1,comedy,3,US,1
tm161029,Mr. Peabody & Sherman,MOVIE,2014,2010,PG,92,0,,6.8,69669.0,6.7,37.533,1,action,8,US,1
ts20014,Sailor Moon Crystal,SHOW,2014,2010,TV-14,24,0,4.0,7.8,2148.0,8.2,47.398,1,animation,8,JP,1
tm181270,The Frozen Ground,MOVIE,2013,2010,R,105,0,,6.4,62972.0,6.3,10.449,1,thriller,3,US,1
ts35570,Lovesick,SHOW,2014,2010,TV-MA,25,0,3.0,8.0,19899.0,7.5,12.802,1,comedy,2,GB,1
tm237143,Shrek the Musical,MOVIE,2013,2010,PG-13,130,0,,6.9,3695.0,7.2,14.341,1,music,4,US,1
tm181081,The Railway Man,MOVIE,2013,2010,R,116,0,,7.1,40175.0,6.9,8.518,1,drama,5,AU,3
ts20336,Velvet,SHOW,2014,2010,TV-14,57,0,4.0,8.1,6115.0,6.1,37.631,1,drama,6,ES,1
ts35244,Tiny House Nation,SHOW,2014,2010,TV-PG,43,0,5.0,7.1,1143.0,7.5,4.211,1,reality,1,US,1
tm144121,Get on Up,MOVIE,2014,2010,PG-13,139,0,,6.9,24613.0,6.7,9.945,1,drama,2,US,1
ts2161,Angry Birds Toons,SHOW,2013,2010,TV-Y,2,0,4.0,6.2,835.0,6.7,6.854,1,comedy,6,FI,1
ts32271,Shtisel,SHOW,2013,2010,TV-14,49,0,3.0,8.6,7062.0,8.4,14.873,1,drama,1,IL,1
ts20097,Hemlock Grove,SHOW,2013,2010,TV-MA,49,0,3.0,7.0,39998.0,7.3,22.596,1,thriller,5,US,1
ts22383,Rabbids Invasion,SHOW,2013,2010,TV-Y7,10,0,4.0,5.4,1930.0,6.0,11.398,1,animation,4,FR,2
tm143642,Who Am I,MOVIE,2014,2010,Not Rated,105,0,,7.5,55044.0,7.7,26.737,1,thriller,5,DE,1
ts36836,Zach Stone Is Gonna Be Famous,SHOW,2013,2010,TV-PG,20,0,1.0,8.3,3744.0,8.5,3.795,1,comedy,1,US,1
ts22426,The Irregular at Magic High School,SHOW,2014,2010,TV-14,23,0,2.0,7.1,3386.0,7.9,46.794,1,action,6,JP,1
ts42168,Resurrection: Ertugrul,SHOW,2014,2010,TV-14,57,0,5.0,7.9,36177.0,7.7,30.409,1,action,4,TR,1
tm148976,The Battered Bastards of Baseball,MOVIE,2014,2010,R,80,0,,8.0,4043.0,7.6,6.367,1,documentation,2,US,1
ts35282,The Next Step,SHOW,2013,2010,TV-G,24,0,7.0,6.0,1950.0,7.2,9.889,1,drama,3,CA,1
tm136601,Walk of Shame,MOVIE,2014,2010,R,95,0,,6.0,54465.0,5.9,23.897,1,comedy,1,US,1
tm151716,Cowspiracy: The Sustainability Secret,MOVIE,2014,2010,Not Rated,90,0,,8.2,25133.0,7.8,6.207,1,documentation,1,US,1
tm166628,The Smurfs 2,MOVIE,2013,2010,PG,105,0,,5.3,42011.0,5.8,32.819,1,comedy,4,US,1
tm140342,"I, Frankenstein",MOVIE,2014,2010,PG-13,92,0,,5.1,80985.0,5.3,22.094,1,thriller,5,AU,2
ts20883,"Nicky, Ricky, Dicky & Dawn",SHOW,2014,2010,TV-G,23,0,4.0,5.1,2642.0,7.3,27.683,1,family,2,US,1
tm151447,The November Man,MOVIE,2014,2010,R,108,0,,6.2,67737.0,6.1,19.151,1,thriller,3,GB,2
tm147913,PK,MOVIE,2014,2010,PG-13,153,0,,8.1,181406.0,7.7,10.001,1,drama,5,IN,1
ts11794,The Cat in the Hat Knows a Lot About That!,SHOW,2013,2010,TV-Y,19,0,3.0,6.4,634.0,7.8,5.109,1,animation,5,CA,3
ts98110,Dreamworks How to Train Your Dragon Legends,SHOW,2013,2010,Not Rated,23,0,1.0,7.3,273.0,,,1,animation,1,US,1
ts22445,The Heirs,SHOW,2013,2010,Not Rated,59,0,1.0,7.5,10653.0,7.8,44.966,1,comedy,3,KR,1
tm469911,Bonnie & Clyde,MOVIE,2013,2010,PG-13,240,0,,,,7.5,0.933,1,drama,3,AT,1
tm149038,Bill Burr: I'm Sorry You Feel That Way,MOVIE,2014,2010,Not Rated,80,0,,8.3,8084.0,7.6,6.745,1,comedy,2,US,1
tm161562,Copenhagen,MOVIE,2014,2010,Not Rated,98,0,,7.0,13233.0,6.7,5.982,1,drama,2,DK,2
ts34066,Mako: Island of Secrets,SHOW,2013,2010,TV-G,25,0,4.0,6.7,4015.0,7.6,41.013,1,scifi,7,AU,1
ts521,Black Ink Crew New York,SHOW,2013,2010,TV-14,43,0,10.0,4.6,468.0,8.5,7.659,1,reality,1,US,1
tm71148,Thanks for Sharing,MOVIE,2013,2010,R,112,0,,6.4,28396.0,5.9,9.986,1,comedy,3,US,1
tm156811,Queen,MOVIE,2014,2010,PG-13,146,0,,8.1,65418.0,7.4,8.434,1,comedy,2,IN,1
ts82979,Talking Tom and Friends,SHOW,2014,2010,TV-G,14,0,5.0,6.1,411.0,8.2,22.213,1,animation,7,US,1
ts33590,The Haunted Hathaways,SHOW,2013,2010,TV-G,24,0,2.0,5.0,2538.0,7.1,17.079,1,comedy,3,US,1
tm138431,Virunga,MOVIE,2014,2010,Not Rated,90,0,,8.2,11476.0,8.0,5.962,1,documentation,2,CD,2
tm144046,Jackass Presents: Bad Grandpa .5,MOVIE,2013,2010,PG-13,86,0,,6.3,,5.9,11.742,1,comedy,1,US,1
ts33840,Nagi-Asu: A Lull in the Sea,SHOW,2013,2010,TV-14,23,0,2.0,7.3,1165.0,7.5,12.324,1,scifi,5,JP,1
tm171965,Mike Birbiglia: My Girlfriend's Boyfriend,MOVIE,2013,2010,Not Rated,75,0,,8.0,3331.0,7.5,3.358,1,comedy,3,US,1
tm157085,Effie Gray,MOVIE,2014,2010,PG-13,104,0,,6.0,5596.0,5.9,6.142,1,drama,2,GB,1
tm185208,Elena,MOVIE,2013,2010,PG-13,82,0,,7.6,1823.0,7.4,4.427,1,documentation,4,US,2
tm180599,The Haunting in Connecticut 2: Ghosts of Georgia,MOVIE,2013,2010,R,101,0,,5.2,17264.0,5.8,27.261,1,thriller,3,US,1
ts58137,Pac-Man and the Ghostly Adventures,SHOW,2013,2010,TV-Y7,22,0,3.0,4.6,678.0,7.4,13.763,1,action,7,CA,3
tm154797,The Nut Job,MOVIE,2014,2010,PG,85,0,,5.7,28484.0,5.7,20.859,1,comedy,4,CA,2
ts20709,Yowamushi Pedal,SHOW,2013,2010,TV-14,25,0,4.0,7.7,824.0,7.3,23.065,1,comedy,4,JP,1
ts10206,Ever After High,SHOW,2013,2010,TV-Y7,29,0,5.0,7.7,1184.0,7.8,28.659,1,action,8,CA,1
ts154625,Dérapages,SHOW,2014,2010,Not Rated,53,0,2.0,7.9,14.0,6.9,8.389,1,drama,2,FR,1
ts37187,Senora Acero,SHOW,2014,2010,TV-MA,43,0,5.0,6.8,387.0,7.8,139.363,1,crime,3,US,1
ts53641,Lalaloopsy,SHOW,2013,2010,TV-Y,23,0,3.0,6.5,104.0,4.0,0.939,1,animation,1,US,1
tm148910,Haider,MOVIE,2014,2010,PG-13,150,0,,8.1,54709.0,7.1,7.372,1,action,4,IN,1
tm182275,Omar,MOVIE,2013,2010,Not Rated,96,0,,7.5,14318.0,7.2,0.6,1,romance,5,PS,1
tm152904,Tom Segura: Completely Normal,MOVIE,2014,2010,Not Rated,74,0,,7.7,2663.0,7.2,3.08,1,comedy,2,US,1
tm172710,We Steal Secrets: The Story of WikiLeaks,MOVIE,2013,2010,R,127,0,,6.9,7934.0,6.6,6.159,1,documentation,1,US,1
tm143757,Search Party,MOVIE,2014,2010,R,93,0,,5.6,7840.0,5.4,7.116,1,comedy,1,US,1
ts35628,Some Assembly Required,SHOW,2014,2010,TV-G,24,0,4.0,8.5,22.0,6.8,12.121,1,comedy,3,CA,1
ts57744,Miniforce,SHOW,2014,2010,TV-Y7,13,0,8.0,,,6.0,4.796,1,animation,1,KR,1
ts58010,VeggieTales in the House,SHOW,2014,2010,TV-G,18,0,4.0,4.2,311.0,5.5,5.953,1,comedy,4,US,1
tm143372,Stand by Me Doraemon,MOVIE,2014,2010,G,90,0,,7.3,7989.0,7.339,65.668,1,scifi,6,JP,1
ts21368,Black Money Love,SHOW,2014,2010,TV-MA,76,0,2.0,7.4,6167.0,8.2,24.363,1,action,4,TR,1
tm167944,Berserk: The Golden Age Arc III - The Advent,MOVIE,2013,2010,NC-17,110,0,,7.8,10173.0,7.6,41.099,1,drama,6,JP,1
tm187390,The Square,MOVIE,2013,2010,Not Rated,88,0,,8.1,8949.0,7.8,5.434,1,documentation,3,US,3
tm143363,2 States,MOVIE,2014,2010,PG,149,0,,6.9,25656.0,6.6,9.483,1,drama,3,IN,1
ts88394,Moving Art,SHOW,2014,2010,Not Rated,28,0,3.0,8.6,454.0,6.3,1.4,1,documentation,2,US,1
ts36127,Turbo FAST,SHOW,2013,2010,TV-PG,19,0,3.0,6.3,613.0,8.7,7.35,1,comedy,6,US,1
tm458034,BoJack Horseman Christmas Special,MOVIE,2014,2010,Not Rated,25,0,,,,7.1,1.566,1,,0,US,1
ts3799,All Hail King Julien,SHOW,2014,2010,TV-Y7,23,0,5.0,7.0,2042.0,6.9,26.409,1,comedy,5,US,1
tm171929,The Short Game,MOVIE,2013,2010,PG,100,0,,7.3,1570.0,7.3,3.553,1,documentation,2,US,1
tm155291,Highway,MOVIE,2014,2010,PG-13,133,0,,7.6,28688.0,7.3,6.553,1,crime,3,IN,1
tm180643,Jinxed,MOVIE,2013,2010,G,70,0,,6.3,1488.0,6.7,6.357,1,comedy,2,CA,2
tm139617,Dragons: Dawn Of The Dragon Racers,MOVIE,2014,2010,Not Rated,26,0,,,,7.2,41.761,1,fantasy,5,US,1
ts16117,20 Minutes,SHOW,2013,2010,TV-MA,46,0,1.0,7.1,1730.0,8.0,2.294,1,action,3,TR,1
tm182969,Dabbe: The Possession,MOVIE,2013,2010,Not Rated,120,0,,6.8,5831.0,6.0,5.475,1,horror,1,TR,1
tm215339,Ralphie May: Imperfectly Yours,MOVIE,2013,2010,Not Rated,69,0,,5.4,154.0,5.0,2.254,1,comedy,2,US,1
tm151927,Mary Kom,MOVIE,2014,2010,PG-13,122,0,,6.8,10769.0,7.1,4.917,1,history,4,IN,1
tm139922,"The Other One: The Long, Strange Trip of Bob Weir",MOVIE,2014,2010,Not Rated,85,0,,7.3,1677.0,7.3,1.52,1,music,2,US,1
tm185797,Fukrey,MOVIE,2013,2010,PG-13,137,0,,6.9,11780.0,6.8,4.383,1,drama,3,IN,1
tm174289,Free Birds,MOVIE,2013,2010,PG,91,0,,5.8,24140.0,5.9,17.211,1,animation,4,US,1
tm181092,Race 2,MOVIE,2013,2010,Not Rated,150,0,,5.3,16455.0,5.6,4.49,1,thriller,3,IN,1
ts20781,Incomplete Life,SHOW,2014,2010,TV-14,73,0,1.0,8.5,1987.0,9.1,6.909,1,comedy,2,KR,1
tm180802,LEGO Marvel Super Heroes: Maximum Overload,MOVIE,2013,2010,PG,20,0,,,,6.2,10.788,1,action,3,US,1
tm183706,Birth Reborn,MOVIE,2013,2010,Not Rated,91,0,,7.8,252.0,6.8,1.248,1,documentation,3,BR,1
tm168685,The Berlin File,MOVIE,2013,2010,Not Rated,120,0,,6.6,7198.0,6.7,7.911,1,action,2,KR,1
tm199408,Monty Python: The Meaning of Live,MOVIE,2014,2010,Not Rated,96,0,,7.6,598.0,7.4,1.714,1,documentation,2,GB,1
tm140911,Imperial Dreams,MOVIE,2014,2010,Not Rated,87,0,,6.7,4509.0,6.5,5.371,1,drama,1,US,1
tm148597,Monty Python: Live (Mostly),MOVIE,2014,2010,R,138,0,,7.6,2623.0,7.1,3.875,1,documentation,3,GB,1
ts76743,Dokidoki! PreCure,SHOW,2013,2010,TV-G,23,0,2.0,6.2,195.0,8.0,9.028,1,animation,6,JP,1
ts83239,Booba,SHOW,2014,2010,Not Rated,4,0,4.0,6.9,392.0,7.0,10.547,1,comedy,3,RU,1
tm144021,LEGO DC Comics Super Heroes: Batman Be-Leaguered,MOVIE,2014,2010,Not Rated,22,0,,6.5,1340.0,6.9,12.506,1,action,5,US,1
tm148457,Hasee Toh Phasee,MOVIE,2014,2010,PG-13,141,0,,6.8,15152.0,6.7,6.166,1,comedy,2,IN,1
ts75104,Zbrodnia,SHOW,2014,2010,TV-MA,45,0,2.0,6.2,692.0,6.3,2.675,1,crime,2,PL,1
tm148662,The Boss: Anatomy of a Crime,MOVIE,2014,2010,Not Rated,98,0,,7.3,2156.0,7.8,25.309,1,drama,2,VE,2
ts34074,"That Winter, the Wind Blows",SHOW,2013,2010,TV-MA,63,0,1.0,7.6,1836.0,7.5,5.05,1,drama,1,KR,1
tm181550,Once Upon a Time in Mumbai Dobaara!,MOVIE,2013,2010,Not Rated,160,0,,4.4,7204.0,5.5,3.627,1,action,4,IN,1
tm149914,Jim Jefferies: Bare,MOVIE,2014,2010,R,76,0,,8.0,5461.0,7.5,6.947,1,comedy,1,US,1
tm145627,Pizza,MOVIE,2014,2010,Not Rated,107,0,,6.2,1313.0,4.6,2.54,1,horror,2,IN,1
tm186161,Boss,MOVIE,2013,2010,PG-13,143,0,,5.1,11159.0,5.7,3.181,1,comedy,4,IN,1
tm183002,Madras Cafe,MOVIE,2013,2010,PG-13,130,0,,7.6,24506.0,6.6,7.356,1,action,3,IN,1
ts122290,Dharmakshetra,SHOW,2014,2010,TV-14,44,0,1.0,8.3,273.0,10.0,1.243,1,drama,1,IN,1
ts75833,Masha's Spooky Stories,SHOW,2014,2010,TV-Y,5,0,1.0,6.2,67.0,5.5,6.738,1,animation,2,RU,1
tm158302,Ankhon Dekhi,MOVIE,2014,2010,Not Rated,104,0,,8.0,11330.0,6.9,4.013,1,drama,2,IN,1
tm182322,Kai Po Che!,MOVIE,2013,2010,Not Rated,126,0,,7.7,36784.0,7.0,6.691,1,drama,2,IN,1
tm157062,Anjaan,MOVIE,2014,2010,Not Rated,170,0,,5.3,5018.0,5.8,4.673,1,crime,3,IN,1
tm186054,ABCD,MOVIE,2013,2010,PG-13,136,0,,6.3,6960.0,6.1,3.347,1,music,2,IN,1
tm165504,Blind Detective,MOVIE,2013,2010,Not Rated,130,0,,6.4,3300.0,6.0,7.454,1,crime,5,HK,1
tm167342,Satyagraha,MOVIE,2013,2010,PG,152,0,,5.9,5171.0,6.2,2.663,1,drama,2,IN,1
tm35895,Buddies,MOVIE,2013,2010,Not Rated,94,0,,6.5,1082.0,6.9,3.198,1,drama,5,BR,1
tm158980,Khoobsurat,MOVIE,2014,2010,PG,130,0,,6.4,8464.0,6.765,6.343,1,comedy,2,IN,1
ts67797,Sammy & Co,SHOW,2014,2010,TV-PG,15,0,2.0,5.7,31.0,7.3,1.96,1,animation,2,US,1
tm149747,The Perfect Dictatorship,MOVIE,2014,2010,Not Rated,143,0,,7.2,5432.0,7.2,15.244,1,drama,2,MX,1
tm159819,Bride for Rent,MOVIE,2014,2010,Not Rated,115,0,,6.4,601.0,7.5,2.354,1,romance,2,PH,1
tm2269,Selfie,MOVIE,2014,2010,Not Rated,123,0,,6.0,1671.0,6.3,2.164,1,comedy,4,RO,1
tm175753,Chashme Baddoor,MOVIE,2013,2010,Not Rated,120,0,,5.4,5148.0,4.5,2.874,1,comedy,2,IN,1
tm178513,Bombay Talkies,MOVIE,2013,2010,PG-13,127,0,,6.6,5402.0,6.5,4.389,1,drama,2,IN,1
tm160034,Humpty Sharma Ki Dulhania,MOVIE,2014,2010,PG,133,0,,6.0,12969.0,6.4,6.707,1,drama,3,IN,1
tm142630,Ragini MMS 2,MOVIE,2014,2010,PG-13,120,0,,3.9,2903.0,4.3,3.17,1,horror,1,IN,1
tm149578,Mission Blue,MOVIE,2014,2010,PG,94,0,,7.9,1991.0,7.5,4.029,1,documentation,2,US,1
tm176481,Chennai Express,MOVIE,2013,2010,PG-13,141,0,,6.0,53939.0,6.6,8.622,1,romance,4,IN,1
tm137379,Silent,MOVIE,2014,2010,Not Rated,3,0,,,,7.0,3.596,1,animation,3,US,1
tm360904,The Meaning of Monty Python,MOVIE,2013,2010,Not Rated,60,0,,,,7.5,2.898,1,documentation,1,US,1
tm167107,Saheb Biwi Aur Gangster Returns,MOVIE,2013,2010,Not Rated,142,0,,6.7,3997.0,6.8,3.099,1,action,4,IN,1
tm158546,Raja Natwarlal,MOVIE,2014,2010,PG,141,0,,6.1,4311.0,6.6,2.473,1,thriller,2,IN,1
tm236725,My Beautiful Broken Brain,MOVIE,2014,2010,Not Rated,84,0,,7.0,2286.0,7.1,3.201,1,documentation,1,GB,1
tm151210,Jim Gaffigan: Obsessed,MOVIE,2014,2010,Not Rated,70,0,,7.6,2244.0,7.2,3.499,1,comedy,2,US,1
tm146657,Jeff Dunham: All Over the Map,MOVIE,2014,2010,PG-13,41,0,,7.1,854.0,5.5,1.512,1,comedy,1,IL,7
tm157681,Eyes of a Thief,MOVIE,2014,2010,Not Rated,98,0,,6.6,450.0,5.0,1.103,1,drama,1,PS,1
tm145791,Miss Granny,MOVIE,2014,2010,Not Rated,124,0,,7.2,3508.0,7.4,6.475,1,drama,5,KR,1
tm175954,Aziz Ansari: Buried Alive,MOVIE,2013,2010,Not Rated,79,0,,7.2,3998.0,7.0,5.417,1,comedy,2,US,1
tm158436,Print the Legend,MOVIE,2014,2010,Not Rated,100,0,,7.0,1967.0,6.7,4.769,1,documentation,3,US,1
tm172027,The Butterfly's Dream,MOVIE,2013,2010,PG-13,138,0,,7.7,22191.0,7.3,5.576,1,drama,3,TR,1
tm209037,Tea Time,MOVIE,2014,2010,Not Rated,70,0,,7.6,507.0,7.7,1.704,1,documentation,1,CL,1
tm153055,Mitt,MOVIE,2014,2010,Not Rated,93,0,,6.9,2579.0,6.3,3.843,1,documentation,2,US,1
tm155051,Trailer Park Boys - Live in F**kin' Dublin,MOVIE,2014,2010,Not Rated,81,0,,6.2,1569.0,6.0,1.567,1,comedy,1,CA,1
tm143299,Ungli,MOVIE,2014,2010,PG-13,114,0,,5.8,3914.0,5.8,2.757,1,thriller,3,IN,1
tm348393,When Love Happens,MOVIE,2014,2010,Not Rated,109,0,,4.8,129.0,5.0,1.287,1,romance,1,NG,1
tm182227,Marc Maron: Thinky Pain,MOVIE,2013,2010,Not Rated,90,0,,7.3,1892.0,7.2,2.675,1,comedy,1,US,1
tm182534,From One Second to the Next,MOVIE,2013,2010,Not Rated,34,0,,,,7.1,4.02,1,documentation,1,US,1
ts121189,"Raja, Rasoi Aur Anya Kahaniyaan",SHOW,2014,2010,Not Rated,29,0,3.0,8.9,333.0,10.0,0.992,1,history,2,IN,1
tm157461,Coming Soon,MOVIE,2014,2010,PG,134,0,,7.3,34137.0,6.745,6.194,1,romance,3,TR,1
tm370685,Dazzling Mirage,MOVIE,2014,2010,Not Rated,90,0,,,,,1.76,0,romance,2,NG,1
ts20238,Boss & Me,SHOW,2014,2010,TV-PG,45,0,1.0,7.3,456.0,9.0,5.829,1,comedy,2,CN,1
tm157609,Born in Gaza,MOVIE,2014,2010,Not Rated,69,0,,7.4,511.0,8.8,1.4,1,documentation,2,ES,1
tm152273,Tiger & Bunny: The Rising,MOVIE,2014,2010,Not Rated,108,0,,6.7,334.0,5.8,3.39,1,scifi,3,JP,1
tm202914,My Own Man,MOVIE,2014,2010,Not Rated,82,0,,6.4,447.0,6.8,1.895,1,documentation,4,US,1
tm183654,SDU: Sex Duties Unit,MOVIE,2013,2010,Not Rated,94,0,,5.9,492.0,5.8,3.625,1,comedy,2,HK,1
tm147518,City of God: 10 Years Later,MOVIE,2013,2010,PG,69,0,,6.4,1322.0,6.9,11.673,1,documentation,1,BR,1
tm197423,October 1,MOVIE,2014,2010,PG-13,149,0,,6.4,446.0,6.2,1.347,1,thriller,3,NG,1
tm145658,The Amazing Praybeyt Benjamin,MOVIE,2014,2010,Not Rated,105,0,,4.0,195.0,3.5,1.584,1,drama,5,PH,1
ts82860,Against the Tide,SHOW,2014,2010,TV-14,44,0,1.0,7.6,11.0,6.0,0.6,1,drama,1,SG,1
tm151860,Free to Play,MOVIE,2014,2010,Not Rated,75,0,,7.6,13341.0,7.0,5.11,1,documentation,2,US,5
tm184511,Inkaar,MOVIE,2013,2010,R,133,0,,6.1,2586.0,5.6,2.882,1,drama,3,IN,1
tm145216,Dabbe 5: Curse of the Jinn,MOVIE,2014,2010,R,132,0,,5.9,3788.0,5.3,4.004,1,horror,1,TR,1
tm610571,Diamonds in the Sky,MOVIE,2014,2010,Not Rated,132,0,,7.4,10.0,,,1,drama,1,IN,1
tm529733,Chhota Bheem and the ShiNobi Secret,MOVIE,2013,2010,G,63,0,,8.6,6.0,,,1,animation,1,IN,1
tm169054,Bhaji in Problem,MOVIE,2013,2010,Not Rated,117,0,,7.1,1021.0,8.0,1.84,1,drama,2,IN,1
tm154729,Dedh Ishqiya,MOVIE,2014,2010,R,148,0,,7.0,7236.0,6.5,2.411,1,romance,4,IN,1
tm187505,She's The One,MOVIE,2013,2010,Not Rated,110,0,,6.3,210.0,6.2,1.282,1,romance,3,PH,1
tm177645,Wedding Association,MOVIE,2013,2010,PG-13,106,0,,7.0,22458.0,6.3,4.209,1,comedy,1,XX,1
tm155507,Chelsea Handler: Uganda Be Kidding Me Live,MOVIE,2014,2010,Not Rated,71,0,,5.8,1179.0,6.4,2.714,1,comedy,1,US,1
tm182580,Ghadi,MOVIE,2013,2010,PG-13,100,0,,7.3,1128.0,6.5,2.793,1,drama,3,LB,1
tm152843,Swearnet: The Movie,MOVIE,2014,2010,R,112,0,,6.0,2769.0,5.4,4.778,1,comedy,1,CA,1
tm147405,E-Team,MOVIE,2014,2010,Not Rated,88,0,,7.1,873.0,6.0,2.421,1,documentation,2,US,1
tm185736,SampleThis,MOVIE,2013,2010,Not Rated,85,0,,6.4,471.0,6.6,1.8,1,documentation,2,US,1
tm587320,El Mago Pop,MOVIE,2013,2010,Not Rated,44,0,,6.8,21.0,,,1,reality,2,ES,1
tm183805,Ghanchakkar,MOVIE,2013,2010,PG,137,0,,5.8,5052.0,5.5,4.012,1,thriller,3,IN,1
tm132675,100 Things to Do Before High School,MOVIE,2014,2010,Not Rated,44,0,,,,,0.0094417458789051,0,,0,US,1
tm323262,Seven Souls in the Skull Castle,MOVIE,2013,2010,Not Rated,179,0,,7.3,49.0,,2.885,1,drama,3,JP,1
tm181051,Giraffada,MOVIE,2014,2010,Not Rated,85,0,,6.3,243.0,5.8,3.451,1,drama,2,DE,4
tm169294,Pagpag: Siyam na Buhay,MOVIE,2013,2010,Not Rated,105,0,,5.4,326.0,7.0,2.658,1,horror,1,PH,1
tm147908,Anaamika,MOVIE,2014,2010,PG,124,0,,5.5,271.0,6.0,0.973,1,thriller,1,IN,1
tm178992,The Midas Touch,MOVIE,2013,2010,Not Rated,99,0,,5.0,190.0,4.0,1.883,1,comedy,1,HK,1
tm250364,Chhota Bheem in the Incan Adventure,MOVIE,2013,2010,G,64,0,,7.5,32.0,,2.038,1,fantasy,2,XX,1
tm162259,Mars at Sunrise,MOVIE,2014,2010,Not Rated,75,0,,7.8,43.0,,0.979,1,drama,1,US,1
tm166723,It Takes a Man and a Woman,MOVIE,2013,2010,Not Rated,120,0,,6.7,363.0,7.8,1.892,1,romance,3,PH,1
tm177224,Gori Tere Pyaar Mein,MOVIE,2013,2010,Not Rated,150,0,,4.9,3861.0,6.1,4.555,1,comedy,3,IN,1
tm187118,What the Fish,MOVIE,2013,2010,PG-13,98,0,,5.2,211.0,5.5,1.349,1,drama,2,IN,1
ts144527,World at Your Feet,SHOW,2014,2010,TV-14,44,0,1.0,,,,,0,drama,1,SG,1
tm577690,A Place in the Stars,MOVIE,2014,2010,Not Rated,112,0,,6.2,19.0,,1.176,1,thriller,2,NG,1
tm200926,Heritages,MOVIE,2014,2010,Not Rated,96,0,,7.3,131.0,4.0,0.955,1,drama,3,AE,2
tm155014,Trailer Park Boys: Live at the North Pole,MOVIE,2014,2010,Not Rated,88,0,,6.7,1114.0,7.0,2.061,1,comedy,1,CA,1
tm159296,One by Two,MOVIE,2014,2010,Not Rated,139,0,,3.9,748.0,4.4,2.275,1,comedy,3,IN,1
tm179328,Romantik Komedi 2: Bekarlığa Veda,MOVIE,2013,2010,Not Rated,105,0,,5.1,3383.0,5.1,4.536,1,comedy,2,XX,1
ts32752,Two Fathers,SHOW,2013,2010,TV-14,44,0,1.0,8.0,59.0,7.0,1.762,1,comedy,2,TW,1
tm528043,Chhota Bheem the Crown of Valhalla,MOVIE,2013,2010,Not Rated,64,0,,7.6,15.0,,,1,animation,1,,0
tm186408,The Land of Cards,MOVIE,2013,2010,Not Rated,110,0,,5.5,412.0,6.5,3.983,1,fantasy,1,IN,1
tm157783,Gollu Aur Pappu,MOVIE,2014,2010,G,112,0,,3.8,119.0,4.7,1.556,1,comedy,1,IN,1
tm146144,Bobby Jasoos,MOVIE,2014,2010,Not Rated,121,0,,5.5,2331.0,5.9,1.886,1,action,4,IN,1
tm144541,Refugiado,MOVIE,2014,2010,R,95,0,,6.4,373.0,6.2,1.835,1,thriller,3,AR,1
tm175364,Chhota Bheem Aur Hanuman,MOVIE,2013,2010,G,67,0,,7.3,36.0,6.2,1.509,1,animation,2,IN,1
tm136036,That Thing Called Tadhana,MOVIE,2014,2010,Not Rated,110,0,,7.4,1050.0,6.4,2.887,1,romance,3,PH,1
tm163066,Xenos,MOVIE,2013,2010,Not Rated,12,0,,7.8,,5.0,1.4,1,documentation,1,GB,1
tm188290,Must Be... Love,MOVIE,2013,2010,Not Rated,105,0,,6.4,531.0,6.0,2.345,1,comedy,2,PH,1
tm1223427,Motu Patlu in Wonderland,MOVIE,2013,2010,Not Rated,75,0,,,,,,0,animation,1,,0
tm142852,She's Dating the Gangster,MOVIE,2014,2010,Not Rated,105,0,,7.0,1100.0,7.2,3.134,1,drama,3,PH,1
tm228574,Swearnet Live,MOVIE,2014,2010,Not Rated,75,0,,5.3,540.0,5.4,1.507,1,comedy,1,CA,1
tm171891,Himmatwala,MOVIE,2013,2010,Not Rated,150,0,,1.7,8648.0,3.3,0.6,1,comedy,3,IN,1
tm250247,Chhota Bheem & Krishna vs Zimbara,MOVIE,2013,2010,G,64,0,,9.1,16.0,,1.442,1,animation,1,,0
tm176900,Theeya Velai Seiyyanum Kumaru,MOVIE,2013,2010,Not Rated,125,0,,5.3,30.0,5.6,2.895,1,comedy,3,IN,1
tm158671,A Fairly Odd Summer,MOVIE,2014,2010,G,66,0,,3.8,564.0,5.9,8.572,1,fantasy,4,US,1
tm144557,Deliha,MOVIE,2014,2010,PG-13,107,0,,4.5,4315.0,5.7,5.163,1,family,3,TR,1
tm528044,Chhota Bheem Neeli Pahaadi,MOVIE,2013,2010,G,63,0,,8.7,10.0,,,1,animation,1,,0
tm169669,Four Sisters and a Wedding,MOVIE,2013,2010,Not Rated,126,0,,7.2,816.0,7.1,4.565,1,drama,2,PH,1
tm149541,D.L. Hughley: Clear,MOVIE,2014,2010,Not Rated,59,0,,6.8,253.0,6.6,2.854,1,comedy,1,US,1
tm144451,Cold Harbour,MOVIE,2014,2010,Not Rated,76,0,,5.2,215.0,4.2,1.955,1,thriller,3,ZA,1
tm205684,Confusion Na Wa,MOVIE,2013,2010,Not Rated,105,0,,7.0,38.0,7.0,1.513,1,crime,3,NG,1
tm175577,Flower Girl,MOVIE,2013,2010,Not Rated,94,0,,6.0,108.0,6.0,0.628,1,comedy,2,NG,1
tm178234,Blind Intersections,MOVIE,2013,2010,Not Rated,87,0,,6.6,176.0,4.5,1.262,1,drama,1,LB,2
tm176553,Doctor Bello,MOVIE,2013,2010,Not Rated,95,0,,4.8,54.0,6.0,1.802,1,drama,2,NG,2
tm481846,Chhota Bheem Dus pe Dus,MOVIE,2014,2010,G,62,0,,5.1,23.0,,,1,animation,1,XX,1
tm138280,Sigaram Thodu,MOVIE,2014,2010,Not Rated,147,0,,6.1,462.0,5.4,1.509,1,action,2,IN,1
tm156397,Starting Over Again,MOVIE,2014,2010,Not Rated,130,0,,8.3,15.0,7.2,2.044,1,comedy,4,PH,1
tm159094,Naan Sigappu Manithan,MOVIE,2014,2010,Not Rated,161,0,,6.5,1092.0,6.4,2.416,1,drama,3,IN,1
tm1194608,Motu Patlu: Deep Sea Adventure,MOVIE,2014,2010,Not Rated,75,0,,,,,0.879,0,comedy,2,IN,1
tm460055,The War Against Women,MOVIE,2013,2010,Not Rated,62,0,,7.3,74.0,6.3,1.305,1,documentation,2,US,2
tm157286,The Royal Bengal Tiger,MOVIE,2014,2010,Not Rated,107,0,,6.8,909.0,6.7,1.576,1,thriller,1,IN,1
ts271005,幸福料理,SHOW,2014,2010,TV-14,44,0,1.0,,,,0.6,0,,0,,0
tm179248,Settai,MOVIE,2013,2010,Not Rated,136,0,,4.5,525.0,5.1,2.696,1,comedy,3,IN,1
tm1036195,Condom Lead,MOVIE,2013,2010,Not Rated,15,0,,,,,1.4,0,drama,1,PS,1
tm681614,Grandmother's Farm,MOVIE,2013,2010,Not Rated,71,0,,2.9,78.0,,,1,comedy,2,,0
ts107543,Mystic Whispers,SHOW,2014,2010,TV-14,26,0,1.0,6.9,17.0,,,1,romance,2,SG,1
tm242276,Na Bangaaru Talli,MOVIE,2014,2010,Not Rated,116,0,,7.2,160.0,7.0,0.921,1,thriller,4,IN,1
tm159701,Wyatt Cenac: Brooklyn,MOVIE,2014,2010,Not Rated,67,0,,6.3,231.0,6.2,1.806,1,comedy,1,US,1
tm177376,Todd Glass Talks About Stuff,MOVIE,2013,2010,Not Rated,46,0,,,,,1.801,0,comedy,1,US,1
tm150962,Mumbai Delhi Mumbai,MOVIE,2014,2010,PG,120,0,,5.7,357.0,6.3,1.4,1,comedy,2,IN,1
ts261583,Ojo's in d' House,SHOW,2013,2010,Not Rated,24,0,1.0,6.1,11.0,,,1,comedy,1,NG,1
ts8,Better Call Saul,SHOW,2015,2010,TV-MA,49,0,6.0,8.8,438575.0,8.5,273.296,1,drama,2,US,1
ts37143,Alone,SHOW,2015,2010,TV-MA,51,0,9.0,8.4,5037.0,7.0,26.93,1,reality,2,US,1
ts38796,Stranger Things,SHOW,2016,2010,TV-14,61,0,5.0,8.7,1101055.0,8.635,2226.231,1,scifi,5,US,1
ts21867,Schitt's Creek,SHOW,2015,2010,TV-14,22,0,6.0,8.5,115758.0,7.6,25.254,1,comedy,1,CA,1
ts41766,The Good Place,SHOW,2016,2010,TV-14,23,0,4.0,8.2,152884.0,8.0,33.793,1,scifi,5,US,1
ts37539,One-Punch Man,SHOW,2015,2010,TV-PG,22,0,2.0,8.7,152231.0,8.4,133.336,1,action,7,JP,1
tm232579,Hunt for the Wilderpeople,MOVIE,2016,2010,PG-13,101,0,,7.8,128676.0,7.7,11.591,1,drama,2,NZ,1
ts36577,The Last Kingdom,SHOW,2015,2010,TV-MA,55,0,5.0,8.5,132561.0,8.3,153.281,1,action,5,GB,1
ts35201,Food Wars! Shokugeki no Soma,SHOW,2015,2010,TV-MA,24,0,5.0,8.2,10022.0,8.6,28.642,1,drama,5,JP,1
tm243100,Hell or High Water,MOVIE,2016,2010,R,102,0,,7.6,227350.0,7.303,28.227,1,thriller,5,US,1
ts42069,The Crown,SHOW,2016,2010,TV-MA,56,0,5.0,8.7,194243.0,8.2,75.521,1,drama,3,GB,2
ts36885,Ash vs Evil Dead,SHOW,2015,2010,TV-MA,30,0,3.0,8.4,70087.0,7.7,30.426,1,action,6,US,1
tm195209,Legend,MOVIE,2015,2010,R,131,0,,6.9,178601.0,6.985,333.013,1,thriller,4,GB,3
tm239760,Blair Witch,MOVIE,2016,2010,R,89,0,,5.0,44716.0,5.2,19.407,1,thriller,2,US,2
tm204163,War Dogs,MOVIE,2016,2010,R,114,0,,7.1,212032.0,6.9,32.374,1,crime,4,US,1
ts36147,Lucifer,SHOW,2016,2010,TV-14,47,0,6.0,8.1,313124.0,8.523,922.112,1,scifi,4,US,1
ts35793,Forged in Fire,SHOW,2015,2010,TV-PG,42,0,9.0,8.3,3632.0,8.1,24.602,1,reality,1,US,1
ts53051,The OA,SHOW,2016,2010,TV-MA,55,0,2.0,7.8,103176.0,7.6,33.623,1,scifi,3,US,1
tm135307,Blackhat,MOVIE,2015,2010,R,133,0,,5.4,58192.0,5.5,38.675,1,action,3,US,1
tm205890,The Take,MOVIE,2016,2010,R,92,0,,6.3,43449.0,6.3,17.563,1,action,4,US,4
tm239727,Nocturnal Animals,MOVIE,2016,2010,R,117,0,,7.5,264884.0,7.5,24.273,1,thriller,2,US,1
tm242705,Raw,MOVIE,2016,2010,R,99,0,,7.0,72460.0,7.08,14.899,1,horror,4,FR,2
tm138905,The Hateful Eight,MOVIE,2015,2010,R,188,0,,7.8,570138.0,7.737,26.531,1,thriller,4,US,1
ts38199,The Magicians,SHOW,2015,2010,TV-14,44,0,5.0,7.6,50193.0,7.7,41.602,1,scifi,3,US,1
ts42062,Miraculous: Tales of Ladybug & Cat Noir,SHOW,2015,2010,TV-Y7,21,0,5.0,7.7,10102.0,8.0,266.566,1,animation,5,FR,1
ts41961,Queen of the South,SHOW,2016,2010,TV-MA,42,0,5.0,7.9,29495.0,7.623,42.381,1,drama,4,US,1
ts35251,Grace and Frankie,SHOW,2015,2010,TV-MA,29,0,7.0,8.2,51116.0,7.6,25.429,1,drama,2,US,1
ts41956,Designated Survivor,SHOW,2016,2010,TV-14,44,0,3.0,7.5,89300.0,7.2,40.372,1,war,4,US,1
ts38718,Slasher,SHOW,2016,2010,TV-MA,46,0,4.0,6.7,14321.0,6.6,33.199,1,crime,4,CA,1
ts42014,60 Days In,SHOW,2016,2010,TV-14,46,0,7.0,7.6,2676.0,6.8,8.446,1,documentation,2,US,1
ts53664,Fauda,SHOW,2015,2010,TV-MA,40,0,4.0,8.2,26158.0,7.5,41.37,1,war,4,IL,1
ts37866,Call My Agent!,SHOW,2015,2010,TV-MA,55,0,4.0,8.3,14061.0,7.9,20.42,1,comedy,3,FR,1
ts42120,Travelers,SHOW,2016,2010,TV-MA,45,0,3.0,8.0,55485.0,7.6,37.756,1,scifi,3,CA,1
tm140391,Pan,MOVIE,2015,2010,PG,111,0,,5.7,63788.0,6.0,24.494,1,action,4,US,2
tm199607,The Gift,MOVIE,2015,2010,R,108,0,,7.0,155102.0,6.7,15.146,1,drama,3,AU,2
tm137869,Wild Card,MOVIE,2015,2010,R,92,0,,5.6,55605.0,5.6,66.805,1,action,4,US,1
ts42077,Medici: Masters of Florence,SHOW,2016,2010,TV-14,54,0,3.0,7.9,18891.0,7.8,31.427,1,war,6,IT,2
ts52922,Leah Remini: Scientology and the Aftermath,SHOW,2016,2010,TV-14,46,0,3.0,9.0,5890.0,8.2,6.44,1,documentation,2,US,1
ts18010,Bloodline,SHOW,2015,2010,TV-MA,57,0,3.0,7.9,51422.0,7.3,17.338,1,drama,2,US,1
ts36129,Crazy Ex-Girlfriend,SHOW,2015,2010,TV-14,42,0,4.0,7.8,20028.0,6.9,19.268,1,comedy,1,US,1
ts36631,Narcos,SHOW,2015,2010,TV-MA,52,0,3.0,8.8,410463.0,7.973,75.495,1,drama,3,US,1
ts36550,DC's Legends of Tomorrow,SHOW,2016,2010,TV-14,42,0,7.0,6.8,101178.0,7.4,63.898,1,drama,3,US,1
ts70529,Norsemen,SHOW,2016,2010,TV-MA,31,0,3.0,7.7,18456.0,7.0,30.431,1,comedy,3,NO,1
ts41975,Shooter,SHOW,2016,2010,TV-14,41,0,3.0,7.5,36165.0,7.1,45.055,1,action,3,US,1
ts38734,Marcella,SHOW,2016,2010,TV-MA,45,0,3.0,7.4,30969.0,7.1,25.841,1,crime,3,GB,1
ts36015,Into the Badlands,SHOW,2015,2010,TV-14,43,0,3.0,7.9,46030.0,7.6,22.624,1,action,2,US,1
tm120609,"Hail, Caesar!",MOVIE,2016,2010,PG-13,106,0,,6.3,133837.0,5.9,11.125,1,comedy,3,US,1
ts35554,Scream: The TV Series,SHOW,2015,2010,TV-14,43,0,3.0,7.1,40676.0,6.9,38.018,1,thriller,5,US,1
ts21981,iZombie,SHOW,2015,2010,TV-14,42,0,5.0,7.8,67213.0,7.792,45.203,1,crime,5,US,1
tm137693,Crimson Peak,MOVIE,2015,2010,R,119,0,,6.5,146073.0,6.64,27.654,1,horror,5,US,1
ts35563,Supergirl,SHOW,2015,2010,TV-14,42,0,6.0,6.2,122911.0,7.3,91.102,1,scifi,3,US,1
ts21869,Sense8,SHOW,2015,2010,TV-MA,62,0,2.0,8.2,152865.0,7.8,34.974,1,scifi,3,US,1
tm137002,Bāhubali: The Beginning,MOVIE,2015,2010,Not Rated,158,0,,8.0,120110.0,7.6,57.23,1,action,3,IN,1
ts47714,Kim's Convenience,SHOW,2016,2010,TV-14,22,0,5.0,8.2,17706.0,7.8,17.034,1,comedy,1,CA,1
tm206698,Ouija: Origin of Evil,MOVIE,2016,2010,PG-13,99,0,,5.3,6.0,6.1,44.508,1,drama,3,US,1
ts38710,Wynonna Earp,SHOW,2016,2010,TV-14,43,0,4.0,7.3,22565.0,8.0,30.342,1,western,6,CA,2
ts21885,Unbreakable Kimmy Schmidt,SHOW,2015,2010,TV-14,30,0,4.0,7.6,71266.0,7.2,25.634,1,comedy,2,US,1
tm139841,Sinister 2,MOVIE,2015,2010,R,97,0,,5.3,54305.0,5.8,34.866,1,horror,2,US,3
tm233377,The Edge of Seventeen,MOVIE,2016,2010,R,105,0,,7.3,124099.0,7.2,31.226,1,drama,2,US,1
ts35253,Dark Matter,SHOW,2015,2010,TV-14,43,0,3.0,7.5,42177.0,6.7,19.743,1,scifi,4,CA,1
tm143984,London Has Fallen,MOVIE,2016,2010,R,99,0,,5.9,157409.0,6.145,47.627,1,action,4,GB,3
ts41289,Flowers,SHOW,2016,2010,TV-14,25,0,2.0,8.1,5650.0,7.4,4.476,1,comedy,3,GB,1
tm233425,A Silent Voice: The Movie,MOVIE,2016,2010,PG-13,130,0,,8.1,77667.0,8.409,162.66,1,animation,4,JP,1
ts38090,Versailles,SHOW,2015,2010,TV-MA,54,0,3.0,7.9,16505.0,7.8,31.857,1,drama,7,CA,2
ts21986,Good Witch,SHOW,2015,2010,TV-G,43,0,7.0,7.2,10556.0,7.7,35.952,1,scifi,4,US,1
tm120108,Kung Fu Panda 3,MOVIE,2016,2010,PG,95,0,,7.1,155678.0,6.851,91.033,1,action,6,US,2
tm239676,Hush,MOVIE,2016,2010,R,82,0,,6.6,123667.0,6.7,20.608,1,horror,2,US,1
ts36177,Glitch,SHOW,2015,2010,TV-MA,52,0,3.0,7.3,17240.0,6.8,48.448,1,scifi,4,AU,1
tm212927,Mr. Right,MOVIE,2016,2010,R,90,0,,6.3,55955.0,6.439,16.884,1,action,3,US,1
tm194792,The Boy,MOVIE,2016,2010,PG-13,97,0,,6.0,90853.0,5.9,29.848,1,horror,2,US,1
ts35775,Wet Hot American Summer: First Day of Camp,SHOW,2015,2010,TV-MA,29,0,2.0,7.3,23947.0,6.4,9.636,1,comedy,1,US,1
ts38415,Frontier,SHOW,2016,2010,TV-MA,47,0,3.0,7.1,20979.0,6.8,23.849,1,action,3,CA,1
ts42687,PJ Masks,SHOW,2015,2010,TV-G,15,0,5.0,5.4,1268.0,5.0,42.328,1,family,6,GB,1
ts38511,Love,SHOW,2016,2010,TV-MA,32,0,3.0,7.7,42357.0,7.3,26.397,1,comedy,3,US,1
ts38304,Servant of the People,SHOW,2015,2010,TV-MA,29,0,3.0,7.3,3266.0,7.2,19.089,1,comedy,1,UA,1
ts35354,Zoo,SHOW,2015,2010,TV-14,43,0,3.0,6.6,24694.0,6.6,30.71,1,drama,3,US,1
ts42170,Crashing,SHOW,2016,2010,TV-MA,30,0,1.0,7.7,20370.0,7.3,8.663,1,comedy,2,GB,1
tm193769,Steve Jobs,MOVIE,2015,2010,R,125,0,,7.2,168042.0,6.8,12.847,1,history,2,GB,2
tm138297,The Conjuring 2,MOVIE,2016,2010,R,134,0,,7.3,264195.0,7.283,171.724,1,horror,3,US,1
ts41906,The Disastrous Life of Saiki K.,SHOW,2016,2010,TV-14,10,0,3.0,8.4,7086.0,8.4,40.266,1,scifi,4,JP,1
tm132273,Home,MOVIE,2015,2010,PG,94,0,,6.6,101975.0,6.8,50.179,1,family,5,US,1
tm143085,Chappie,MOVIE,2015,2010,R,120,0,,6.8,249345.0,6.8,117.369,1,crime,5,MX,3
tm245271,Gantz:O,MOVIE,2016,2010,NC-17,95,0,,7.1,14950.0,7.3,28.818,1,scifi,7,JP,1
ts36046,BUNK'D,SHOW,2015,2010,TV-G,24,0,6.0,5.3,3287.0,7.2,50.043,1,comedy,3,US,1
tm135106,In a Valley of Violence,MOVIE,2016,2010,R,104,0,,6.0,18987.0,6.1,13.597,1,crime,5,US,1
tm196296,A Monster Calls,MOVIE,2016,2010,PG-13,108,0,,7.4,87806.0,7.2,84.977,1,drama,6,US,3
ts39007,Van Helsing,SHOW,2016,2010,TV-14,42,0,5.0,6.2,22172.0,7.1,95.708,1,scifi,5,US,1
tm209987,Christine,MOVIE,2016,2010,R,123,0,,6.9,15146.0,6.8,11.1,1,drama,1,US,1
ts36545,Quantico,SHOW,2015,2010,TV-14,43,0,3.0,6.6,60567.0,6.5,23.057,1,drama,3,US,1
tm219233,Loving,MOVIE,2016,2010,PG-13,123,0,,7.0,34326.0,6.7,16.664,1,drama,2,GB,2
ts42169,ERASED,SHOW,2016,2010,TV-14,22,0,1.0,8.5,44643.0,8.7,25.494,1,drama,5,JP,1
tm199700,The Danish Girl,MOVIE,2015,2010,R,119,0,,7.1,183579.0,7.6,21.369,1,drama,3,BE,5
ts36856,F is for Family,SHOW,2015,2010,TV-MA,27,0,5.0,8.0,36562.0,7.3,18.906,1,comedy,3,US,1
ts37971,Master of None,SHOW,2015,2010,TV-MA,32,0,3.0,8.3,72881.0,7.6,11.678,1,drama,2,US,1
ts41490,Hap and Leonard,SHOW,2016,2010,TV-MA,42,0,3.0,7.6,7696.0,7.2,6.942,1,action,4,US,1
ts41963,Easy,SHOW,2016,2010,TV-MA,30,0,3.0,6.9,13620.0,6.2,23.522,1,drama,2,US,1
ts37464,Occupied,SHOW,2015,2010,TV-MA,45,0,3.0,7.6,9044.0,7.4,12.526,1,war,3,NO,1
tm233214,Under the Shadow,MOVIE,2016,2010,PG-13,84,0,,6.8,27337.0,6.5,9.878,1,war,5,GB,4
ts52838,3%,SHOW,2016,2010,TV-MA,46,0,4.0,7.3,25452.0,7.2,29.033,1,scifi,4,BR,1
ts41149,The Ranch,SHOW,2016,2010,TV-MA,30,0,5.0,7.4,38420.0,7.5,25.365,1,comedy,3,US,1
tm136483,The DUFF,MOVIE,2015,2010,PG-13,101,0,,6.4,93675.0,6.8,26.748,1,comedy,2,US,1
ts53099,Bordertown,SHOW,2016,2010,TV-MA,59,0,3.0,7.6,10782.0,7.7,15.882,1,drama,3,FI,1
tm134791,Unfriended,MOVIE,2015,2010,R,82,0,,5.5,73854.0,5.5,26.429,1,thriller,3,US,1
tm221740,Closet Monster,MOVIE,2016,2010,Not Rated,90,0,,7.0,8239.0,7.1,10.868,1,drama,2,CA,1
tm140843,Self/less,MOVIE,2015,2010,PG-13,118,0,,6.5,98837.0,6.407,24.941,1,thriller,4,US,1
ts38204,Making a Murderer,SHOW,2015,2010,TV-14,62,0,2.0,8.6,94419.0,7.9,8.723,1,documentation,2,US,1
tm219248,The Fundamentals of Caring,MOVIE,2016,2010,R,97,0,,7.3,72083.0,7.326,14.985,1,comedy,2,US,1
tm196125,"Hello, My Name Is Doris",MOVIE,2015,2010,R,95,0,,6.6,21105.0,6.4,13.528,1,drama,3,US,1
tm204035,Spectral,MOVIE,2016,2010,PG-13,109,0,,6.3,59040.0,6.43,30.663,1,thriller,3,US,1
ts82825,La Casa,SHOW,2015,2010,TV-MA,47,0,1.0,7.7,23.0,,0.84,1,drama,1,AR,1
tm233521,Other People,MOVIE,2016,2010,Not Rated,97,0,,6.8,11418.0,6.4,5.903,1,drama,2,US,1
ts42655,Wanted,SHOW,2016,2010,TV-14,45,0,3.0,7.6,5920.0,7.2,12.755,1,crime,3,AU,1
tm206512,Circle,MOVIE,2015,2010,Not Rated,87,0,,6.0,52925.0,6.0,14.711,1,thriller,5,US,1
ts36983,Fuller House,SHOW,2016,2010,TV-Y7,27,0,5.0,6.7,27445.0,7.6,25.211,1,comedy,2,US,1
ts38783,Secret City,SHOW,2016,2010,TV-MA,50,0,3.0,7.4,8086.0,6.6,12.012,1,war,2,AU,1
ts38116,Mobile Suit Gundam: Iron-Blooded Orphans,SHOW,2015,2010,TV-MA,24,0,2.0,7.9,1660.0,7.1,9.168,1,war,5,JP,1
tm239743,Batman: The Killing Joke,MOVIE,2016,2010,R,76,0,,6.4,56275.0,6.615,25.747,1,animation,5,US,1
ts35256,Chef's Table,SHOW,2015,2010,TV-MA,50,0,7.0,8.5,15352.0,7.9,10.447,1,documentation,1,US,1
tm200126,He Never Died,MOVIE,2015,2010,R,99,0,,6.3,20376.0,6.1,10.541,1,fantasy,5,US,2
tm208622,American Ultra,MOVIE,2015,2010,R,96,0,,6.1,89912.0,6.1,20.733,1,action,3,CH,2
ts35362,Locked Up,SHOW,2015,2010,TV-MA,49,0,4.0,8.2,21862.0,8.0,156.976,1,drama,4,ES,1
ts42156,Degrassi: Next Class,SHOW,2016,2010,TV-PG,24,0,6.0,6.8,3285.0,7.0,12.075,1,drama,2,CA,1
tm244788,13th,MOVIE,2016,2010,Not Rated,100,0,,8.2,35302.0,8.0,8.675,1,documentation,3,US,1
ts3844,Aquarius,SHOW,2015,2010,TV-14,43,0,2.0,7.0,12279.0,6.8,13.111,1,drama,4,US,1
ts41913,Frequency,SHOW,2016,2010,TV-14,18,0,3.0,7.4,13723.0,7.3,12.16,1,scifi,4,US,1
tm139532,Before I Wake,MOVIE,2016,2010,PG-13,97,0,,6.2,46334.0,6.4,99.185,1,drama,4,US,1
tm253083,Blue Jay,MOVIE,2016,2010,Not Rated,81,0,,7.2,17346.0,7.0,7.83,1,romance,2,US,1
ts42119,Greenleaf,SHOW,2016,2010,TV-MA,42,0,5.0,7.3,5227.0,7.4,18.424,1,drama,1,US,1
tm136321,Advantageous,MOVIE,2015,2010,Not Rated,92,0,,6.2,5378.0,6.0,6.297,1,drama,3,US,1
tm225308,Into the Inferno,MOVIE,2016,2010,Not Rated,107,0,,7.2,8693.0,7.0,9.998,1,documentation,1,CA,3
ts52830,Gilmore Girls: A Year in the Life,SHOW,2016,2010,TV-14,92,0,1.0,7.6,37577.0,7.6,14.808,1,drama,2,US,1
tm238722,Collateral Beauty,MOVIE,2016,2010,PG-13,97,0,,6.7,99712.0,7.3,25.409,1,romance,2,US,1
ts42090,Last Chance U,SHOW,2016,2010,TV-MA,59,0,5.0,8.4,6897.0,7.3,14.88,1,documentation,2,US,1
tm136257,Beasts of No Nation,MOVIE,2015,2010,R,137,0,,7.7,80750.0,7.6,10.424,1,drama,2,GH,2
tm244403,ARQ,MOVIE,2016,2010,R,88,0,,6.3,39108.0,6.1,20.157,1,scifi,3,US,1
tm200690,The Forest,MOVIE,2016,2010,R,95,0,,4.8,42561.0,5.2,33.204,1,horror,5,US,1
ts53287,Roman Empire,SHOW,2016,2010,TV-14,44,0,3.0,7.0,7742.0,6.9,21.454,1,drama,4,US,1
ts37660,Reply 1988,SHOW,2015,2010,TV-14,92,0,1.0,9.2,6718.0,8.7,18.37,1,comedy,4,KR,1
tm147082,"What Happened, Miss Simone?",MOVIE,2015,2010,Not Rated,101,0,,7.6,13872.0,7.5,6.186,1,music,2,US,1
ts38731,Rebellion,SHOW,2016,2010,TV-14,51,0,2.0,7.1,3802.0,7.1,13.651,1,war,4,IE,2
ts38809,The Get Down,SHOW,2016,2010,TV-MA,62,0,2.0,8.2,22462.0,7.348,7.479,1,drama,2,US,1
tm233465,The Bye Bye Man,MOVIE,2016,2010,PG-13,96,0,,4.3,23960.0,5.2,28.381,1,thriller,4,US,1
ts53249,Trollhunters: Tales of Arcadia,SHOW,2016,2010,TV-Y7,22,0,3.0,8.4,16779.0,8.5,50.896,1,scifi,7,US,1
tm230551,Ip Man 3,MOVIE,2015,2010,PG-13,105,0,,7.0,54977.0,7.0,38.051,1,action,3,HK,2
ts42137,Voltron: Legendary Defender,SHOW,2016,2010,TV-Y7,24,0,8.0,8.1,8821.0,7.4,16.452,1,action,7,US,1
ts76956,The Letdown,SHOW,2016,2010,Not Rated,30,0,2.0,7.4,3369.0,7.9,2.7,1,comedy,1,AU,1
ts38758,Ajin,SHOW,2016,2010,TV-MA,23,0,2.0,7.6,6199.0,8.2,17.293,1,action,7,JP,1
ts35987,Transformers: Robots In Disguise,SHOW,2015,2010,TV-Y7,21,0,5.0,6.0,1066.0,7.6,11.302,1,comedy,4,US,1
tm228677,The Space Between Us,MOVIE,2016,2010,PG-13,121,0,,6.4,52698.0,7.1,23.219,1,drama,4,CN,2
tm155102,Demonic,MOVIE,2015,2010,R,83,0,,5.3,14882.0,5.3,8.722,1,thriller,2,US,2
tm220594,Winter on Fire: Ukraine's Fight for Freedom,MOVIE,2015,2010,Not Rated,98,0,,8.3,18748.0,8.0,7.755,1,documentation,1,UA,3
tm243121,Mascots,MOVIE,2016,2010,Not Rated,89,0,,5.8,7430.0,5.4,8.794,1,comedy,1,US,1
tm205812,The Siege of Jadotville,MOVIE,2016,2010,Not Rated,108,0,,7.2,39404.0,7.2,11.351,1,war,6,IE,2
tm234586,Visaranai,MOVIE,2016,2010,PG,118,0,,8.5,10548.0,8.0,4.442,1,thriller,3,IN,1
ts38770,Lady Dynamite,SHOW,2016,2010,TV-MA,30,0,2.0,7.3,3693.0,7.4,6.236,1,drama,2,US,1
tm135543,By the Sea,MOVIE,2015,2010,R,122,0,,5.3,20541.0,5.6,10.203,1,drama,3,US,3
tm215638,Boyka: Undisputed IV,MOVIE,2016,2010,R,87,0,,,,7.0,145.287,1,action,3,BG,1
tm239683,Team Foxcatcher,MOVIE,2016,2010,Not Rated,91,0,,7.3,6572.0,7.1,6.08,1,documentation,4,US,1
ts42257,Signal,SHOW,2016,2010,TV-MA,71,0,2.0,8.5,6659.0,8.1,9.477,1,crime,5,KR,1
ts52829,Paranoid,SHOW,2016,2010,Not Rated,44,0,1.0,6.6,8585.0,6.6,7.738,1,thriller,4,GB,1
tm214825,The Ridiculous 6,MOVIE,2015,2010,PG-13,119,0,,4.8,47935.0,5.152,40.711,1,western,3,US,1
tm242736,Bo Burnham: Make Happy,MOVIE,2016,2010,Not Rated,60,0,,8.4,14356.0,8.2,8.245,1,comedy,3,US,1
ts42022,El marginal,SHOW,2016,2010,TV-MA,54,0,5.0,8.1,4047.0,8.2,94.391,1,drama,4,AR,1
ts37944,A Very Secret Service,SHOW,2015,2010,TV-MA,27,0,2.0,7.7,3574.0,7.5,9.227,1,comedy,2,FR,1
tm239707,The Do-Over,MOVIE,2016,2010,PG-13,108,0,,5.7,46260.0,5.672,11.466,1,action,2,US,1
tm136061,Suffragette,MOVIE,2015,2010,PG-13,106,0,,6.9,41983.0,7.3,12.013,1,drama,2,GB,2
tm239733,Headshot,MOVIE,2016,2010,Not Rated,117,0,,6.3,14824.0,6.5,19.074,1,thriller,3,ID,1
ts38568,Flaked,SHOW,2016,2010,TV-MA,33,0,2.0,7.2,11474.0,6.9,8.853,1,comedy,3,US,1
tm142881,Jem and the Holograms,MOVIE,2015,2010,PG,118,0,,4.1,7867.0,5.5,9.666,1,fantasy,6,US,1
ts37779,Danger Mouse,SHOW,2015,2010,Not Rated,12,0,2.0,7.2,587.0,7.6,6.326,1,comedy,8,GB,1
tm232953,Sleight,MOVIE,2016,2010,R,89,0,,5.9,8644.0,5.4,5.226,1,drama,5,US,1
tm193125,Hot Girls Wanted,MOVIE,2015,2010,Not Rated,84,0,,6.1,17557.0,5.914,37.12,1,documentation,1,US,1
tm244507,The Distinguished Citizen,MOVIE,2016,2010,Not Rated,118,0,,7.5,11876.0,7.3,8.804,1,drama,3,ES,2
tm134516,"Crouching Tiger, Hidden Dragon: Sword of Destiny",MOVIE,2016,2010,PG-13,103,0,,6.1,19500.0,6.1,21.103,1,drama,3,CN,1
ts52981,White Rabbit Project,SHOW,2016,2010,TV-PG,48,0,1.0,6.9,1667.0,6.9,3.977,1,reality,1,US,1
tm270504,Mindhorn,MOVIE,2016,2010,R,89,0,,6.3,12737.0,6.1,8.406,1,comedy,2,GB,1
ts41258,Cinderella and Four Knights,SHOW,2016,2010,TV-PG,61,0,1.0,7.4,3943.0,7.3,34.735,1,drama,4,KR,1
tm244880,I Am the Pretty Thing That Lives in the House,MOVIE,2016,2010,Not Rated,89,0,,4.6,14580.0,4.4,9.719,1,horror,3,CA,2
tm233317,Pee-wee's Big Holiday,MOVIE,2016,2010,PG,90,0,,6.1,8064.0,6.2,10.884,1,action,3,US,1
tm205333,You're My Boss,MOVIE,2015,2010,Not Rated,116,0,,6.3,278.0,8.1,1.899,1,comedy,2,PH,1
ts43209,The Cuba Libre Story,SHOW,2015,2010,TV-14,45,0,2.0,7.6,1649.0,6.8,3.412,1,documentation,3,DE,1
tm233533,White Girl,MOVIE,2016,2010,Not Rated,88,0,,5.7,10646.0,5.7,17.731,1,drama,3,US,1
ts55365,The Haunted House,SHOW,2016,2010,TV-PG,25,0,7.0,8.3,83.0,10.0,40.65,1,thriller,7,KR,1
tm138672,Frank & Lola,MOVIE,2016,2010,Not Rated,88,0,,5.9,6083.0,5.6,10.404,1,drama,4,US,1
tm323616,The Visit,MOVIE,2015,2010,Not Rated,130,0,,,,6.0,0.6,1,thriller,3,,0
ts119087,Sunny Bunnies,SHOW,2015,2010,TV-Y,3,0,5.0,6.7,97.0,,2.06,1,animation,2,BY,1
ts36630,Dinotrux,SHOW,2015,2010,TV-Y7,23,0,5.0,6.7,465.0,7.4,8.914,1,action,4,US,1
ts41995,Zumbo's Just Desserts,SHOW,2016,2010,TV-14,50,0,2.0,6.9,2177.0,6.1,5.174,1,reality,1,AU,1
tm245378,Barry,MOVIE,2016,2010,Not Rated,104,0,,5.9,7212.0,5.8,5.957,1,drama,1,US,1
tm221225,David Brent: Life on the Road,MOVIE,2016,2010,Not Rated,96,0,,6.3,20005.0,6.135,8.871,1,comedy,3,GB,1
ts39017,Dawn of the Croods,SHOW,2015,2010,TV-Y7,23,0,4.0,5.8,723.0,7.7,27.252,1,action,4,US,1
ts11670,The Adventures of Puss in Boots,SHOW,2015,2010,TV-Y7,23,0,6.0,6.6,1726.0,6.9,22.766,1,comedy,6,US,1
ts76079,Grizzy & the Lemmings,SHOW,2016,2010,TV-Y7,7,0,3.0,7.1,599.0,8.3,23.688,1,animation,4,FR,1
tm157283,Güeros,MOVIE,2015,2010,Not Rated,106,0,,7.4,4275.0,7.5,7.65,1,drama,2,MX,1
tm211302,Front Cover,MOVIE,2016,2010,Not Rated,87,0,,6.4,1059.0,6.4,3.39,1,drama,3,US,1
ts43272,Terrace House: Boys & Girls in the City,SHOW,2015,2010,TV-14,29,0,1.0,8.1,1663.0,8.1,5.125,1,reality,2,JP,1
tm253080,Rocco,MOVIE,2016,2010,Not Rated,105,0,,5.7,3998.0,5.6,21.008,1,documentation,2,FR,1
ts36547,Club de Cuervos,SHOW,2015,2010,TV-MA,46,0,4.0,8.2,5586.0,8.4,25.34,1,drama,2,MX,1
ts56748,T@gged,SHOW,2016,2010,TV-14,21,0,3.0,7.1,2077.0,8.0,11.589,1,drama,3,US,1
tm139194,Ratchet & Clank,MOVIE,2016,2010,PG,94,0,,5.5,10919.0,5.8,22.825,1,animation,6,CA,2
ts53155,Crazyhead,SHOW,2016,2010,Not Rated,43,0,1.0,7.2,5024.0,6.7,6.442,1,comedy,4,GB,1
tm238748,The Darkness,MOVIE,2016,2010,PG-13,92,0,,4.5,16090.0,4.8,14.347,1,thriller,2,US,1
ts42127,The Windsors,SHOW,2016,2010,TV-MA,27,0,3.0,7.1,2677.0,7.3,4.763,1,comedy,1,GB,1
ts41883,The K2,SHOW,2016,2010,TV-14,65,0,1.0,7.8,6194.0,7.4,27.411,1,action,5,KR,1
tm233544,Marco Polo: One Hundred Eyes,MOVIE,2015,2010,Not Rated,28,0,,7.8,10742.0,7.3,6.475,1,action,3,US,1
ts42628,Netflix Presents: The Characters,SHOW,2016,2010,TV-MA,33,0,1.0,5.2,861.0,5.2,4.376,1,comedy,1,US,1
ts37804,W/ Bob & David,SHOW,2015,2010,TV-MA,35,0,1.0,7.4,4160.0,6.8,4.117,1,comedy,1,US,1
ts56674,The Mr. Peabody & Sherman Show,SHOW,2015,2010,Not Rated,23,0,4.0,5.6,442.0,7.4,5.557,1,animation,5,US,1
ts35406,Between,SHOW,2015,2010,TV-14,25,0,2.0,5.9,9172.0,5.7,13.581,1,scifi,3,CA,1
ts41253,Love O2O,SHOW,2016,2010,TV-14,45,0,1.0,7.9,2585.0,6.1,27.228,1,drama,2,CN,1
ts54110,Puffin Rock,SHOW,2015,2010,TV-Y,11,0,2.0,8.6,919.0,8.0,3.171,1,comedy,4,IE,1
ts77654,Care Bears and Cousins,SHOW,2015,2010,TV-Y,22,0,2.0,6.8,83.0,9.2,3.153,1,animation,1,US,1
tm244134,Tramps,MOVIE,2016,2010,Not Rated,82,0,,6.5,5605.0,6.1,8.491,1,comedy,4,US,1
ts79799,Dragons: Race to the Edge,SHOW,2015,2010,TV-Y7,22,0,6.0,8.2,6376.0,8.2,52.569,1,scifi,7,US,1
tm233616,LEGO Marvel Super Heroes: Avengers Reassembled!,MOVIE,2015,2010,Not Rated,22,0,,6.1,862.0,6.5,16.252,1,family,5,US,1
tm244381,Marauders,MOVIE,2016,2010,R,107,0,,5.5,21929.0,5.8,17.087,1,crime,3,CA,1
ts54028,Case,SHOW,2015,2010,Not Rated,46,0,1.0,7.0,2755.0,7.3,3.389,1,drama,3,IS,1
ts38230,The Method,SHOW,2015,2010,TV-MA,51,0,2.0,7.4,2784.0,7.8,6.577,1,crime,3,RU,1
tm238661,Special Correspondents,MOVIE,2016,2010,PG-13,100,0,,5.8,24129.0,5.7,10.794,1,comedy,1,CA,3
ts56032,La Niña,SHOW,2016,2010,TV-MA,0,1,1.0,8.4,649.0,7.7,23.759,1,action,2,CO,1
tm244915,Baaghi,MOVIE,2016,2010,Not Rated,133,0,,5.3,8994.0,6.4,16.534,1,romance,3,IN,1
ts128895,Midnight Diner: Tokyo Stories,SHOW,2016,2010,TV-14,25,0,2.0,8.4,4149.0,7.7,11.357,1,drama,1,JP,1
tm219276,Tallulah,MOVIE,2016,2010,Not Rated,111,0,,6.7,20208.0,6.8,7.195,1,drama,3,US,1
ts58068,Inside the World's Toughest Prisons,SHOW,2016,2010,TV-MA,48,0,5.0,7.1,2747.0,7.5,5.099,1,crime,2,GB,1
ts37896,Conspiracy,SHOW,2015,2010,TV-14,43,0,1.0,6.2,379.0,5.8,2.421,1,history,3,GB,1
tm316731,Bert Kreischer: The Machine,MOVIE,2016,2010,Not Rated,70,0,,7.6,1555.0,7.7,2.92,1,comedy,1,US,1
ts43230,The Deep,SHOW,2015,2010,TV-Y7,22,0,4.0,7.8,667.0,7.8,13.096,1,action,4,AU,1
ts76092,Rosario Tijeras,SHOW,2016,2010,TV-MA,45,0,3.0,6.1,340.0,7.4,293.969,1,drama,5,MX,1
tm247642,Amanda Knox,MOVIE,2016,2010,Not Rated,92,0,,6.9,24488.0,6.7,8.847,1,documentation,3,DK,2
tm240007,Sniper: Ghost Shooter,MOVIE,2016,2010,R,100,0,,,,6.6,24.331,1,action,3,US,1
ts35596,Bella and the Bulldogs,SHOW,2015,2010,TV-G,23,0,2.0,4.9,2255.0,7.9,12.273,1,comedy,3,US,1
tm138792,Results,MOVIE,2015,2010,R,105,0,,5.4,7140.0,5.0,6.672,1,comedy,2,US,1
tm244052,Sebastian Maniscalco: Why Would You Do That?,MOVIE,2016,2010,Not Rated,63,0,,7.4,1100.0,7.8,2.615,1,comedy,1,US,1
ts42260,Chelsea Does,SHOW,2016,2010,TV-MA,70,0,1.0,7.3,2476.0,6.5,3.273,1,documentation,1,US,1
tm123789,The Young Messiah,MOVIE,2016,2010,PG-13,120,0,,5.6,3576.0,6.3,22.159,1,history,3,US,1
ts86021,Molang,SHOW,2015,2010,TV-G,3,0,3.0,8.3,367.0,8.0,9.07,1,animation,4,FR,1
ts55559,Ask the Storybots,SHOW,2016,2010,TV-Y,26,0,3.0,8.4,878.0,8.4,7.471,1,animation,3,US,1
ts35359,Heidi,SHOW,2015,2010,TV-Y,23,0,2.0,7.1,242.0,,8.606,1,animation,4,AU,3
tm219173,Term Life,MOVIE,2016,2010,R,93,0,,5.5,8030.0,5.9,16.084,1,thriller,4,US,1
tm208903,For the Love of Spock,MOVIE,2016,2010,Not Rated,105,0,,7.6,4349.0,7.5,8.63,1,documentation,1,US,2
tm229542,John Mulaney: The Comeback Kid,MOVIE,2015,2010,PG,62,0,,7.9,8595.0,7.8,4.784,1,comedy,2,US,1
tm211510,Incarnate,MOVIE,2016,2010,PG-13,19,0,,5.2,13090.0,5.4,14.911,1,horror,2,US,1
tm205870,Message from the King,MOVIE,2016,2010,R,102,0,,6.4,16513.0,6.2,15.381,1,thriller,5,FR,1
ts38512,Cooked,SHOW,2016,2010,TV-PG,53,0,1.0,7.6,43.0,7.5,3.188,1,documentation,1,US,1
tm238681,Kung Fu Panda: Secrets of the Scroll,MOVIE,2016,2010,G,23,0,,,,6.8,34.3,1,comedy,3,US,1
ts54100,World of Winx,SHOW,2016,2010,TV-Y7,24,0,2.0,6.6,727.0,8.2,6.824,1,action,6,US,2
ts35360,Inspector Gadget,SHOW,2015,2010,TV-Y,22,0,4.0,4.5,625.0,6.9,10.856,1,action,5,CA,2
tm229140,Anthony Jeselnik: Thoughts and Prayers,MOVIE,2015,2010,Not Rated,59,0,,,,7.4,4.566,1,comedy,1,US,1
tm266628,LEGO Jurassic World: The Indominus Escape,MOVIE,2016,2010,G,24,0,,,,5.7,20.853,1,family,3,US,1
ts38757,Kong: King of the Apes,SHOW,2016,2010,TV-Y7,21,0,2.0,5.8,331.0,6.5,13.218,1,animation,5,US,1
ts43119,Real Rob,SHOW,2015,2010,TV-14,31,0,2.0,6.3,2857.0,6.2,6.43,1,comedy,1,US,1
ts53106,Tokyo Trial,SHOW,2016,2010,TV-MA,48,0,1.0,7.4,1544.0,6.9,5.247,1,drama,2,JP,2
tm271070,The Warriors Gate,MOVIE,2016,2010,PG-13,108,0,,5.4,5098.0,6.7,15.133,1,action,5,CN,3
ts38805,Beat Bugs,SHOW,2016,2010,TV-Y,15,0,3.0,7.6,524.0,6.6,6.682,1,family,4,AU,1
tm214085,Tig,MOVIE,2015,2010,Not Rated,95,0,,7.4,2691.0,7.2,5.984,1,documentation,1,US,1
ts75829,Lego Bionicle: The Journey to One,SHOW,2016,2010,TV-Y7,20,0,2.0,5.4,177.0,7.3,7.108,1,action,4,US,1
ts42075,Intersection,SHOW,2016,2010,TV-MA,107,0,2.0,6.5,1221.0,5.7,15.226,1,drama,1,TR,1
ts42038,No Tomorrow,SHOW,2016,2010,TV-14,47,0,1.0,7.1,5137.0,6.3,7.687,1,comedy,4,US,1
tm218052,Drishyam,MOVIE,2015,2010,R,163,0,,8.2,80320.0,7.9,9.208,1,thriller,3,IN,1
tm248010,Taxi Driver,MOVIE,2015,2010,Not Rated,100,0,,6.0,69.0,5.3,1.191,1,comedy,3,NG,1
ts51368,Skylanders Academy,SHOW,2016,2010,TV-Y7,23,0,3.0,6.5,760.0,6.1,14.848,1,action,5,US,1
tm267135,The Dreamseller,MOVIE,2016,2010,Not Rated,96,0,,6.0,1468.0,6.5,11.071,1,drama,1,BR,1
ts74753,Tales by Light,SHOW,2015,2010,Not Rated,28,0,3.0,8.3,1916.0,7.9,3.565,1,documentation,1,AU,1
tm246870,Lavender,MOVIE,2016,2010,Not Rated,92,0,,5.3,7138.0,5.7,11.319,1,drama,2,US,2
tm245235,Ali Wong: Baby Cobra,MOVIE,2016,2010,Not Rated,60,0,,7.5,6988.0,7.3,6.367,1,comedy,1,US,1
tm235405,Hyena Road,MOVIE,2015,2010,R,120,0,,6.5,7839.0,6.7,9.363,1,drama,4,CA,1
tm218186,Septembers of Shiraz,MOVIE,2015,2010,PG-13,110,0,,7.9,38.0,5.7,8.065,1,drama,3,US,1
tm228242,A Very Murray Christmas,MOVIE,2015,2010,Not Rated,56,0,,5.5,15455.0,5.3,9.185,1,comedy,2,US,1
tm244513,Divines,MOVIE,2016,2010,Not Rated,105,0,,7.4,9821.0,7.763,9.632,1,drama,3,FR,2
ts39014,Kuromukuro,SHOW,2016,2010,TV-14,24,0,2.0,7.2,1290.0,6.7,6.887,1,comedy,5,JP,1
tm232954,Audrie & Daisy,MOVIE,2016,2010,Not Rated,95,0,,7.2,6602.0,7.2,5.6,1,documentation,2,US,1
ts41948,Hip Hop Evolution,SHOW,2016,2010,TV-MA,45,0,4.0,8.4,5772.0,7.8,4.48,1,documentation,2,CA,1
ts54156,Chef's Table: France,SHOW,2016,2010,TV-14,46,0,1.0,8.2,1734.0,8.6,4.096,1,documentation,1,US,1
ts36740,Project Mc²,SHOW,2015,2010,TV-G,25,0,6.0,5.8,1026.0,8.1,5.445,1,family,1,US,1
tm239290,Always Be My Maybe,MOVIE,2016,2010,Not Rated,112,0,,6.6,379.0,7.3,2.434,1,comedy,2,PH,1
tm290444,Pandora,MOVIE,2016,2010,R,136,0,,6.6,7416.0,7.5,27.496,1,thriller,3,KR,1
ts41899,Nightmare Teacher,SHOW,2016,2010,TV-MA,16,0,1.0,7.1,446.0,8.4,5.677,1,drama,3,KR,1
tm225693,Keith Richards: Under the Influence,MOVIE,2015,2010,PG,82,0,,7.1,3383.0,6.7,5.383,1,documentation,2,US,1
tm267429,"Surviving Compton: Dre, Suge and Michel'le",MOVIE,2016,2010,Not Rated,87,0,,6.5,718.0,6.1,2.138,1,drama,2,US,1
tm272413,Colin Quinn: The New York Story,MOVIE,2016,2010,Not Rated,62,0,,6.9,1001.0,6.3,2.917,1,comedy,1,US,1
ts43501,Secrets of Great British Castles,SHOW,2015,2010,TV-PG,44,0,2.0,7.8,1060.0,7.3,3.459,1,documentation,3,GB,1
tm138584,Hawaizaada,MOVIE,2015,2010,PG,157,0,,5.5,1942.0,6.0,3.027,1,history,3,IN,1
ts56221,Rainbow Ruby,SHOW,2016,2010,TV-Y,12,0,4.0,6.6,80.0,10.0,12.713,1,family,4,CN,1
tm225275,Riot,MOVIE,2015,2010,Not Rated,88,0,,5.1,3369.0,5.8,12.429,1,action,1,US,1
ts81483,Simon,SHOW,2016,2010,TV-Y,5,0,2.0,7.0,129.0,9.5,3.507,1,comedy,3,FR,1
ts35463,Richie Rich,SHOW,2015,2010,TV-PG,23,0,2.0,3.0,1073.0,6.5,9.491,1,comedy,1,US,1
tm209950,Kevin Hart: What Now?,MOVIE,2016,2010,R,96,0,,5.9,9501.0,6.5,10.176,1,comedy,2,US,1
tm308241,Legends of the Hidden Temple,MOVIE,2016,2010,PG,68,0,,5.6,921.0,6.7,3.528,1,action,2,US,1
ts38764,Marseille,SHOW,2016,2010,TV-MA,42,0,2.0,6.8,5163.0,6.6,8.888,1,drama,2,FR,1
tm213681,Veteran,MOVIE,2015,2010,Not Rated,119,0,,7.0,6611.0,6.9,9.614,1,comedy,4,KR,1
tm139870,Opening Night,MOVIE,2016,2010,Not Rated,90,0,,6.0,2662.0,5.9,7.809,1,comedy,5,US,1
tm239739,Raman Raghav 2.0,MOVIE,2016,2010,Not Rated,134,0,,7.4,14380.0,7.1,6.61,1,crime,3,IN,1
tm246175,The 101-Year-Old Man Who Skipped Out on the Bill and Disappeared,MOVIE,2016,2010,Not Rated,108,0,,6.3,6023.0,6.4,7.299,1,action,4,SE,1
ts38761,Another Miss Oh,SHOW,2016,2010,TV-MA,69,0,1.0,7.8,1866.0,8.2,17.289,1,comedy,5,KR,1
tm195764,6 Years,MOVIE,2015,2010,Not Rated,84,0,,5.6,12441.0,5.4,7.652,1,drama,2,US,1
ts41154,Paquita Salas,SHOW,2016,2010,Not Rated,22,0,3.0,8.0,3128.0,7.1,7.93,1,comedy,2,ES,1
ts144323,Unnatural Selection,SHOW,2015,2010,TV-MA,35,0,1.0,8.1,12.0,7.5,2.736,1,reality,3,US,1
tm233561,Shaun the Sheep: The Farmer's Llamas,MOVIE,2015,2010,Not Rated,30,0,,6.8,1400.0,6.6,8.513,1,comedy,3,GB,1
tm217939,Un + une,MOVIE,2015,2010,Not Rated,115,0,,6.2,2336.0,5.9,4.579,1,comedy,4,FR,1
tm200454,Ok Kanmani,MOVIE,2015,2010,PG,139,0,,7.4,5877.0,6.8,4.318,1,romance,2,IN,1
tm266844,True Memoirs of an International Assassin,MOVIE,2016,2010,PG-13,98,0,,5.9,22891.0,5.8,16.152,1,action,3,US,1
ts74929,H20: Mermaid Adventures,SHOW,2015,2010,TV-Y,24,0,2.0,5.7,194.0,8.8,8.908,1,animation,7,FR,1
tm300713,High & Low The Movie,MOVIE,2016,2010,Not Rated,129,0,,6.4,583.0,6.0,2.513,1,action,1,JP,1
ts38772,Dear My Friends,SHOW,2016,2010,TV-MA,70,0,1.0,8.2,366.0,8.0,4.766,1,comedy,2,KR,1
tm240895,Strange Weather,MOVIE,2016,2010,R,95,0,,6.0,1499.0,5.9,9.634,1,drama,1,US,1
ts52943,The Sound of Your Heart,SHOW,2016,2010,Not Rated,26,0,2.0,8.2,1127.0,8.2,5.877,1,comedy,3,KR,1
tm275800,The Lighthouse of the Orcas,MOVIE,2016,2010,Not Rated,110,0,,6.7,3910.0,7.0,10.09,1,drama,3,AR,2
ts86831,The Good Cop,SHOW,2015,2010,TV-MA,28,0,3.0,7.6,385.0,7.0,1.542,1,comedy,2,IL,1
tm276430,Servant Of The People 2,MOVIE,2016,2010,Not Rated,100,0,,6.2,417.0,6.1,6.053,1,comedy,2,UA,1
ts87884,Sons of the Caliphate,SHOW,2015,2010,TV-14,0,1,1.0,7.4,33.0,,1.347,1,drama,1,NG,1
tm335263,Kathleen Madigan: Bothering Jesus,MOVIE,2016,2010,R,71,0,,,,6.6,1.646,1,comedy,1,XX,1
tm224377,Heneral Luna,MOVIE,2015,2010,R,118,0,,7.3,2132.0,7.8,3.448,1,comedy,5,PH,1
tm242755,Ordinary World,MOVIE,2016,2010,Not Rated,86,0,,5.5,3106.0,6.0,5.993,1,comedy,4,US,1
ts53076,El Chema,SHOW,2016,2010,TV-MA,44,0,1.0,6.9,308.0,,112.717,1,crime,2,US,1
tm241998,Mohenjo Daro,MOVIE,2016,2010,Not Rated,155,0,,5.6,11693.0,6.5,8.73,1,action,4,IN,1
ts52988,Captive,SHOW,2016,2010,Not Rated,63,0,1.0,6.8,742.0,6.8,4.18,1,documentation,3,US,1
tm208628,Dil Dhadakne Do,MOVIE,2015,2010,PG-13,170,0,,7.0,17581.0,6.8,8.46,1,drama,4,IN,1
ts41260,"Hello, My Twenties!",SHOW,2016,2010,TV-14,63,0,2.0,8.3,2161.0,7.3,14.835,1,comedy,3,KR,1
ts42089,Haters Back Off,SHOW,2016,2010,TV-14,29,0,2.0,5.9,7274.0,6.4,7.102,1,comedy,4,US,1
tm242646,Toro,MOVIE,2016,2010,R,105,0,,5.9,3256.0,6.0,8.146,1,drama,5,FR,2
ts38717,Good Morning Call,SHOW,2016,2010,TV-14,48,0,2.0,7.5,3161.0,7.3,15.259,1,comedy,3,JP,1
ts87465,Witch Hunt: A Century of Murder,SHOW,2015,2010,TV-14,46,0,1.0,7.1,324.0,,0.6,1,documentation,6,GB,1
tm242687,Riphagen the Untouchable,MOVIE,2016,2010,Not Rated,132,0,,7.1,7800.0,6.5,8.67,1,thriller,4,NL,1
tm208713,Gabbar Is Back,MOVIE,2015,2010,PG-13,130,0,,7.1,24975.0,7.2,7.397,1,drama,4,IN,1
tm220317,Demetri Martin: Live (At The Time),MOVIE,2015,2010,Not Rated,61,0,,7.4,2207.0,7.0,2.887,1,comedy,2,US,1
tm421855,4K Fireplace,MOVIE,2015,2010,G,181,0,,7.7,49.0,6.8,0.738,1,family,2,US,1
ts21979,Spotless,SHOW,2015,2010,TV-MA,58,0,1.0,7.7,3663.0,7.0,6.213,1,crime,4,FR,1
tm267948,7 Years,MOVIE,2016,2010,Not Rated,77,0,,6.7,4961.0,6.3,6.603,1,drama,2,ES,1
ts42011,Cheer Squad,SHOW,2016,2010,TV-PG,42,0,1.0,7.2,167.0,7.9,1.168,1,reality,1,CA,1
tm219817,Talvar,MOVIE,2015,2010,PG,132,0,,8.1,34943.0,7.5,9.212,1,thriller,3,IN,1
tm201365,Brothers,MOVIE,2015,2010,PG-13,156,0,,6.4,13003.0,6.6,5.554,1,family,4,IN,1
tm281182,Gabriel Iglesias: I'm Sorry for What I Said When I Was Hungry,MOVIE,2016,2010,PG-13,87,0,,7.4,2566.0,7.2,3.047,1,comedy,2,US,1
ts36741,Fartsa,SHOW,2015,2010,TV-14,60,0,1.0,6.7,197.0,7.2,2.722,1,drama,2,RU,1
ts57705,The Paper,SHOW,2016,2010,TV-MA,49,0,3.0,7.4,64.0,7.6,3.809,1,drama,3,HR,1
tm233843,Pyaar Ka Punchnama 2,MOVIE,2015,2010,PG-13,159,0,,7.3,15216.0,7.0,3.924,1,drama,3,IN,1
tm211461,Much Loved,MOVIE,2015,2010,Not Rated,108,0,,6.2,2772.0,6.0,5.794,1,drama,2,FR,2
ts42347,Word Party,SHOW,2016,2010,TV-Y,13,0,5.0,5.5,352.0,8.3,2.382,1,family,2,US,1
tm199987,Ralphie May: Unruly,MOVIE,2015,2010,Not Rated,83,0,,,,4.9,2.349,1,comedy,1,US,1
tm232710,A Second Chance,MOVIE,2015,2010,Not Rated,130,0,,8.6,47.0,7.1,2.752,1,drama,5,PH,1
tm244638,Rebirth,MOVIE,2016,2010,Not Rated,101,0,,4.9,5290.0,4.7,8.68,1,thriller,1,US,1
tm451222,Lang Tong,MOVIE,2015,2010,Not Rated,83,0,,4.8,337.0,4.0,3.909,1,thriller,1,SG,1
tm195870,Manson Family Vacation,MOVIE,2015,2010,Not Rated,85,0,,5.8,2995.0,5.9,6.451,1,comedy,3,US,1
ts83535,Popples,SHOW,2015,2010,Not Rated,25,0,3.0,6.0,57.0,8.0,3.292,1,family,2,RU,3
tm221883,Gridlocked,MOVIE,2016,2010,R,110,0,,5.8,4604.0,5.8,14.458,1,action,1,CA,1
ts127430,StoryBots Super Songs,SHOW,2016,2010,TV-Y,21,0,1.0,8.7,170.0,9.0,0.6,1,animation,2,US,1
tm239635,Jimmy Carr: Funny Business,MOVIE,2016,2010,Not Rated,62,0,,7.2,4356.0,6.9,5.549,1,comedy,1,GB,1
tm198496,Aziz Ansari: Live at Madison Square Garden,MOVIE,2015,2010,Not Rated,58,0,,6.6,3266.0,6.7,4.73,1,comedy,1,US,1
tm245102,The Next Skin,MOVIE,2016,2010,Not Rated,100,0,,6.2,1820.0,5.8,5.453,1,drama,3,ES,1
tm215054,Chris Tucker: Live,MOVIE,2015,2010,Not Rated,92,0,,6.3,1955.0,6.0,5.362,1,comedy,2,US,1
tm271839,"Dana Carvey: Straight White Male, 60",MOVIE,2016,2010,Not Rated,64,0,,6.5,1528.0,6.3,2.747,1,comedy,1,US,1
tm245297,Justin Timberlake + The Tennessee Kids,MOVIE,2016,2010,Not Rated,90,0,,7.6,2191.0,7.6,3.257,1,music,2,US,1
tm266629,Russell Peters: Almost Famous,MOVIE,2016,2010,Not Rated,73,0,,6.6,1905.0,6.6,2.156,1,comedy,1,US,1
ts42218,Sin senos sí hay paraíso,SHOW,2016,2010,TV-MA,47,0,4.0,6.5,554.0,7.5,243.868,1,action,4,CO,1
tm220473,Colin Quinn: Unconstitutional,MOVIE,2015,2010,Not Rated,55,0,,7.1,478.0,6.9,2.333,1,comedy,1,US,1
tm245148,Jim Jefferies: Freedumb,MOVIE,2016,2010,R,86,0,,7.7,5420.0,7.3,4.802,1,comedy,2,US,1
tm274053,Asperger's Are Us,MOVIE,2016,2010,Not Rated,83,0,,6.6,737.0,5.9,2.227,1,documentation,3,US,1
tm239762,Tony Robbins: I Am Not Your Guru,MOVIE,2016,2010,Not Rated,115,0,,6.6,4391.0,6.6,6.569,1,documentation,1,US,1
tm197503,Hunterrr,MOVIE,2015,2010,R,141,0,,7.0,6262.0,6.2,2.332,1,romance,3,IN,1
tm201906,Belgica,MOVIE,2016,2010,Not Rated,127,0,,6.7,4519.0,5.9,4.889,1,drama,2,FR,2
ts38769,Chelsea,SHOW,2016,2010,TV-MA,52,0,2.0,6.0,2072.0,5.1,16.004,1,comedy,1,US,1
tm233344,Kapoor & Sons,MOVIE,2016,2010,PG-13,140,0,,7.7,26130.0,7.0,8.129,1,drama,4,IN,1
tm240162,Udta Punjab,MOVIE,2016,2010,R,148,0,,7.7,30276.0,7.2,8.861,1,drama,3,IN,1
tm211478,Tamasha,MOVIE,2015,2010,PG,139,0,,7.3,27331.0,6.6,6.88,1,drama,3,IN,1
ts41294,Mossad 101,SHOW,2015,2010,TV-MA,42,0,2.0,6.7,649.0,5.9,5.022,1,action,2,IL,1
tm244758,Breaking the Bank,MOVIE,2016,2010,Not Rated,106,0,,4.8,939.0,4.5,3.056,1,comedy,1,GB,1
tm321189,All About Asado,MOVIE,2016,2010,Not Rated,90,0,,6.5,579.0,6.1,1.802,1,documentation,1,AR,1
ts41485,Vanished 46,SHOW,2016,2010,TV-MA,63,0,1.0,8.2,4326.0,7.8,2.184,1,drama,5,TR,1
tm245722,Chronically Metropolitan,MOVIE,2016,2010,Not Rated,86,0,,4.9,1525.0,5.3,3.964,1,comedy,2,US,1
ts53543,The Miracle,SHOW,2016,2010,TV-14,18,0,1.0,6.3,214.0,8.0,11.974,1,drama,4,KR,1
tm282915,Fate/Grand Order: First Order,MOVIE,2016,2010,Not Rated,72,0,,5.7,896.0,6.8,12.341,1,action,3,JP,1
ts53149,White Nights,SHOW,2016,2010,Not Rated,62,0,1.0,6.9,297.0,8.0,5.348,1,drama,1,KR,1
ts83224,Toon,SHOW,2016,2010,TV-MA,27,0,2.0,7.6,892.0,8.2,2.503,1,comedy,1,NL,1
tm232931,Hannibal Buress: Comedy Camisado,MOVIE,2016,2010,R,67,0,,6.6,1520.0,6.4,4.087,1,comedy,1,US,1
tm227922,Anjelah Johnson: Not Fancy,MOVIE,2015,2010,Not Rated,63,0,,5.7,701.0,4.8,2.405,1,comedy,2,US,1
ts74917,72 Cutest Animals,SHOW,2016,2010,Not Rated,27,0,1.0,5.7,446.0,6.5,2.719,1,documentation,1,AU,1
tm272854,Force 2,MOVIE,2016,2010,PG,123,0,,6.2,5550.0,6.6,5.209,1,action,3,IN,1
tm233015,Fitoor,MOVIE,2016,2010,Not Rated,131,0,,5.4,4840.0,5.8,5.517,1,romance,2,IN,1
tm139590,Triumph in the Skies,MOVIE,2015,2010,Not Rated,100,0,,4.3,377.0,4.2,1.835,1,comedy,3,HK,1
tm242422,In the Shadow of Iris,MOVIE,2016,2010,Not Rated,99,0,,6.1,4275.0,5.844,8.117,1,thriller,4,FR,1
tm252245,The White Helmets,MOVIE,2016,2010,Not Rated,41,0,,,,7.4,5.399,1,documentation,2,SY,2
tm193211,Mucize,MOVIE,2015,2010,PG-13,136,0,,7.6,12593.0,7.2,6.24,1,drama,5,TR,1
tm270555,The Ivory Game,MOVIE,2016,2010,Not Rated,112,0,,7.9,3243.0,7.6,3.919,1,documentation,2,AT,2
tm236999,Our Lovers,MOVIE,2016,2010,Not Rated,88,0,,6.7,4228.0,7.2,17.857,1,romance,4,ES,1
ts224440,If I were an Animal,SHOW,2016,2010,TV-G,10,0,1.0,,,,0.903,0,documentation,1,FR,1
ts42155,Home: Adventures with Tip & Oh,SHOW,2016,2010,TV-Y7,21,0,4.0,6.0,604.0,7.0,6.585,1,comedy,5,US,1
tm233570,Beauty and the Bestie,MOVIE,2015,2010,Not Rated,119,0,,4.6,297.0,4.8,2.213,1,action,3,PH,1
ts55556,A Touch of Green,SHOW,2015,2010,TV-MA,53,0,1.0,8.4,341.0,9.2,4.43,1,drama,2,TW,1
tm233023,Tom Segura: Mostly Stories,MOVIE,2016,2010,Not Rated,73,0,,7.5,3653.0,7.1,2.89,1,comedy,2,US,1
ts41151,Hibana: Spark,SHOW,2016,2010,Not Rated,53,0,1.0,7.9,846.0,7.8,2.29,1,drama,1,JP,1
tm193388,Dhanak,MOVIE,2015,2010,Not Rated,106,0,,7.9,3893.0,7.5,2.918,1,drama,2,IN,1
tm234466,Jonah,MOVIE,2016,2010,PG,97,0,,5.4,230.0,6.0,3.125,1,drama,4,BR,1
tm376111,Chocolate City: Vegas Strip,MOVIE,2016,2010,PG-13,89,0,,3.7,303.0,6.5,4.126,1,drama,1,US,1
tm239769,I'll Sleep When I'm Dead,MOVIE,2016,2010,Not Rated,82,0,,6.6,1364.0,6.5,3.096,1,documentation,1,US,1
ts82582,The Truth Seekers,SHOW,2016,2010,TV-MA,44,0,1.0,7.1,16.0,,0.672,1,drama,2,SG,1
ts43341,Atelier,SHOW,2015,2010,TV-14,69,0,1.0,6.3,7.0,7.8,2.932,1,drama,3,JP,1
tm540757,Project Marathwada,MOVIE,2016,2010,Not Rated,110,0,,6.5,90.0,,1.147,1,drama,1,IN,1
tm207668,ABCD 2,MOVIE,2015,2010,PG,154,0,,5.4,6424.0,5.6,4.913,1,music,2,IN,1
ts54010,My Runway,SHOW,2016,2010,TV-14,24,0,1.0,6.3,266.0,7.6,10.522,1,comedy,4,KR,1
tm228839,Ali Baba and the 7 Dwarfs,MOVIE,2015,2010,PG-13,114,0,,5.6,20155.0,5.2,3.728,1,action,3,TR,1
tm233366,Te3n,MOVIE,2016,2010,PG-13,136,0,,7.3,12816.0,6.9,10.676,1,thriller,2,IN,1
tm230524,"Chatô, The King of Brazil",MOVIE,2015,2010,Not Rated,100,0,,5.4,19.0,5.1,2.234,1,drama,3,BR,1
tm233157,The Guardian Brothers,MOVIE,2016,2010,PG,103,0,,5.4,2121.0,5.8,16.724,1,animation,4,CN,1
tm245042,Budhia Singh: Born to Run,MOVIE,2016,2010,Not Rated,112,0,,7.6,1503.0,6.1,1.495,1,drama,2,IN,1
ts55223,72 Dangerous Places to Live,SHOW,2016,2010,TV-PG,45,0,1.0,6.2,357.0,6.0,1.849,1,documentation,1,AU,1
tm239947,Mercy,MOVIE,2016,2010,Not Rated,82,0,,4.1,3476.0,4.2,7.517,1,thriller,2,US,1
tm315345,City of Joy,MOVIE,2016,2010,Not Rated,74,0,,7.5,525.0,7.5,1.239,1,documentation,5,CD,1
tm239774,XOXO,MOVIE,2016,2010,Not Rated,92,0,,5.3,7021.0,6.0,16.887,1,music,2,US,1
tm270982,Layla M.,MOVIE,2016,2010,Not Rated,98,0,,6.6,1722.0,6.5,2.458,1,drama,2,NL,1
tm238829,Open Season: Scared Silly,MOVIE,2015,2010,PG,84,0,,,,5.9,24.391,1,action,4,CA,2
tm233196,Jessica Darling's It List,MOVIE,2016,2010,Not Rated,79,0,,5.4,994.0,6.0,9.284,1,family,1,US,1
tm246056,Garfunkel and Oates: Trying to be Special,MOVIE,2016,2010,Not Rated,62,0,,7.3,919.0,7.4,3.186,1,comedy,2,US,1
tm311494,Slam,MOVIE,2016,2010,Not Rated,100,0,,6.1,1329.0,5.8,11.308,1,comedy,4,IT,1
tm244635,The Blind Christ,MOVIE,2016,2010,R,95,0,,5.8,275.0,4.9,6.235,1,drama,1,FR,2
tm227044,Shaandaar,MOVIE,2015,2010,PG-13,144,0,,3.6,5723.0,4.9,3.961,1,comedy,3,IN,1
ts75897,Kulipari: An Army of Frogs,SHOW,2016,2010,Not Rated,23,0,2.0,6.8,259.0,7.4,3.954,1,action,3,US,1
tm246579,Rainbow Time,MOVIE,2016,2010,Not Rated,91,0,,5.9,726.0,5.9,3.352,1,drama,2,US,1
ts81898,Kazoops!,SHOW,2016,2010,Not Rated,13,0,3.0,7.4,122.0,8.0,2.376,1,animation,4,AU,2
ts84398,Little Things,SHOW,2016,2010,TV-MA,25,0,4.0,8.2,6542.0,7.8,6.822,1,drama,3,IN,1
tm244868,The Flower of Aleppo,MOVIE,2016,2010,Not Rated,100,0,,5.4,128.0,6.2,1.4,1,drama,3,TN,1
tm245155,The Worthy,MOVIE,2016,2010,Not Rated,95,0,,5.1,2004.0,4.8,5.348,1,thriller,6,AE,1
ts52825,The Princess Weiyoung,SHOW,2016,2010,TV-14,45,0,1.0,7.7,800.0,7.2,10.875,1,drama,3,CN,1
ts54022,Terrace House: Aloha State,SHOW,2016,2010,Not Rated,36,0,4.0,7.4,997.0,7.9,6.928,1,reality,2,JP,1
tm245293,You Are My Sunday,MOVIE,2016,2010,Not Rated,119,0,,7.7,1678.0,7.0,1.728,1,drama,2,IN,1
tm456667,Black,MOVIE,2015,2010,Not Rated,90,0,,4.3,74.0,,0.6,1,action,1,,0
tm232832,The Lion Woman,MOVIE,2016,2010,PG-13,126,0,,6.6,1410.0,6.9,17.587,1,drama,2,SE,2
ts51367,Trailer Park Boys: Out of the Park: Europe,SHOW,2016,2010,TV-MA,28,0,2.0,7.0,2324.0,6.2,5.537,1,action,4,CA,1
tm239933,7:19,MOVIE,2016,2010,Not Rated,94,0,,5.8,649.0,6.4,8.11,1,history,3,MX,1
ts53346,Chasing Cameron,SHOW,2016,2010,TV-PG,28,0,1.0,3.5,500.0,5.8,2.452,1,reality,1,US,1
tm228657,Cosmos Laundromat,MOVIE,2015,2010,Not Rated,12,0,,,,6.7,2.371,1,animation,4,NL,1
tm247644,Schubert in Love,MOVIE,2016,2010,Not Rated,94,0,,5.0,371.0,5.2,3.314,1,comedy,2,DE,1
tm212968,Frank and Cindy,MOVIE,2015,2010,Not Rated,102,0,,6.1,863.0,5.4,2.311,1,comedy,2,US,1
tm211424,Dharam Sankat Mein,MOVIE,2015,2010,PG-13,129,0,,6.3,2262.0,7.0,3.51,1,comedy,5,IN,1
ts35505,Old Money,SHOW,2015,2010,TV-MA,47,0,1.0,7.3,503.0,6.3,2.488,1,comedy,3,AT,1
ts78442,Coach Snoop,SHOW,2016,2010,TV-MA,29,0,2.0,6.7,590.0,7.8,2.881,1,documentation,1,US,1
ts43258,Stories by Rabindranath Tagore,SHOW,2015,2010,TV-PG,43,0,1.0,8.7,1323.0,8.8,3.572,1,drama,1,IN,1
tm230927,Puerto Ricans in Paris,MOVIE,2015,2010,R,82,0,,5.3,1856.0,5.7,5.176,1,comedy,1,US,1
tm244577,Love O2O,MOVIE,2016,2010,Not Rated,105,0,,6.4,1039.0,6.9,7.811,1,comedy,3,CN,1
tm227523,Fifty,MOVIE,2015,2010,Not Rated,101,0,,6.0,265.0,5.3,2.484,1,drama,4,NG,1
ts82327,Три кота,SHOW,2015,2010,TV-Y,5,0,3.0,7.0,101.0,8.0,0.662,1,animation,4,RU,1
tm230426,"Liar, Liar, Vampire",MOVIE,2015,2010,G,66,0,,5.7,964.0,7.1,9.086,1,comedy,2,US,1
ts248736,The Governor,SHOW,2016,2010,TV-14,45,0,1.0,7.3,103.0,,,1,drama,1,NG,1
tm240728,Patton Oswalt: Talking for Clapping,MOVIE,2016,2010,Not Rated,65,0,,6.7,2001.0,6.6,3.337,1,comedy,2,US,1
tm283938,Selfie 69,MOVIE,2016,2010,Not Rated,116,0,,6.1,1700.0,6.8,4.445,1,comedy,4,RO,1
ts55966,LEGO Friends: The Power of Friendship,SHOW,2016,2010,TV-Y,23,0,2.0,6.7,54.0,7.7,7.272,1,animation,1,US,1
tm236705,Ricardo O'Farrill: Abrazo Genial,MOVIE,2016,2010,Not Rated,92,0,,5.5,117.0,5.2,1.481,1,comedy,1,MX,1
tm244923,My Mother's Wound,MOVIE,2016,2010,PG-13,120,0,,7.3,3692.0,6.9,4.392,1,drama,3,TR,1
tm266622,Iliza Shlesinger: Confirmed Kills,MOVIE,2016,2010,Not Rated,77,0,,6.6,2880.0,6.4,5.957,1,comedy,1,US,1
tm134052,Umrika,MOVIE,2015,2010,Not Rated,98,0,,6.6,1472.0,5.8,2.265,1,comedy,2,IN,1
tm246543,Journey to Greenland,MOVIE,2016,2010,Not Rated,98,0,,6.3,1343.0,6.2,3.262,1,drama,3,GL,2
ts53065,One More Time,SHOW,2016,2010,TV-14,31,0,1.0,6.8,582.0,7.2,3.778,1,scifi,3,KR,1
tm272484,Michael Che Matters,MOVIE,2016,2010,Not Rated,60,0,,7.2,2657.0,6.8,3.242,1,comedy,1,US,1
tm252609,'76,MOVIE,2016,2010,PG-13,118,0,,5.6,227.0,7.2,2.062,1,romance,2,NG,1
tm234064,Halal Love,MOVIE,2016,2010,Not Rated,95,0,,6.3,382.0,5.8,1.352,1,romance,4,LB,2
tm240733,100 Meters,MOVIE,2016,2010,Not Rated,108,0,,7.5,6248.0,7.5,8.137,1,drama,3,ES,1
tm230478,Brent Morin: I'm Brent Morin,MOVIE,2015,2010,Not Rated,67,0,,6.5,691.0,7.3,1.929,1,comedy,1,US,1
tm267419,Joe Rogan: Triggered,MOVIE,2016,2010,Not Rated,63,0,,7.4,4547.0,6.7,3.272,1,comedy,2,US,1
tm232930,Kyaa Kool Hain Hum 3,MOVIE,2016,2010,Not Rated,124,0,,1.9,4356.0,3.1,4.658,1,comedy,1,IN,1
tm149212,Olmo and the Seagull,MOVIE,2015,2010,Not Rated,90,0,,7.2,676.0,7.1,2.034,1,drama,5,PT,5
tm243931,The Beginning of Life,MOVIE,2016,2010,G,98,0,,7.5,940.0,7.7,1.134,1,documentation,2,BR,1
tm307997,Offline: Are You Ready for the Next Level?,MOVIE,2016,2010,Not Rated,88,0,,5.0,783.0,5.4,16.734,1,action,3,DE,1
tm235227,Bill Hicks: Reflections,MOVIE,2015,2010,Not Rated,34,0,,,,6.7,2.465,1,documentation,1,US,1
tm219699,Phantom,MOVIE,2015,2010,Not Rated,136,0,,5.9,9281.0,5.6,3.083,1,thriller,6,IN,1
ts285233,Unchained fate,SHOW,2016,2010,TV-14,40,0,1.0,,,,0.855,0,scifi,2,MY,1
tm234136,MindGamers,MOVIE,2015,2010,Not Rated,97,0,,3.6,1111.0,4.3,1.593,1,action,4,AT,1
tm239764,David Cross: Making America Great Again,MOVIE,2016,2010,Not Rated,74,0,,6.5,1674.0,6.7,2.286,1,comedy,1,US,1
tm225675,Jeff Dunham: Unhinged in Hollywood,MOVIE,2015,2010,PG,60,0,,6.7,722.0,6.2,1.77,1,comedy,1,US,1
tm244380,Barcelona: A Love Untold,MOVIE,2016,2010,Not Rated,132,0,,6.6,766.0,6.0,3.331,1,romance,2,PH,1
tm526163,Dinosaur World,MOVIE,2015,2010,Not Rated,65,0,,,,,,0,animation,3,IN,1
ts54117,Luna Petunia,SHOW,2016,2010,TV-Y,24,0,3.0,6.3,57.0,8.0,1.722,1,animation,3,CA,1
tm244079,Sofía Niño de Rivera: Exposed,MOVIE,2016,2010,Not Rated,80,0,,7.3,304.0,7.3,2.632,1,comedy,1,MX,1
tm263743,The Doll,MOVIE,2016,2010,Not Rated,106,0,,5.2,764.0,5.3,6.038,1,thriller,2,ID,1
tm246485,U Turn,MOVIE,2016,2010,R,121,0,,7.5,3310.0,6.8,2.982,1,horror,4,IN,1
tm267017,I Love You,MOVIE,2016,2010,Not Rated,98,0,,4.7,1008.0,4.5,2.205,1,comedy,4,SE,1
tm224255,Very Big Shot,MOVIE,2015,2010,R,107,0,,6.9,1405.0,6.7,1.669,1,action,4,QA,2
ts38812,Fearless,SHOW,2016,2010,Not Rated,42,0,2.0,7.0,304.0,8.0,3.34,1,documentation,2,US,1
tm234292,The Heirs,MOVIE,2015,2010,Not Rated,71,0,,5.7,223.0,5.7,1.309,1,drama,1,MX,1
tm238717,Barakah Meets Barakah,MOVIE,2016,2010,Not Rated,88,0,,6.3,1705.0,6.5,2.115,1,romance,2,SA,1
ts38813,Bottersnikes & Gumbles,SHOW,2016,2010,TV-Y7,13,0,4.0,5.2,48.0,7.3,1.49,1,action,4,GB,3
tm271974,Pettson and Findus: The Best Christmas Ever,MOVIE,2016,2010,Not Rated,82,0,,5.5,356.0,5.4,2.616,1,family,5,DE,1
tm193378,Iliza Shlesinger: Freezing Hot,MOVIE,2015,2010,Not Rated,71,0,,6.8,2616.0,6.7,3.345,1,comedy,2,US,1
tm201855,Katti Batti,MOVIE,2015,2010,Not Rated,138,0,,4.6,3157.0,5.6,1.508,1,comedy,3,IN,1
ts21876,My Sunshine,SHOW,2015,2010,TV-PG,45,0,1.0,6.5,195.0,6.5,6.79,1,drama,2,CN,1
tm232267,Mike Epps: Don't Take It Personal,MOVIE,2015,2010,Not Rated,60,0,,4.4,288.0,5.1,2.565,1,comedy,1,US,1
tm272012,Ghost Patrol,MOVIE,2016,2010,Not Rated,50,0,,5.1,226.0,4.3,2.149,1,thriller,3,CA,1
tm217986,Bangistan,MOVIE,2015,2010,PG-13,135,0,,4.5,1284.0,6.4,4.372,1,comedy,2,IN,1
tm215911,Ludo,MOVIE,2015,2010,Not Rated,90,0,,2.8,852.0,2.8,3.316,1,horror,3,IN,1
tm327551,Born in Syria,MOVIE,2016,2010,Not Rated,86,0,,7.7,280.0,7.2,2.143,1,documentation,2,ES,2
tm238486,Theo Von: No Offense,MOVIE,2016,2010,Not Rated,65,0,,5.6,875.0,6.4,2.294,1,comedy,2,US,1
tm295349,Ricardo O'Farrill: abrazo navideño,MOVIE,2016,2010,Not Rated,31,0,,5.7,71.0,5.7,1.235,1,comedy,1,MX,1
tm233648,"Trailer Park Boys: Drunk, High and Unemployed: Live In Austin",MOVIE,2015,2010,Not Rated,74,0,,6.5,1062.0,5.6,2.368,1,comedy,1,CA,1
tm286268,#Rucker50,MOVIE,2016,2010,Not Rated,56,0,,5.2,120.0,3.7,1.645,1,documentation,1,US,1
tm214589,The Breakup Playlist,MOVIE,2015,2010,Not Rated,117,0,,6.5,305.0,6.8,1.875,1,romance,3,PH,1
tm811691,Thomas & Friends: Full Steam To The Rescue!,MOVIE,2016,2010,Not Rated,93,0,,,,10.0,0.957,1,family,1,GB,1
tm375681,S Storm,MOVIE,2016,2010,PG-13,90,0,,5.1,721.0,5.7,2.201,1,thriller,4,CN,2
tm316567,HiGH&LOW: The Red Rain,MOVIE,2016,2010,Not Rated,110,0,,6.1,296.0,7.8,2.529,1,action,2,JP,1
tm218683,The Massively Mixed-Up Middle School Mystery,MOVIE,2015,2010,Not Rated,39,0,,7.3,81.0,,2.528,1,comedy,2,XX,1
tm243070,Those who fear are dead,MOVIE,2016,2010,Not Rated,110,0,,3.6,88.0,2.0,0.763,1,drama,1,EG,1
tm247444,Poshter Girl,MOVIE,2016,2010,PG-13,140,0,,6.6,330.0,8.0,1.611,1,comedy,1,IN,1
tm224275,3000 Nights,MOVIE,2015,2010,Not Rated,103,0,,7.0,720.0,5.9,2.069,1,drama,1,AE,6
tm66466,Wazir,MOVIE,2016,2010,PG-13,103,0,,7.2,18681.0,6.6,5.319,1,thriller,4,IN,1
tm340927,Motu Patlu: King Of Kings,MOVIE,2016,2010,G,109,0,,6.5,165.0,9.0,2.208,1,animation,3,IN,1
tm219739,The Love Affair,MOVIE,2015,2010,Not Rated,125,0,,6.3,259.0,5.7,1.539,1,romance,2,PH,1
tm231911,Everyday I Love You,MOVIE,2015,2010,Not Rated,122,0,,7.0,496.0,7.8,1.504,1,romance,2,PH,1
tm242002,Jeff Foxworthy & Larry the Cable Guy: We've Been Thinking,MOVIE,2016,2010,Not Rated,74,0,,5.9,652.0,6.2,1.921,1,comedy,1,US,1
ts81027,Spark,SHOW,2016,2010,TV-14,14,0,5.0,7.0,63.0,,1.4,1,drama,1,KR,1
tm554110,The CEO,MOVIE,2016,2010,PG-13,105,0,,5.6,121.0,,2.017,1,drama,2,NG,1
tm211273,Jen Kirkman: I'm Gonna Die Alone (And I Feel Fine),MOVIE,2015,2010,Not Rated,78,0,,6.8,1506.0,6.9,2.027,1,comedy,1,US,1
tm860487,Pac’s Scary Halloween,MOVIE,2016,2010,Not Rated,44,0,,,,7.4,1.989,1,,0,US,1
ts83449,Love Storm,SHOW,2016,2010,TV-14,87,0,1.0,5.5,326.0,9.0,2.334,1,family,1,TW,1
tm273933,Reggie Watts: Spatial,MOVIE,2016,2010,Not Rated,61,0,,6.0,515.0,6.1,1.945,1,comedy,2,US,1
ts83450,Close Your Eyes Before It's Dark,SHOW,2016,2010,TV-14,84,0,1.0,7.0,229.0,6.4,2.265,1,thriller,3,TW,1
ts53017,Best Lover,SHOW,2016,2010,TV-14,45,0,1.0,6.8,82.0,9.7,3.482,1,drama,2,CN,1
tm549892,Aerials,MOVIE,2016,2010,Not Rated,90,0,,1.5,388.0,,1.81,1,thriller,3,AE,1
tm528287,Chhota Bheem in African Safari,MOVIE,2015,2010,Not Rated,62,0,,6.5,12.0,,,1,animation,1,,0
tm317850,Meet The in-Laws,MOVIE,2016,2010,Not Rated,75,0,,6.0,24.0,5.0,1.512,1,comedy,1,NG,1
tm494288,Brother Jekwu,MOVIE,2016,2010,Not Rated,103,0,,,,,1.4,0,comedy,2,NG,1
tm452046,Hans Teeuwen: Echte Rancune,MOVIE,2016,2010,Not Rated,103,0,,,,6.3,0.724,1,comedy,1,NL,1
tm207734,Chris D'Elia: Incorrigible,MOVIE,2015,2010,R,83,0,,6.4,1540.0,6.2,2.593,1,comedy,2,US,1
ts52950,Miss in Kiss,SHOW,2016,2010,TV-14,27,0,1.0,7.7,98.0,8.0,2.05,1,comedy,2,TW,1
tm244842,Ordinary People,MOVIE,2016,2010,Not Rated,107,0,,7.3,516.0,6.3,2.117,1,drama,1,PH,1
ts83454,"Have You Ever Fallen in Love, Miss Jiang?",SHOW,2016,2010,TV-14,85,0,1.0,,,,1.365,0,drama,1,TW,1
tm350159,Couple Of Days,MOVIE,2016,2010,Not Rated,103,0,,6.4,21.0,4.0,0.671,1,drama,1,NG,1
tm226320,Kara Bela,MOVIE,2015,2010,PG-13,100,0,,6.7,9056.0,6.6,3.656,1,comedy,3,TR,1
tm279828,Vince & Kath & James,MOVIE,2016,2010,Not Rated,116,0,,6.8,373.0,6.4,1.936,1,romance,1,PH,1
tm319354,Santa Pac's Merry Berry Day,MOVIE,2016,2010,Not Rated,44,0,,,,5.5,1.605,1,animation,3,US,3
tm275726,Carlos Ballarta: el amor es de putos,MOVIE,2016,2010,Not Rated,67,0,,7.0,235.0,6.5,3.487,1,comedy,1,MX,1
tm311456,Sen Benim HerŞeyimsin,MOVIE,2016,2010,Not Rated,107,0,,6.2,2707.0,6.3,3.082,1,comedy,1,TR,1
tm350374,Saawan,MOVIE,2016,2010,Not Rated,90,0,,7.3,253.0,7.4,2.513,1,thriller,2,PK,1
tm296203,A Chaster Marriage,MOVIE,2016,2010,PG-13,93,0,,5.4,874.0,5.1,1.508,1,comedy,3,TR,1
tm235232,Misunderstanding,MOVIE,2015,2010,Not Rated,120,0,,4.3,780.0,,1.441,1,action,3,EG,1
tm234773,Eddie: Strongman,MOVIE,2015,2010,Not Rated,98,0,,7.4,1168.0,6.8,1.814,1,documentation,1,GB,1
tm243849,Extremis,MOVIE,2016,2010,Not Rated,24,0,,,,7.1,4.355,1,documentation,1,US,1
tm257141,Cedric the Entertainer: Live from the Ville,MOVIE,2016,2010,Not Rated,60,0,,6.2,696.0,6.0,1.519,1,comedy,1,US,1
tm234069,Wedding Association 2: Circumcision,MOVIE,2015,2010,PG-13,107,0,,6.3,10439.0,6.2,3.703,1,comedy,1,TR,1
tm278279,One in a Billion,MOVIE,2016,2010,Not Rated,69,0,,6.7,545.0,7.0,1.674,1,documentation,1,US,1
tm232947,Brahman Naman,MOVIE,2016,2010,Not Rated,94,0,,5.5,1901.0,5.6,2.608,1,comedy,1,IN,2
tm290157,XV Beyond the Tryline,MOVIE,2016,2010,Not Rated,91,0,,6.8,76.0,7.5,1.278,1,documentation,2,GB,1
tm247396,Virunga: Gorillas in Peril,MOVIE,2015,2010,Not Rated,28,0,,6.6,32.0,7.0,1.46,1,documentation,1,US,1
tm246810,Santa Banta Pvt Ltd,MOVIE,2016,2010,Not Rated,112,0,,2.7,283.0,3.8,2.241,1,comedy,4,IN,1
tm239078,Jada,MOVIE,2016,2010,PG-13,16,0,,5.4,159.0,4.0,0.886,1,drama,2,US,1
tm562821,Grandmother's Farm Part 2,MOVIE,2015,2010,Not Rated,80,0,,5.4,61.0,,,1,horror,3,AE,1
tm282988,Dieter Nuhr: Nuhr in Berlin,MOVIE,2016,2010,Not Rated,68,0,,4.7,70.0,6.2,1.004,1,comedy,2,DE,1
tm215265,Ave Maria,MOVIE,2015,2010,Not Rated,15,0,,,,5.9,2.209,1,comedy,1,PS,3
tm211571,Niyazi Gül Dörtnala,MOVIE,2015,2010,PG,106,0,,4.5,3170.0,4.2,2.395,1,comedy,3,TR,1
tm242906,Sila Samayangalil,MOVIE,2016,2010,Not Rated,101,0,,5.8,32.0,7.6,2.974,1,drama,1,IN,1
ts253685,Secret of Success,SHOW,2015,2010,TV-14,41,0,1.0,,,,0.846,0,drama,1,MY,1
tm368725,Love Is a Story,MOVIE,2015,2010,Not Rated,107,0,,6.0,365.0,7.0,1.654,1,romance,3,RO,1
tm1223831,Motu Patlu Aur Khazaane Ki Race,MOVIE,2015,2010,Not Rated,75,0,,,,,,0,animation,3,,0
tm203056,Husband Factor,MOVIE,2015,2010,PG-13,108,0,,6.2,5092.0,5.8,4.497,1,comedy,4,TR,1
tm233463,Husband Factor: Resurrection,MOVIE,2016,2010,PG,108,0,,5.3,310.0,6.1,2.76,1,comedy,5,TR,1
tm313374,The Tour,MOVIE,2016,2010,Not Rated,93,0,,,,7.0,0.6,1,comedy,3,CZ,1
tm283909,The Super Parental Guardians,MOVIE,2016,2010,Not Rated,115,0,,4.4,208.0,6.7,1.339,1,comedy,1,PH,1
tm235005,Oloibiri,MOVIE,2015,2010,Not Rated,106,0,,5.1,183.0,,1.396,1,thriller,3,CA,2
tm533845,Sam Kinison: The Scream Continues,MOVIE,2016,2010,Not Rated,29,0,,6.1,39.0,7.0,0.632,1,documentation,1,US,1
tm267112,Gang of the Caribbean,MOVIE,2016,2010,Not Rated,90,0,,5.1,299.0,4.8,3.637,1,thriller,2,FR,1
tm247767,Kiss of Life,MOVIE,2015,2010,G,102,0,,5.9,1248.0,4.3,1.511,1,romance,3,TR,1
tm198842,Souk Bazaar,MOVIE,2015,2010,PG,97,0,,5.2,1900.0,5.1,1.672,1,comedy,1,TR,1
tm232855,Everything About Her,MOVIE,2016,2010,Not Rated,126,0,,7.2,332.0,8.1,2.11,1,drama,2,PH,1
ts91990,The Creative Indians,SHOW,2016,2010,TV-MA,29,0,4.0,8.3,45.0,9.0,0.6,1,documentation,1,US,1
tm421214,Saudi Arabia Uncovered,MOVIE,2016,2010,Not Rated,51,0,,,,6.5,1.781,1,documentation,1,SA,1
tm350044,A Man Returned,MOVIE,2016,2010,Not Rated,30,0,,,,6.5,1.21,1,documentation,1,,0
tm424879,Road To High & Low,MOVIE,2016,2010,Not Rated,95,0,,6.6,185.0,6.0,4.102,1,action,2,JP,1
ts53513,Back to 1989,SHOW,2016,2010,TV-14,44,0,1.0,8.0,115.0,8.4,0.688,1,scifi,2,TW,1
tm245050,The Arbitration,MOVIE,2016,2010,Not Rated,100,0,,5.0,124.0,6.9,1.811,1,drama,2,NG,1
tm247159,The Last Egg,MOVIE,2016,2010,Not Rated,95,0,,4.8,101.0,6.0,1.02,1,comedy,3,VN,1
tm244041,Jandino: Whatever it Takes,MOVIE,2016,2010,Not Rated,94,0,,4.5,30.0,5.0,1.4,1,comedy,1,NL,2
tm407961,Gbomo Gbomo Express,MOVIE,2015,2010,Not Rated,96,0,,5.0,50.0,5.0,0.714,1,drama,2,NG,1
tm225416,Janoskians: Untold and Untrue,MOVIE,2015,2010,Not Rated,88,0,,3.7,161.0,5.1,1.889,1,comedy,1,US,1
ts82475,The Dream Job,SHOW,2016,2010,TV-14,44,0,1.0,6.1,14.0,,0.6,1,drama,2,SG,1
tm198786,Crazy Beautiful You,MOVIE,2015,2010,Not Rated,115,0,,7.0,853.0,7.0,2.393,1,drama,3,PH,1
ts249161,Tariqi: My Way,SHOW,2015,2010,TV-14,41,0,1.0,7.1,148.0,,,1,drama,2,US,1
ts107658,Mind Game,SHOW,2015,2010,TV-14,44,0,1.0,7.5,12.0,,,1,action,3,US,2
tm232090,Snervous Tyler Oakley,MOVIE,2015,2010,PG-13,82,0,,5.4,473.0,5.7,2.707,1,documentation,1,US,1
tm571645,Sommore: The Reign Continues,MOVIE,2015,2010,R,92,0,,7.0,79.0,7.0,0.956,1,comedy,1,US,1
tm350727,Hajwala: The Missing Engine,MOVIE,2016,2010,R,96,0,,2.0,255.0,6.2,1.389,1,drama,5,AE,1
tm212909,Just the Way You Are,MOVIE,2015,2010,Not Rated,107,0,,6.3,511.0,7.6,2.177,1,comedy,3,PH,1
tm233121,Dedemin Fişi,MOVIE,2016,2010,PG,100,0,,5.5,3524.0,5.8,3.847,1,comedy,2,TR,1
tm272666,The Unmarried Wife,MOVIE,2016,2010,Not Rated,130,0,,5.9,189.0,6.5,1.812,1,drama,2,PH,1
ts56544,Bibik Bibikku,SHOW,2016,2010,TV-PG,40,0,1.0,,,,1.674,0,drama,2,MY,1
tm245791,My Stupid Boss,MOVIE,2016,2010,Not Rated,106,0,,7.1,1536.0,6.9,2.471,1,comedy,2,ID,1
tm271333,The Third Party,MOVIE,2016,2010,Not Rated,118,0,,6.1,275.0,5.6,2.802,1,comedy,2,PH,1
tm409220,Ojukokoro (Greed),MOVIE,2016,2010,Not Rated,112,0,,6.6,63.0,5.5,0.954,1,thriller,3,NG,1
tm421382,Lakeeran,MOVIE,2016,2010,Not Rated,113,0,,6.3,34.0,,0.712,1,drama,1,IN,1
tm1063792,,MOVIE,2015,2010,Not Rated,11,0,,,,,,0,,0,,0
tm234735,Time Out,MOVIE,2015,2010,Not Rated,98,0,,6.0,414.0,7.2,1.167,1,drama,4,IN,1
ts77795,Derry Girls,SHOW,2018,2010,TV-MA,27,0,3.0,8.4,34026.0,8.1,16.567,1,comedy,1,GB,1
ts56683,The Sinner,SHOW,2017,2010,TV-MA,45,0,4.0,7.9,118746.0,7.5,51.938,1,crime,3,US,1
tm312676,Leave No Trace,MOVIE,2018,2010,PG,109,0,,7.1,58727.0,6.8,14.795,1,drama,1,CA,2
ts53864,Ozark,SHOW,2017,2010,TV-MA,60,0,4.0,8.5,300454.0,8.245,146.805,1,drama,3,US,1
tm239091,Blade Runner 2049,MOVIE,2017,2010,R,164,0,,8.0,549712.0,7.5,67.788,1,scifi,4,CA,6
ts55668,Dark,SHOW,2017,2010,TV-MA,56,0,3.0,8.7,363469.0,8.4,164.601,1,scifi,4,DE,1
tm313149,12 Strong,MOVIE,2018,2010,R,131,0,,6.5,79980.0,6.2,67.199,1,drama,4,US,1
tm244208,It,MOVIE,2017,2010,R,135,0,,7.3,527626.0,7.234,95.827,1,horror,3,US,1
ts81064,Legacies,SHOW,2018,2010,TV-14,41,0,4.0,7.2,30634.0,8.5,230.337,1,drama,4,US,1
ts81294,Manifest,SHOW,2018,2010,TV-14,42,0,4.0,7.1,53185.0,7.7,145.572,1,drama,3,US,1
ts53023,Riverdale,SHOW,2017,2010,TV-14,42,0,6.0,6.6,141250.0,8.531,341.862,1,crime,4,US,1
tm244259,Wind River,MOVIE,2017,2010,R,107,0,,7.7,244463.0,7.427,26.743,1,thriller,4,FR,3
tm310953,Sorry to Bother You,MOVIE,2018,2010,R,111,0,,6.9,77407.0,6.8,10.334,1,scifi,4,US,1
tm232797,Dunkirk,MOVIE,2017,2010,PG-13,107,0,,7.8,619645.0,7.5,36.684,1,drama,6,FR,4
ts78801,Cobra Kai,SHOW,2018,2010,TV-14,31,0,5.0,8.5,166830.0,8.167,331.306,1,action,4,US,1
tm366889,Vice,MOVIE,2018,2010,R,132,0,,7.2,139439.0,7.059,16.962,1,comedy,3,US,1
ts42405,Mindhunter,SHOW,2017,2010,TV-MA,53,0,2.0,8.6,261429.0,8.0,37.904,1,drama,3,US,1
tm315174,Phantom Thread,MOVIE,2017,2010,R,130,0,,7.4,130006.0,7.3,14.833,1,drama,2,US,2
ts56768,Money Heist,SHOW,2017,2010,TV-MA,49,0,5.0,8.2,461688.0,,1.4,1,thriller,5,ES,1
ts83970,All American,SHOW,2018,2010,TV-14,42,0,5.0,7.6,9704.0,8.272,33.102,1,drama,2,US,1
ts79813,You,SHOW,2018,2010,TV-MA,47,0,3.0,7.7,230119.0,8.1,85.558,1,crime,4,US,1
tm315344,Molly's Game,MOVIE,2017,2010,R,140,0,,7.4,167955.0,7.147,25.929,1,drama,3,CN,3
tm318206,Den of Thieves,MOVIE,2018,2010,R,140,0,,7.0,110108.0,6.7,47.326,1,thriller,4,US,1
ts77398,Lost in Space,SHOW,2018,2010,TV-PG,49,0,3.0,7.3,98084.0,7.654,55.052,1,drama,5,US,1
ts81884,Bodyguard,SHOW,2018,2010,TV-MA,60,0,2.0,8.1,118124.0,7.9,19.085,1,war,5,GB,1
ts82584,Rise of the Teenage Mutant Ninja Turtles,SHOW,2018,2010,TV-Y7,17,0,2.0,4.9,3153.0,6.4,17.577,1,action,7,US,1
ts74816,American Vandal,SHOW,2017,2010,TV-MA,33,0,2.0,8.1,30399.0,7.6,17.642,1,crime,3,US,1
ts75151,Godless,SHOW,2017,2010,TV-MA,65,0,1.0,7.6,27.0,7.754,16.273,1,drama,5,US,1
ts77955,Somebody Feed Phil,SHOW,2018,2010,TV-14,52,0,5.0,8.2,4850.0,7.4,9.24,1,documentation,1,US,1
ts58133,Manhunt,SHOW,2017,2010,TV-14,43,0,2.0,8.1,58120.0,7.7,18.55,1,crime,3,US,1
ts58433,The Haunting of Hill House,SHOW,2018,2010,TV-MA,58,0,1.0,8.6,231950.0,8.1,50.336,1,thriller,3,US,1
tm266714,CHiPS,MOVIE,2017,2010,R,100,0,,6.0,46783.0,6.1,34.887,1,action,3,US,1
tm425889,The Ballad of Buster Scruggs,MOVIE,2018,2010,R,132,0,,7.3,144294.0,7.145,32.555,1,western,4,US,1
ts42477,Babylon Berlin,SHOW,2017,2010,TV-MA,49,0,4.0,8.4,23638.0,7.9,33.053,1,drama,5,DE,1
ts54102,Altered Carbon,SHOW,2018,2010,TV-MA,52,0,2.0,7.9,164872.0,7.8,52.901,1,scifi,4,US,1
ts56261,Castlevania,SHOW,2017,2010,TV-MA,26,0,4.0,8.3,62722.0,8.3,50.499,1,animation,5,US,1
ts84785,Dirty John,SHOW,2018,2010,TV-MA,44,0,2.0,7.2,21280.0,7.3,15.079,1,crime,2,US,1
tm244220,Darkest Hour,MOVIE,2017,2010,PG-13,125,0,,7.4,193208.0,7.351,21.927,1,drama,5,GB,1
ts57465,Dynasty,SHOW,2017,2010,TV-14,42,0,5.0,7.2,21637.0,8.2,49.457,1,drama,1,US,1
tm367185,Won't You Be My Neighbor?,MOVIE,2018,2010,PG-13,95,0,,8.4,25061.0,8.1,8.47,1,documentation,1,US,1
ts57120,Good Girls,SHOW,2018,2010,TV-14,42,0,4.0,7.7,50919.0,8.1,33.403,1,drama,3,US,1
ts57850,HAPPY!,SHOW,2017,2010,TV-MA,43,0,2.0,8.1,38172.0,7.5,13.215,1,scifi,6,US,1
ts74823,Wet Hot American Summer: Ten Years Later,SHOW,2017,2010,TV-MA,27,0,1.0,6.9,8639.0,6.6,8.032,1,comedy,1,US,1
ts53663,Workin' Moms,SHOW,2017,2010,TV-MA,23,0,6.0,7.7,16488.0,7.9,23.833,1,comedy,2,CA,1
ts75097,Maniac,SHOW,2018,2010,TV-MA,39,0,1.0,7.7,77069.0,7.4,14.064,1,scifi,3,US,1
ts79229,Wild Wild Country,SHOW,2018,2010,TV-MA,67,0,1.0,8.1,29939.0,7.95,9.646,1,crime,2,US,1
tm287684,The Ritual,MOVIE,2017,2010,R,94,0,,6.3,95551.0,6.2,24.321,1,thriller,2,CA,2
ts55982,Anne with an E,SHOW,2017,2010,TV-G,46,0,3.0,8.7,52756.0,8.8,150.37,1,drama,2,CA,1
tm244174,Okja,MOVIE,2017,2010,PG-13,122,0,,7.3,116305.0,7.415,25.911,1,scifi,4,KR,2
ts76243,The End of the F***ing World,SHOW,2017,2010,TV-MA,21,0,2.0,8.1,182217.0,8.2,50.694,1,drama,5,GB,1
ts77852,Trolls: The Beat Goes On!,SHOW,2018,2010,TV-G,20,0,8.0,5.8,806.0,8.6,21.406,1,comedy,5,US,1
ts56969,Atypical,SHOW,2017,2010,TV-14,31,0,4.0,8.3,81643.0,8.3,37.513,1,comedy,2,US,1
tm288010,Final Score,MOVIE,2018,2010,R,104,0,,5.7,11967.0,6.1,17.411,1,action,3,GB,2
ts39015,A Series of Unfortunate Events,SHOW,2017,2010,TV-PG,47,0,3.0,7.8,59959.0,7.345,55.144,1,drama,4,US,1
ts81208,Charmed,SHOW,2018,2010,TV-14,40,0,4.0,4.6,16533.0,7.427,92.694,1,drama,3,US,1
tm300280,Rumble: The Indians Who Rocked the World,MOVIE,2017,2010,Not Rated,103,0,,7.7,830.0,8.2,1.771,1,music,2,CA,1
tm244364,The Nightingale,MOVIE,2018,2010,R,136,0,,7.3,29758.0,7.2,25.696,1,thriller,3,AU,1
ts58155,Alias Grace,SHOW,2017,2010,TV-MA,44,0,1.0,7.7,32177.0,7.3,13.586,1,drama,4,CA,1
ts269185,Cold Case Files,SHOW,2017,2010,TV-14,42,0,2.0,7.9,1292.0,8.0,2.879,1,crime,2,US,1
ts53198,One Day at a Time,SHOW,2017,2010,TV-PG,28,0,4.0,8.1,16167.0,8.1,17.017,1,comedy,2,US,1
tm359978,Forgotten,MOVIE,2017,2010,Not Rated,109,0,,7.4,31208.0,8.0,33.53,1,thriller,3,KR,1
tm414073,Backtrace,MOVIE,2018,2010,R,92,0,,3.8,4453.0,5.4,19.984,1,crime,4,CA,2
ts84328,The Bureau of Magical Things,SHOW,2018,2010,TV-G,24,0,2.0,6.7,2152.0,7.5,20.189,1,scifi,4,AU,1
ts53545,Santa Clarita Diet,SHOW,2017,2010,TV-MA,29,0,3.0,7.8,66326.0,7.5,19.982,1,comedy,2,US,1
ts58367,Safe,SHOW,2018,2010,TV-MA,45,0,1.0,7.2,42239.0,6.9,9.531,1,drama,4,GB,1
ts55798,Stranger,SHOW,2017,2010,TV-MA,64,0,2.0,8.5,8066.0,8.5,25.007,1,crime,6,KR,1
tm412550,Set It Up,MOVIE,2018,2010,R,105,0,,6.5,51861.0,6.9,18.364,1,romance,2,US,1
tm299741,Crooked House,MOVIE,2017,2010,PG-13,115,0,,6.3,24033.0,6.4,10.188,1,drama,3,GB,1
tm239286,The Cloverfield Paradox,MOVIE,2018,2010,PG-13,102,0,,5.5,104068.0,5.6,21.122,1,horror,5,US,1
tm272060,What Happened to Monday,MOVIE,2017,2010,R,123,0,,6.8,121772.0,7.2,60.669,1,scifi,6,FR,5
ts241248,Cocomelon,SHOW,2018,2010,TV-PG,6,0,4.0,4.7,570.0,7.1,3.372,1,animation,3,US,2
tm266666,Gerald's Game,MOVIE,2017,2010,Not Rated,104,0,,6.5,106451.0,6.4,21.014,1,horror,3,US,1
tm288499,Roma,MOVIE,2018,2010,R,135,0,,7.7,155787.0,7.7,12.745,1,drama,2,US,2
tm370212,Adrift,MOVIE,2018,2010,PG-13,96,0,,6.6,55597.0,6.9,17.991,1,action,5,HK,3
tm244191,The Beguiled,MOVIE,2017,2010,R,93,0,,6.8,21.0,5.9,26.24,1,drama,4,US,1
ts72247,Disenchantment,SHOW,2018,2010,TV-14,28,0,4.0,7.2,59907.0,7.561,49.462,1,scifi,5,US,1
ts75879,Big Mouth,SHOW,2017,2010,TV-MA,27,0,6.0,7.9,76088.0,7.9,61.436,1,comedy,3,US,1
tm350379,Ghostland,MOVIE,2018,2010,R,91,0,,6.4,31379.0,7.4,34.263,1,thriller,4,CA,2
ts74809,Knightfall,SHOW,2017,2010,TV-14,44,0,2.0,6.7,20112.0,7.0,28.09,1,action,3,US,1
ts55720,GLOW,SHOW,2017,2010,TV-MA,34,0,4.0,8.0,45533.0,7.4,17.486,1,drama,4,US,1
tm350,The Bad Batch,MOVIE,2017,2010,R,119,0,,5.2,31275.0,5.3,18.249,1,drama,5,US,1
ts312241,Oats Studios,SHOW,2017,2010,TV-MA,12,0,1.0,6.4,1512.0,8.0,8.612,1,scifi,2,US,1
tm320570,Tully,MOVIE,2018,2010,R,96,0,,7.0,57576.0,6.8,13.592,1,comedy,2,CA,2
ts52821,Watership Down,SHOW,2018,2010,TV-PG,50,0,1.0,7.2,6175.0,6.9,10.0,1,animation,5,GB,1
tm357589,The Guernsey Literary & Potato Peel Pie Society,MOVIE,2018,2010,Not Rated,124,0,,7.3,45626.0,7.5,12.645,1,drama,4,GB,3
ts82189,BAKI,SHOW,2018,2010,TV-MA,24,0,3.0,6.7,6041.0,8.1,207.49,1,drama,5,JP,1
tm233482,The Foreigner,MOVIE,2017,2010,R,113,0,,7.0,113338.0,6.8,32.05,1,action,5,IN,4
tm320281,"Can't Stop, Won't Stop: A Bad Boy Story",MOVIE,2017,2010,R,80,0,,5.3,735.0,6.4,4.174,1,music,2,US,1
tm319818,Outlaw King,MOVIE,2018,2010,R,121,0,,6.9,70822.0,6.8,24.14,1,action,4,US,2
tm414887,Destination Wedding,MOVIE,2018,2010,R,90,0,,6.0,29546.0,5.7,19.069,1,drama,3,US,1
ts82849,The Kominsky Method,SHOW,2018,2010,TV-MA,26,0,3.0,8.2,38900.0,7.6,18.106,1,drama,2,US,1
ts55781,Black Spot,SHOW,2017,2010,TV-MA,55,0,2.0,7.4,11068.0,7.0,17.457,1,drama,5,BE,2
ts78305,Elite,SHOW,2018,2010,TV-MA,48,0,5.0,7.4,75337.0,8.1,224.739,1,thriller,3,ES,1
ts56648,The Keepers,SHOW,2017,2010,TV-MA,56,0,1.0,8.2,14.0,7.5,8.556,1,documentation,5,US,1
ts42294,13 Reasons Why,SHOW,2017,2010,TV-MA,58,0,4.0,7.5,286015.0,7.748,80.574,1,drama,2,US,1
tm374132,Bird Box,MOVIE,2018,2010,R,124,0,,6.6,331070.0,6.9,47.18,1,thriller,4,US,1
tm280828,The Babysitter,MOVIE,2017,2010,R,85,0,,6.4,86953.0,6.102,52.287,1,comedy,2,US,1
ts54054,Imposters,SHOW,2017,2010,TV-14,43,0,2.0,7.8,13529.0,7.3,17.273,1,drama,4,US,1
ts77518,Teasing Master Takagi-san,SHOW,2018,2010,TV-PG,24,0,3.0,7.7,2153.0,8.274,49.106,1,animation,3,JP,1
ts82526,Narcos: Mexico,SHOW,2018,2010,TV-MA,58,0,3.0,8.4,82042.0,7.9,92.102,1,drama,2,US,1
ts57055,Black Lightning,SHOW,2018,2010,TV-14,41,0,4.0,6.1,24646.0,7.2,45.271,1,action,3,US,1
ts84574,Salt Fat Acid Heat,SHOW,2018,2010,Not Rated,43,0,1.0,7.7,2447.0,8.3,4.037,1,documentation,1,US,1
tm371380,The Package,MOVIE,2018,2010,R,94,0,,5.5,17858.0,6.0,20.72,1,comedy,3,US,1
tm244197,Replicas,MOVIE,2018,2010,PG-13,94,0,,5.5,37340.0,6.1,27.644,1,scifi,3,PR,4
tm420348,Cam,MOVIE,2018,2010,Not Rated,95,0,,5.9,31542.0,5.8,12.204,1,thriller,3,US,1
ts77563,Mystery Science Theater 3000,SHOW,2017,2010,TV-14,86,0,2.0,8.1,3656.0,8.0,3.279,1,scifi,5,US,1
ts76458,Deadwind,SHOW,2018,2010,TV-MA,46,0,3.0,7.2,9068.0,6.6,18.234,1,crime,3,FI,1
ts77824,My Next Guest Needs No Introduction With David Letterman,SHOW,2018,2010,TV-MA,50,0,4.0,7.8,5581.0,7.6,8.217,1,,0,US,1
ts77197,Seven Seconds,SHOW,2018,2010,TV-MA,62,0,1.0,7.7,15323.0,7.4,9.766,1,crime,2,US,1
ts78558,Queer Eye,SHOW,2018,2010,TV-14,47,0,6.0,8.5,18710.0,7.8,15.751,1,reality,1,US,1
ts76869,Violet Evergarden,SHOW,2018,2010,TV-14,25,0,1.0,8.4,20919.0,8.674,43.782,1,animation,5,JP,1
ts84280,Rascal Does Not Dream of Bunny Girl Senpai,SHOW,2018,2010,TV-14,25,0,1.0,8.1,11117.0,8.8,61.635,1,comedy,6,JP,1
tm435086,Level 16,MOVIE,2018,2010,Not Rated,102,0,,6.0,11823.0,6.8,69.48,1,scifi,4,CA,1
tm414285,Abducted in Plain Sight,MOVIE,2018,2010,Not Rated,91,0,,6.8,18165.0,6.4,9.689,1,crime,4,US,1
tm244206,The Meyerowitz Stories (New and Selected),MOVIE,2017,2010,Not Rated,112,0,,6.9,48223.0,6.5,12.045,1,comedy,2,US,1
ts79926,James Acaster: Repertoire,SHOW,2018,2010,TV-14,52,0,1.0,8.4,3686.0,8.4,2.462,1,comedy,1,GB,1
tm273294,I Don't Feel at Home in This World Anymore,MOVIE,2017,2010,Not Rated,93,0,,6.9,55549.0,6.5,12.544,1,drama,5,US,1
tm280060,Step Sisters,MOVIE,2018,2010,PG-13,104,0,,5.4,4496.0,6.5,9.814,1,comedy,1,US,1
ts76865,Devilman Crybaby,SHOW,2018,2010,TV-MA,25,0,1.0,7.6,19465.0,7.887,37.228,1,animation,6,JP,1
tm226948,The Shack,MOVIE,2017,2010,PG-13,132,0,,6.2,35748.0,7.5,110.758,1,drama,2,US,1
ts83999,Hilda,SHOW,2018,2010,TV-Y7,25,0,2.0,8.5,10283.0,8.3,18.535,1,animation,6,GB,1
tm371900,Calibre,MOVIE,2018,2010,Not Rated,101,0,,6.8,28788.0,6.5,9.761,1,thriller,2,GB,1
tm271951,Apostle,MOVIE,2018,2010,R,130,0,,6.3,51890.0,6.1,14.414,1,thriller,4,US,2
tm244332,Beirut,MOVIE,2018,2010,R,110,0,,6.4,22065.0,6.3,10.945,1,thriller,4,US,1
tm410435,To All the Boys I've Loved Before,MOVIE,2018,2010,PG-13,100,0,,7.1,101175.0,7.7,83.421,1,comedy,3,US,1
ts78430,Collateral,SHOW,2018,2010,TV-MA,57,0,1.0,6.7,17774.0,6.4,23.364,1,thriller,3,GB,1
ts82228,Cells at Work!,SHOW,2018,2010,TV-14,23,0,2.0,7.5,2270.0,8.3,16.706,1,comedy,4,JP,1
ts58025,My Little Pony: Equestria Girls,SHOW,2017,2010,TV-Y,22,0,1.0,6.5,661.0,8.1,11.9,1,animation,4,US,1
ts82597,The Dragon Prince,SHOW,2018,2010,TV-Y7,27,0,3.0,8.4,22187.0,8.3,31.275,1,action,7,US,1
tm362881,Mirai,MOVIE,2018,2010,PG,94,0,,7.0,14983.0,7.2,52.562,1,fantasy,4,JP,1
ts87369,Rust Valley Restorers,SHOW,2018,2010,TV-14,50,0,4.0,7.7,2848.0,8.1,12.127,1,documentation,1,CA,1
tm221953,Bāhubali 2: The Conclusion,MOVIE,2017,2010,Not Rated,168,0,,8.2,94421.0,7.3,38.877,1,fantasy,3,IN,1
tm227940,Berlin Syndrome,MOVIE,2017,2010,R,116,0,,6.2,25149.0,6.0,15.339,1,horror,3,AU,1
tm311815,Icarus,MOVIE,2017,2010,Not Rated,121,0,,7.9,49269.0,7.7,9.623,1,documentation,3,US,1
ts55645,Five Came Back,SHOW,2017,2010,TV-MA,65,0,1.0,8.3,4671.0,7.7,5.86,1,war,3,US,1
ts81331,She-Ra and the Princesses of Power,SHOW,2018,2010,TV-Y7,24,0,5.0,7.8,15584.0,8.8,26.73,1,scifi,7,US,1
tm362098,The Kindergarten Teacher,MOVIE,2018,2010,R,96,0,,6.7,15974.0,6.6,15.809,1,drama,3,US,1
ts80856,Chilling Adventures of Sabrina,SHOW,2018,2010,TV-14,57,0,4.0,7.4,91958.0,8.306,80.61,1,thriller,5,US,1
tm317542,1922,MOVIE,2017,2010,Not Rated,101,0,,6.2,62508.0,5.9,17.275,1,horror,5,US,1
tm313683,Veronica,MOVIE,2017,2010,R,105,0,,6.2,41284.0,6.2,55.175,1,horror,1,ES,1
tm414220,Little Italy,MOVIE,2018,2010,R,102,0,,5.7,14829.0,6.8,15.703,1,romance,2,CA,2
tm299677,Hold the Dark,MOVIE,2018,2010,Not Rated,126,0,,5.6,36928.0,5.318,16.591,1,thriller,5,US,1
tm244325,Mute,MOVIE,2018,2010,R,126,0,,5.4,35158.0,5.6,15.734,1,scifi,3,GB,2
tm435916,The Perfection,MOVIE,2018,2010,Not Rated,90,0,,6.1,42403.0,6.5,12.684,1,horror,4,US,1
tm433228,Red Joan,MOVIE,2018,2010,R,101,0,,6.4,12452.0,6.7,13.425,1,thriller,4,GB,1
tm244307,Bright,MOVIE,2017,2010,R,117,0,,6.3,185996.0,6.2,36.593,1,fantasy,5,US,1
ts80705,Evil Genius,SHOW,2018,2010,TV-MA,48,0,1.0,7.5,27987.0,7.5,9.635,1,documentation,2,US,1
ts78080,Everything Sucks!,SHOW,2018,2010,TV-14,24,0,1.0,7.5,18621.0,7.8,17.251,1,drama,2,US,1
tm346943,Kodachrome,MOVIE,2017,2010,Not Rated,105,0,,6.8,16821.0,6.8,8.641,1,drama,3,US,1
tm233362,The Discovery,MOVIE,2017,2010,Not Rated,102,0,,6.2,34092.0,6.3,11.237,1,scifi,4,US,1
ts80035,Nightflyers,SHOW,2018,2010,TV-MA,44,0,1.0,5.8,13222.0,5.6,10.291,1,scifi,4,US,1
ts82560,Dark Tourist,SHOW,2018,2010,TV-MA,41,0,1.0,7.5,7233.0,6.5,6.668,1,action,2,NZ,1
tm310706,Extinction,MOVIE,2018,2010,R,96,0,,5.8,52635.0,6.009,28.029,1,scifi,4,US,1
tm244233,The Book of Henry,MOVIE,2017,2010,PG-13,106,0,,6.5,27262.0,7.5,17.456,1,drama,3,US,1
tm317566,Creep 2,MOVIE,2017,2010,R,80,0,,6.4,25671.0,6.322,14.489,1,thriller,4,US,1
tm422491,Speed Kills,MOVIE,2018,2010,R,102,0,,4.2,3244.0,5.6,14.407,1,thriller,4,US,2
tm449070,Black Mirror: Bandersnatch,MOVIE,2018,2010,R,90,0,,7.1,125229.0,6.8,17.397,1,drama,4,GB,2
tm315340,The Night Comes for Us,MOVIE,2018,2010,R,121,0,,6.9,25839.0,6.8,12.473,1,action,3,ID,1
tm307283,Cargo,MOVIE,2017,2010,Not Rated,105,0,,6.3,43232.0,6.4,18.142,1,drama,4,AU,1
ts84010,Pine Gap,SHOW,2018,2010,TV-MA,56,0,1.0,7.1,5007.0,7.3,10.479,1,drama,2,AU,1
tm366567,When We First Met,MOVIE,2018,2010,PG-13,97,0,,6.4,48885.0,6.6,15.879,1,fantasy,3,US,1
ts55962,Dear White People,SHOW,2017,2010,TV-MA,30,0,4.0,6.1,25232.0,6.4,16.376,1,comedy,2,US,1
tm300615,Mudbound,MOVIE,2017,2010,R,135,0,,7.4,47676.0,7.4,9.749,1,drama,2,US,1
ts56480,Troy: Fall of a City,SHOW,2018,2010,TV-MA,58,0,1.0,3.9,13815.0,6.5,12.655,1,action,4,GB,1
tm243326,Anon,MOVIE,2018,2010,R,100,0,,6.1,42608.0,5.919,21.915,1,scifi,6,US,2
ts57424,The Forest,SHOW,2017,2010,TV-MA,52,0,1.0,7.2,10234.0,7.1,18.051,1,drama,4,FR,1
ts56511,Cable Girls,SHOW,2017,2010,TV-MA,46,0,5.0,7.6,13855.0,7.9,44.083,1,drama,3,ES,1
tm349803,"Jim & Andy: The Great Beyond - Featuring a Very Special, Contractually Obligated Mention of Tony Clifton",MOVIE,2017,2010,Not Rated,94,0,,7.6,25948.0,7.6,10.704,1,documentation,2,CA,2
tm323634,A-X-L,MOVIE,2018,2010,PG-13,98,0,,5.3,11920.0,6.3,32.431,1,scifi,5,US,1
tm316414,Hell Fest,MOVIE,2018,2010,R,88,0,,5.5,16976.0,5.6,15.417,1,horror,2,US,1
ts80523,Aggretsuko,SHOW,2018,2010,TV-14,17,0,4.0,8.0,6195.0,7.2,13.244,1,animation,5,JP,1
tm434202,Malevolent,MOVIE,2018,2010,Not Rated,89,0,,4.8,13772.0,5.0,8.289,1,horror,2,GB,1
ts75772,Jack Whitehall: Travels with My Father,SHOW,2017,2010,TV-MA,48,0,5.0,7.6,5482.0,7.4,5.014,1,reality,4,GB,1
ts121489,Two Sentence Horror Stories,SHOW,2017,2010,TV-14,22,0,4.0,5.5,1900.0,5.6,8.441,1,drama,3,US,1
ts77957,Dirty Money,SHOW,2018,2010,TV-14,63,0,2.0,8.1,9159.0,7.3,11.301,1,documentation,2,US,1
ts78452,Requiem,SHOW,2018,2010,TV-MA,58,0,1.0,6.4,6553.0,6.6,11.958,1,drama,4,GB,1
ts78356,The Rain,SHOW,2018,2010,TV-MA,43,0,3.0,7.3,616.0,7.415,98.788,1,scifi,3,DK,1
ts86296,Sunderland 'Til I Die,SHOW,2018,2010,TV-MA,41,0,2.0,8.1,8113.0,8.0,5.099,1,documentation,2,GB,1
tm410742,Happy as Lazzaro,MOVIE,2018,2010,PG-13,125,0,,7.5,18006.0,7.4,8.295,1,fantasy,3,IT,3
ts79422,Nailed It!,SHOW,2018,2010,TV-PG,33,0,6.0,7.4,4742.0,7.6,8.521,1,reality,2,US,1
ts78298,My Mister,SHOW,2018,2010,TV-14,70,0,1.0,9.1,6043.0,8.9,13.025,1,drama,2,KR,1
ts88783,Bakugan: Battle Planet,SHOW,2018,2010,TV-Y7,20,0,4.0,4.9,225.0,6.8,14.694,1,animation,6,JP,1
tm244229,Everybody Knows,MOVIE,2018,2010,R,132,0,,6.9,34365.0,6.5,11.374,1,drama,4,IT,3
ts56038,Dave Chappelle,SHOW,2017,2010,Not Rated,66,0,1.0,8.7,2798.0,7.6,4.516,1,comedy,2,US,1
ts57439,Damnation,SHOW,2017,2010,TV-MA,43,0,1.0,7.6,8313.0,7.0,9.193,1,western,3,US,1
ts53936,Innocent,SHOW,2017,2010,TV-14,51,0,1.0,8.4,17727.0,8.1,7.297,1,drama,3,TR,1
ts56481,Great News,SHOW,2017,2010,TV-PG,21,0,2.0,7.0,6810.0,6.5,8.665,1,comedy,1,US,1
tm348993,22 July,MOVIE,2018,2010,R,143,0,,6.8,33609.0,7.2,33.575,1,thriller,5,US,3
tm427308,Falls Around Her,MOVIE,2018,2010,Not Rated,100,0,,6.3,127.0,7.0,1.339,1,drama,3,CA,1
ts85895,Better Than Us,SHOW,2018,2010,TV-MA,52,0,2.0,7.3,8792.0,7.4,14.306,1,scifi,2,RU,1
ts82302,Insatiable,SHOW,2018,2010,TV-MA,46,0,2.0,6.5,28006.0,7.9,81.348,1,drama,3,US,1
tm245176,Sand Castle,MOVIE,2017,2010,Not Rated,113,0,,6.3,23158.0,6.5,27.077,1,war,3,IQ,2
ts82281,Zoids Wild,SHOW,2018,2010,TV-Y7,21,0,1.0,6.2,27.0,,11.922,1,action,4,JP,1
ts81344,Explained,SHOW,2018,2010,TV-MA,21,0,3.0,8.0,9079.0,7.7,11.637,1,documentation,1,US,1
tm240076,Buster's Mal Heart,MOVIE,2017,2010,Not Rated,96,0,,6.2,10490.0,6.2,6.82,1,drama,3,US,1
ts77525,The Toys That Made Us,SHOW,2017,2010,TV-14,45,0,3.0,8.0,5651.0,7.7,5.924,1,documentation,3,US,1
tm298084,On Body and Soul,MOVIE,2017,2010,Not Rated,116,0,,7.5,27504.0,7.2,7.285,1,drama,3,HU,1
tm423436,Ben Is Back,MOVIE,2018,2010,R,103,0,,6.7,21735.0,6.6,12.478,1,drama,2,US,1
ts85568,Perfume,SHOW,2018,2010,TV-MA,58,0,1.0,7.1,8536.0,6.9,17.902,1,crime,3,DE,1
ts77474,Mr. Sunshine,SHOW,2018,2010,TV-MA,76,0,1.0,8.7,7054.0,8.516,16.097,1,drama,5,KR,1
tm368449,Private Life,MOVIE,2018,2010,R,123,0,,7.2,19023.0,7.0,7.974,1,comedy,2,US,1
tm433381,Mirage,MOVIE,2018,2010,R,129,0,,7.4,54188.0,7.5,19.839,1,fantasy,5,ES,1
tm349278,Ravenous,MOVIE,2017,2010,Not Rated,103,0,,5.8,9205.0,5.8,10.328,1,drama,5,CA,1
tm363488,RBG,MOVIE,2018,2010,PG,98,0,,7.6,14182.0,7.6,8.258,1,documentation,1,US,1
tm315424,An Evening with Beverly Luff Linn,MOVIE,2018,2010,R,108,0,,5.8,5457.0,5.8,5.109,1,crime,2,GB,2
ts57303,Friends from College,SHOW,2017,2010,TV-MA,30,0,2.0,6.9,20555.0,6.5,6.906,1,comedy,2,US,1
tm310899,Mary Magdalene,MOVIE,2018,2010,R,120,0,,5.9,10364.0,6.3,54.725,1,drama,2,US,3
ts56594,Disjointed,SHOW,2017,2010,TV-MA,28,0,2.0,6.7,10153.0,5.8,14.558,1,comedy,1,US,1
ts76313,Sisters,SHOW,2017,2010,TV-14,39,0,1.0,7.4,1756.0,8.6,3.589,1,drama,2,AU,1
tm417496,Dumplin',MOVIE,2018,2010,PG-13,110,0,,6.5,33689.0,6.8,11.4,1,comedy,2,US,1
tm352588,Tau,MOVIE,2018,2010,R,97,0,,5.8,31218.0,6.2,10.801,1,scifi,3,US,1
ts79660,Creeped Out,SHOW,2017,2010,TV-PG,26,0,2.0,6.6,1890.0,7.3,24.556,1,scifi,9,CA,2
tm314477,Skins,MOVIE,2017,2010,Not Rated,78,0,,6.1,5892.0,6.6,14.034,1,drama,4,ES,1
ts75263,Wormwood,SHOW,2017,2010,TV-14,43,0,1.0,7.0,4239.0,6.2,1.898,1,crime,4,US,1
tm368241,Duck Butter,MOVIE,2018,2010,Not Rated,94,0,,5.2,3978.0,5.5,10.766,1,comedy,3,US,1
tm503797,Never Stop Dreaming: The Life and Legacy of Shimon Peres,MOVIE,2018,2010,Not Rated,129,0,,,,5.5,3.532,1,documentation,1,US,1
tm244175,The Zookeeper's Wife,MOVIE,2017,2010,PG-13,126,0,,7.0,43091.0,7.4,23.231,1,war,3,CZ,3
tm321224,"Game Over, Man!",MOVIE,2018,2010,R,100,0,,5.4,30218.0,5.5,14.358,1,comedy,2,US,1
ts90596,Polly Pocket,SHOW,2018,2010,Not Rated,15,0,3.0,6.0,125.0,6.8,11.971,1,fantasy,4,US,3
tm416105,Steve Martin and Martin Short: An Evening You Will Forget for the Rest of Your Life,MOVIE,2018,2010,Not Rated,74,0,,7.1,2616.0,6.6,3.734,1,comedy,1,US,1
tm285107,Victoria & Abdul,MOVIE,2017,2010,PG-13,111,0,,6.8,35690.0,7.0,11.743,1,drama,2,GB,2
tm319882,Hampstead,MOVIE,2017,2010,PG-13,102,0,,6.0,6449.0,6.0,10.323,1,comedy,3,GB,1
tm420274,Hannah Gadsby: Nanette,MOVIE,2018,2010,Not Rated,69,0,,8.1,12375.0,8.1,7.538,1,comedy,2,AU,1
tm233294,War Machine,MOVIE,2017,2010,R,122,0,,6.0,46276.0,5.552,12.235,1,drama,3,US,1
tm320255,Bad Genius,MOVIE,2017,2010,PG-13,130,0,,7.6,20571.0,8.0,20.398,1,comedy,4,TH,1
ts83745,Norm Macdonald Has a Show,SHOW,2018,2010,Not Rated,30,0,1.0,8.5,3593.0,8.2,2.09,1,comedy,1,US,1
ts57814,Kakegurui,SHOW,2017,2010,TV-14,24,0,2.0,7.2,9035.0,8.3,54.832,1,drama,4,JP,1
ts85810,Al Hayba,SHOW,2017,2010,TV-PG,44,0,5.0,7.3,1288.0,6.3,70.264,1,drama,5,AE,1
tm412623,The Kissing Booth,MOVIE,2018,2010,Not Rated,105,0,,5.9,82858.0,7.3,77.096,1,comedy,2,GB,1
ts84904,Tidelands,SHOW,2018,2010,TV-MA,42,0,1.0,6.8,7876.0,6.8,16.069,1,scifi,4,AU,1
tm374313,The Forgiven,MOVIE,2018,2010,R,115,0,,5.9,2479.0,6.1,6.197,1,thriller,1,GB,2
ts41527,Gypsy,SHOW,2017,2010,TV-MA,59,0,1.0,6.8,16229.0,6.4,13.857,1,drama,2,US,1
tm411311,King of Thieves,MOVIE,2018,2010,R,108,0,,5.5,14418.0,5.4,9.215,1,drama,3,GB,1
ts215037,Minecraft: Story Mode,SHOW,2018,2010,TV-PG,52,0,1.0,5.6,347.0,,,1,,0,US,1
tm368040,The Titan,MOVIE,2018,2010,R,97,0,,4.8,30698.0,5.4,17.97,1,scifi,5,US,3
tm324155,Security,MOVIE,2017,2010,R,87,0,,5.7,18943.0,6.2,31.419,1,thriller,4,US,1
ts84533,Transformers: Cyberverse,SHOW,2018,2010,TV-Y7,11,0,3.0,6.6,359.0,6.6,7.273,1,action,3,US,1
tm244148,Mowgli: Legend of the Jungle,MOVIE,2018,2010,PG-13,105,0,,6.5,61622.0,6.5,24.646,1,action,3,GB,2
ts55231,Abstract: The Art of Design,SHOW,2017,2010,TV-14,45,0,2.0,8.4,5306.0,8.0,12.42,1,documentation,1,US,1
tm363248,A Futile and Stupid Gesture,MOVIE,2018,2010,Not Rated,101,0,,6.7,16158.0,6.5,10.633,1,comedy,1,US,1
ts57082,White Gold,SHOW,2017,2010,TV-MA,29,0,2.0,7.4,11233.0,6.9,5.878,1,comedy,2,GB,1
tm420745,How It Ends,MOVIE,2018,2010,Not Rated,113,0,,5.0,52709.0,5.3,18.214,1,scifi,4,US,2
tm217228,Death Note,MOVIE,2017,2010,NC-17,101,0,,4.5,84119.0,4.2,22.306,1,horror,6,US,1
ts83455,Wanderlust,SHOW,2018,2010,TV-MA,57,0,1.0,7.0,5312.0,6.5,5.968,1,drama,1,,0
ts79234,The Boss Baby: Back in Business,SHOW,2018,2010,TV-G,23,0,4.0,6.4,3736.0,7.0,82.194,1,action,5,US,1
tm426274,The After Party,MOVIE,2018,2010,Not Rated,89,0,,5.7,4405.0,6.2,10.276,1,comedy,3,US,1
tm363103,Perfect Bid: The Contestant Who Knew Too Much,MOVIE,2017,2010,Not Rated,72,0,,6.5,2665.0,6.5,4.334,1,documentation,2,CA,1
tm139885,The Other Side of the Wind,MOVIE,2018,2010,R,122,0,,6.7,7104.0,6.7,7.453,1,drama,2,IR,3
ts84056,Unauthorized Living,SHOW,2018,2010,TV-MA,75,0,2.0,7.4,4764.0,7.3,29.714,1,drama,1,ES,1
tm244317,To the Bone,MOVIE,2017,2010,Not Rated,107,0,,6.8,47025.0,7.2,22.167,1,drama,1,US,1
tm219259,Goon: Last of the Enforcers,MOVIE,2017,2010,R,101,0,,5.8,13717.0,5.7,13.329,1,comedy,2,CA,1
ts86169,The Innocent Man,SHOW,2018,2010,TV-MA,47,0,1.0,7.3,5950.0,7.0,6.592,1,documentation,2,US,1
ts57947,Unit 42,SHOW,2017,2010,Not Rated,48,0,2.0,6.9,2387.0,6.6,9.078,1,crime,4,BE,1
ts113109,Numberblocks,SHOW,2017,2010,TV-Y,5,0,5.0,8.6,212.0,9.5,10.667,1,animation,1,GB,1
ts56670,Hot Girls Wanted: Turned On,SHOW,2017,2010,TV-MA,47,0,1.0,6.6,2210.0,7.1,13.181,1,documentation,1,US,1
tm370232,We the Animals,MOVIE,2018,2010,R,94,0,,6.9,4303.0,6.5,6.702,1,drama,1,US,1
tm431347,Reversing Roe,MOVIE,2018,2010,Not Rated,99,0,,7.5,1400.0,7.5,4.004,1,documentation,1,US,1
tm211554,Beyond Skyline,MOVIE,2017,2010,R,105,0,,5.3,21834.0,5.2,10.535,1,scifi,4,GB,6
ts75164,VeggieTales in the City,SHOW,2017,2010,TV-Y,23,0,3.0,5.5,113.0,7.6,2.839,1,comedy,4,US,1
ts57210,Valor,SHOW,2017,2010,TV-14,42,0,1.0,5.8,3184.0,6.5,5.658,1,drama,1,US,1
tm292837,The Bar,MOVIE,2017,2010,Not Rated,102,0,,6.3,26370.0,6.3,11.671,1,horror,5,ES,1
ts81542,The Hollow,SHOW,2018,2010,TV-Y7,24,0,2.0,7.1,4266.0,7.1,10.299,1,comedy,5,CA,1
tm351101,Errementari: The Blacksmith and the Devil,MOVIE,2018,2010,Not Rated,98,0,,6.4,11653.0,6.377,15.977,1,drama,5,ES,2
tm328443,Illang: The Wolf Brigade,MOVIE,2018,2010,R,139,0,,5.9,5138.0,6.4,17.354,1,action,4,KR,1
tm367065,Shirkers,MOVIE,2018,2010,Not Rated,96,0,,7.4,5145.0,7.5,6.081,1,documentation,1,SG,3
tm281935,A Bad Moms Christmas,MOVIE,2017,2010,R,104,0,,5.6,49478.0,6.3,20.005,1,comedy,1,US,1
ts79157,B: The Beginning,SHOW,2018,2010,TV-MA,25,0,2.0,7.1,4844.0,7.8,18.671,1,scifi,8,JP,1
ts57964,Hotel Transylvania: The Series,SHOW,2017,2010,TV-Y7,15,0,2.0,5.3,717.0,7.2,17.661,1,family,5,US,1
tm439484,Welcome Home,MOVIE,2018,2010,R,97,0,,5.2,7597.0,5.2,24.328,1,thriller,4,US,1
ts84930,The Hook Up Plan,SHOW,2018,2010,TV-14,27,0,3.0,7.1,5386.0,7.7,11.69,1,comedy,2,FR,1
tm306301,Piercing,MOVIE,2018,2010,R,82,0,,5.5,7598.0,5.8,8.611,1,thriller,2,US,2
tm139545,The Outsider,MOVIE,2018,2010,R,120,0,,6.2,25608.0,6.2,11.155,1,drama,4,US,1
ts83906,Car Masters: Rust to Riches,SHOW,2018,2010,TV-PG,37,0,4.0,8.4,10058.0,7.7,18.216,1,reality,1,US,1
tm374454,Indian Horse,MOVIE,2018,2010,PG-13,96,0,,7.2,2171.0,7.3,6.194,1,drama,2,CA,1
ts78382,On My Block,SHOW,2018,2010,TV-14,29,0,4.0,7.9,16106.0,8.5,31.784,1,comedy,2,US,1
ts80519,Spy Kids: Mission Critical,SHOW,2018,2010,TV-Y7,25,0,3.0,4.7,382.0,8.4,7.221,1,animation,9,US,1
tm423373,Andhadhun,MOVIE,2018,2010,R,139,0,,8.2,90237.0,7.7,13.893,1,thriller,5,IN,1
tm349800,Unicorn Store,MOVIE,2017,2010,Not Rated,92,0,,5.5,19444.0,6.0,8.72,1,drama,3,US,1
ts77600,Hot Date,SHOW,2017,2010,TV-MA,19,0,2.0,7.1,633.0,6.6,1.692,1,comedy,1,US,1
tm284015,My Happy Family,MOVIE,2017,2010,Not Rated,119,0,,7.4,3865.0,6.9,3.593,1,drama,1,GE,3
ts83540,Paradise PD,SHOW,2018,2010,TV-MA,27,0,4.0,6.8,17779.0,7.6,29.709,1,comedy,4,US,1
ts56201,Cloudy with a Chance of Meatballs,SHOW,2017,2010,TV-Y7,11,0,2.0,3.4,750.0,5.6,8.75,1,action,6,CA,1
tm289181,Newness,MOVIE,2017,2010,Not Rated,112,0,,6.3,16654.0,6.1,34.214,1,romance,2,US,1
tm312767,Monster High: Electrified,MOVIE,2017,2010,PG,72,0,,5.3,320.0,7.2,20.596,1,family,3,US,1
tm436470,No Escape Room,MOVIE,2018,2010,Not Rated,85,0,,5.0,4403.0,6.342,16.09,1,thriller,2,US,1
ts55491,Somewhere Between,SHOW,2017,2010,TV-14,42,0,1.0,6.2,5957.0,6.5,14.04,1,drama,3,US,1
ts84243,Baby,SHOW,2018,2010,TV-MA,45,0,3.0,6.8,11202.0,8.0,38.201,1,drama,1,IT,1
ts57822,Sick Note,SHOW,2017,2010,TV-MA,24,0,2.0,6.7,7550.0,7.1,8.196,1,comedy,2,GB,1
ts79020,Hitler's Circle of Evil,SHOW,2018,2010,TV-14,52,0,1.0,8.0,4322.0,7.5,5.542,1,documentation,3,GB,1
ts84779,Haunted,SHOW,2018,2010,TV-MA,25,0,3.0,4.6,3193.0,7.0,19.435,1,documentation,3,US,1
tm411415,If I Leave Here Tomorrow: A Film About Lynyrd Skynyrd,MOVIE,2018,2010,Not Rated,94,0,,7.9,1285.0,7.7,3.925,1,documentation,2,US,1
ts83561,Immortals,SHOW,2018,2010,TV-MA,47,0,1.0,5.4,3087.0,6.5,13.712,1,scifi,6,TR,1
tm370392,The Week Of,MOVIE,2018,2010,PG-13,116,0,,5.2,21855.0,5.4,10.24,1,comedy,1,US,1
tm300184,iBoy,MOVIE,2017,2010,Not Rated,90,0,,6.0,22594.0,6.0,14.284,1,scifi,4,GB,1
ts58225,The Standups,SHOW,2017,2010,TV-MA,30,0,3.0,6.6,1259.0,5.8,2.314,1,comedy,1,US,1
tm414962,May the Devil Take You,MOVIE,2018,2010,R,110,0,,5.9,4249.0,6.2,13.478,1,thriller,2,ID,1
ts55581,The Bride of Habaek,SHOW,2017,2010,TV-14,67,0,1.0,6.9,2819.0,7.3,60.517,1,drama,4,KR,1
tm370436,The Breaker Upperers,MOVIE,2018,2010,Not Rated,82,0,,5.9,6123.0,5.2,7.605,1,comedy,1,NZ,1
ts81318,When Heroes Fly,SHOW,2018,2010,Not Rated,48,0,1.0,7.2,3184.0,7.2,12.196,1,war,3,IL,1
ts56718,El Chapo,SHOW,2017,2010,TV-MA,44,0,3.0,7.8,18229.0,7.5,114.888,1,drama,4,US,1
ts89130,If I Hadn't Met You,SHOW,2018,2010,TV-MA,52,0,1.0,7.7,2283.0,6.9,4.495,1,thriller,5,ES,1
tm307910,What the Health,MOVIE,2017,2010,Not Rated,97,0,,7.4,28911.0,7.0,8.27,1,documentation,1,US,1
ts82218,Hi Score Girl,SHOW,2018,2010,TV-PG,27,0,2.0,8.0,2002.0,8.2,13.722,1,comedy,4,JP,1
tm321596,The Long Dumb Road,MOVIE,2018,2010,R,90,0,,6.1,3220.0,5.6,3.823,1,comedy,1,US,1
tm351214,Long Shot,MOVIE,2017,2010,Not Rated,40,0,,7.4,7857.0,7.3,4.708,1,documentation,3,US,1
tm324870,Dude,MOVIE,2018,2010,Not Rated,90,0,,5.2,6873.0,5.5,10.798,1,comedy,2,US,1
tm406111,The Debt Collector,MOVIE,2018,2010,Not Rated,95,0,,5.8,7541.0,5.9,29.382,1,action,2,US,2
ts81918,Sugar Rush,SHOW,2018,2010,TV-PG,51,0,3.0,7.0,1516.0,7.0,8.74,1,reality,1,US,1
ts85686,The Casketeers,SHOW,2018,2010,TV-14,22,0,5.0,7.4,459.0,6.3,3.095,1,reality,2,NZ,1
tm298339,Handsome Devil,MOVIE,2017,2010,Not Rated,95,0,,7.0,14290.0,7.1,12.021,1,drama,4,IE,1
tm245937,Win It All,MOVIE,2017,2010,Not Rated,88,0,,6.2,9309.0,5.7,5.181,1,comedy,1,US,1
tm464542,Tottaa Pataaka Item Maal,MOVIE,2018,2010,Not Rated,107,0,,7.6,7911.0,5.0,3.231,1,drama,1,IN,1
tm356742,Trolls Holiday,MOVIE,2017,2010,PG,26,0,,6.1,2764.0,6.7,21.838,1,fantasy,5,,0
tm351216,Joan Didion: The Center Will Not Hold,MOVIE,2017,2010,Not Rated,92,0,,7.4,2622.0,7.1,5.069,1,documentation,1,US,1
ts83360,The Guest,SHOW,2018,2010,TV-MA,66,0,1.0,8.1,1578.0,8.2,7.293,1,drama,5,KR,1
tm298846,The Incredible Jessica James,MOVIE,2017,2010,Not Rated,83,0,,6.5,7667.0,6.2,9.638,1,romance,2,US,1
tm414709,Siberia,MOVIE,2018,2010,R,104,0,,4.3,15369.0,4.8,22.0,1,romance,4,CA,3
ts79045,Ugly Delicious,SHOW,2018,2010,TV-MA,51,0,2.0,7.8,3539.0,7.4,4.452,1,documentation,1,US,1
tm367250,The Resistance Banker,MOVIE,2018,2010,R,124,0,,6.9,9470.0,6.7,12.425,1,drama,3,NL,1
tm411507,John Mulaney: Kid Gorgeous at Radio City,MOVIE,2018,2010,R,64,0,,7.9,7933.0,8.0,5.009,1,comedy,1,US,1
ts39016,Girlboss,SHOW,2017,2010,TV-MA,27,0,1.0,6.9,17848.0,6.7,10.009,1,comedy,1,US,1
ts75749,Because This Is My First Life,SHOW,2017,2010,TV-14,69,0,1.0,8.1,4656.0,8.6,17.121,1,drama,3,KR,1
ts76486,Just Between Lovers,SHOW,2017,2010,TV-14,73,0,1.0,8.2,1979.0,8.2,20.502,1,drama,2,KR,1
tm327199,The Saint,MOVIE,2017,2010,PG-13,92,0,,4.9,6669.0,5.3,19.06,1,crime,2,US,1
tm409766,In Darkness,MOVIE,2018,2010,Not Rated,100,0,,5.7,13248.0,6.0,14.317,1,thriller,1,GB,2
ts79026,The Innocents,SHOW,2018,2010,TV-MA,46,0,2.0,6.2,5804.0,6.1,20.691,1,scifi,5,GB,1
ts87043,Transformers: Rescue Bots Academy,SHOW,2018,2010,TV-Y,12,0,2.0,6.2,108.0,10.0,2.572,1,animation,5,,0
ts55194,Bill Nye Saves the World,SHOW,2017,2010,TV-14,32,0,3.0,3.5,7233.0,3.7,8.356,1,comedy,1,US,1
ts82892,I Am a Killer,SHOW,2018,2010,TV-MA,50,0,3.0,7.4,3977.0,7.2,5.641,1,documentation,2,GB,1
tm420797,Sierra Burgess Is a Loser,MOVIE,2018,2010,PG-13,105,0,,5.8,38841.0,6.3,14.072,1,romance,3,US,1
tm438502,Sad Hill Unearthed,MOVIE,2017,2010,Not Rated,86,0,,7.4,1613.0,7.0,6.121,1,documentation,2,ES,1
tm411958,Ibiza,MOVIE,2018,2010,Not Rated,94,0,,5.2,17517.0,5.7,9.813,1,comedy,2,US,1
tm322243,Shimmer Lake,MOVIE,2017,2010,Not Rated,83,0,,6.3,14098.0,5.9,20.508,1,thriller,7,CA,2
ts75355,Suburra: Blood on Rome,SHOW,2017,2010,TV-MA,48,0,3.0,7.9,14528.0,7.463,23.46,1,drama,4,IT,1
tm305437,Hey Arnold! The Jungle Movie,MOVIE,2017,2010,Not Rated,81,0,,7.5,3183.0,7.7,16.413,1,animation,5,US,1
ts76417,Tabula Rasa,SHOW,2017,2010,TV-MA,52,0,1.0,8.0,10233.0,7.8,7.903,1,drama,4,BE,1
ts57080,Spirit: Riding Free,SHOW,2017,2010,TV-Y7,23,0,11.0,6.4,1012.0,8.3,15.689,1,action,7,US,1
ts53367,Little Witch Academia,SHOW,2017,2010,TV-PG,25,0,1.0,7.9,3147.0,8.3,13.06,1,scifi,7,JP,1
tm312577,Fullmetal Alchemist,MOVIE,2017,2010,PG-13,135,0,,5.2,19493.0,5.3,15.705,1,fantasy,3,JP,1
tm413049,Animal World,MOVIE,2018,2010,R,125,0,,6.4,4447.0,7.2,24.922,1,thriller,6,CN,1
ts81885,The Good Cop,SHOW,2018,2010,TV-PG,46,0,1.0,6.9,5732.0,6.4,8.714,1,drama,4,US,1
ts80617,The Protector,SHOW,2018,2010,TV-MA,44,0,4.0,6.5,34629.0,7.3,24.058,1,action,4,TR,1
tm346467,Wheelman,MOVIE,2017,2010,R,82,0,,6.4,20351.0,6.1,15.282,1,action,3,US,1
ts77787,Pop Team Epic,SHOW,2018,2010,TV-MA,23,0,2.0,6.9,844.0,7.3,7.074,1,comedy,2,JP,1
ts53101,Voice,SHOW,2017,2010,TV-14,63,0,4.0,7.6,1994.0,6.9,17.025,1,crime,3,KR,1
tm299790,Cristela Alonzo: Lower Classy,MOVIE,2017,2010,Not Rated,66,0,,6.4,845.0,6.2,3.336,1,comedy,1,US,1
tm219258,Brain on Fire,MOVIE,2017,2010,PG-13,88,0,,6.6,21444.0,7.1,12.009,1,drama,2,CA,2
ts85034,Patriot Act with Hasan Minhaj,SHOW,2018,2010,TV-MA,25,0,6.0,8.2,7327.0,7.3,9.203,1,comedy,1,US,1
tm266652,Bleach,MOVIE,2018,2010,PG-13,108,0,,6.4,11406.0,6.6,25.802,1,fantasy,2,JP,1
ts82372,The Epic Tales of Captain Underpants,SHOW,2018,2010,TV-Y7,24,0,4.0,6.6,931.0,8.5,11.851,1,animation,4,US,1
ts83232,The Mire,SHOW,2018,2010,TV-MA,54,0,2.0,7.0,4355.0,6.8,13.039,1,drama,3,PL,1
tm244368,You Get Me,MOVIE,2017,2010,Not Rated,89,0,,4.7,12740.0,5.6,20.089,1,thriller,4,US,1
ts77799,Rotten,SHOW,2018,2010,TV-MA,56,0,2.0,7.2,3716.0,7.4,6.812,1,documentation,1,US,1
ts86814,Murder Mountain,SHOW,2018,2010,TV-MA,43,0,1.0,6.8,3134.0,6.9,2.589,1,crime,2,US,1
tm419733,"My Teacher, My Obsession",MOVIE,2018,2010,Not Rated,105,0,,4.4,2354.0,5.0,25.407,1,thriller,2,US,1
tm352774,Voyeur,MOVIE,2017,2010,R,95,0,,6.1,6097.0,6.0,9.593,1,documentation,3,US,1
tm406881,Bathtubs Over Broadway,MOVIE,2018,2010,PG-13,87,0,,7.6,1089.0,8.0,2.742,1,comedy,3,US,1
ts80720,Scissor Seven,SHOW,2018,2010,TV-PG,16,0,3.0,8.6,311.0,8.9,82.499,1,comedy,6,CN,1
tm317110,Psychokinesis,MOVIE,2018,2010,Not Rated,101,0,,5.9,5643.0,6.157,23.968,1,fantasy,3,KR,1
ts78507,Alexa & Katie,SHOW,2018,2010,TV-Y7,25,0,4.0,7.4,4885.0,8.3,32.166,1,comedy,2,US,1
ts90994,Chip and Potato,SHOW,2018,2010,TV-Y,17,0,3.0,6.3,158.0,9.8,8.971,1,animation,1,US,1
tm437608,Adam Sandler: 100% Fresh,MOVIE,2018,2010,R,73,0,,7.5,5178.0,7.3,12.969,1,comedy,2,US,1
ts85175,Girl from Nowhere,SHOW,2018,2010,TV-MA,44,0,2.0,7.6,4201.0,8.5,45.88,1,drama,5,TH,1
tm407827,Girl,MOVIE,2018,2010,R,105,0,,7.1,14356.0,7.2,15.457,1,drama,2,NL,2
tm326723,The Polka King,MOVIE,2017,2010,Not Rated,95,0,,5.9,10568.0,5.515,8.066,1,comedy,3,US,1
ts81757,The House of Flowers,SHOW,2018,2010,TV-MA,31,0,3.0,7.6,7813.0,7.8,31.664,1,comedy,2,MX,1
tm241990,Blame!,MOVIE,2017,2010,PG-13,106,0,,6.6,8044.0,6.4,31.452,1,scifi,5,JP,1
tm285356,First They Killed My Father,MOVIE,2017,2010,R,136,0,,7.2,17871.0,7.4,11.844,1,war,3,US,2
ts75157,The Magic School Bus Rides Again,SHOW,2017,2010,TV-Y,25,0,3.0,6.2,825.0,6.3,10.885,1,animation,3,US,1
tm324820,MFKZ,MOVIE,2018,2010,R,95,0,,6.7,4412.0,7.1,7.664,1,scifi,6,FR,2
ts53693,The Worst Witch,SHOW,2017,2010,TV-Y7,28,0,4.0,7.2,2437.0,7.7,49.402,1,scifi,4,GB,1
ts85138,Dogs,SHOW,2018,2010,TV-PG,50,0,2.0,8.0,1282.0,8.3,3.54,1,documentation,3,US,1
ts83251,Magic for Humans,SHOW,2018,2010,TV-14,23,0,3.0,7.1,3346.0,6.7,6.964,1,reality,2,US,1
ts55348,QB1: Beyond the Lights,SHOW,2017,2010,TV-14,32,0,3.0,7.7,905.0,7.0,2.01,1,drama,4,US,1
tm330869,Show Dogs,MOVIE,2018,2010,PG,92,0,,3.8,4704.0,6.1,11.664,1,comedy,3,US,2
ts83763,Black Earth Rising,SHOW,2018,2010,TV-MA,59,0,1.0,7.4,4917.0,7.1,5.831,1,drama,3,GB,1
ts86682,7 Days Out,SHOW,2018,2010,TV-PG,47,0,1.0,6.7,544.0,9.0,0.663,1,documentation,1,US,1
tm285340,Girlfriend's Day,MOVIE,2017,2010,Not Rated,70,0,,5.2,4381.0,4.8,8.861,1,comedy,2,US,1
ts78217,Welcome to the Family,SHOW,2018,2010,TV-MA,48,0,2.0,6.6,455.0,7.4,5.935,1,comedy,1,ES,1
tm270999,The Resurrection of Gavin Stone,MOVIE,2017,2010,PG,91,0,,6.2,2269.0,6.3,3.2,1,drama,4,US,1
ts85659,3Below: Tales of Arcadia,SHOW,2018,2010,TV-Y7,22,0,2.0,7.7,6158.0,7.7,27.194,1,scifi,6,US,1
ts77034,A Love So Beautiful,SHOW,2017,2010,TV-14,41,0,1.0,8.0,1420.0,8.4,42.708,1,comedy,2,CN,1
ts224746,Millennials,SHOW,2018,2010,TV-MA,35,0,3.0,,,8.5,2.503,1,drama,1,AR,1
tm349138,One of Us,MOVIE,2017,2010,Not Rated,95,0,,7.0,6574.0,6.9,7.349,1,documentation,1,US,1
tm448122,Taylor Swift: Reputation Stadium Tour,MOVIE,2018,2010,PG-13,125,0,,8.3,5435.0,8.2,14.519,1,music,2,US,1
ts58152,Cathedral of the Sea,SHOW,2018,2010,TV-MA,57,0,1.0,7.4,4450.0,7.1,13.03,1,drama,2,ES,1
ts83537,Signs,SHOW,2018,2010,TV-MA,46,0,2.0,6.3,1676.0,7.0,8.337,1,crime,3,PL,1
ts55939,Bonus Family,SHOW,2017,2010,Not Rated,44,0,4.0,2.9,16.0,7.3,11.3,1,drama,7,SE,1
ts85968,Nicky Jam: El Ganador,SHOW,2018,2010,Not Rated,44,0,1.0,7.7,1151.0,7.3,27.568,1,drama,2,PR,1
tm315584,Godzilla: Planet of the Monsters,MOVIE,2017,2010,PG-13,89,0,,6.0,8548.0,6.3,15.942,1,scifi,3,JP,1
tm420334,Like Father,MOVIE,2018,2010,R,103,0,,6.1,21378.0,6.3,8.815,1,drama,2,US,1
ts75620,Black,SHOW,2017,2010,TV-MA,78,0,2.0,7.9,3891.0,8.0,39.083,1,scifi,8,KR,1
tm282910,Fireworks,MOVIE,2017,2010,PG-13,90,0,,5.6,3147.0,6.5,56.866,1,drama,7,JP,1
ts58175,She's Gotta Have It,SHOW,2017,2010,TV-MA,35,0,2.0,6.7,4695.0,6.6,6.031,1,comedy,1,US,1
tm425138,Godzilla: The Planet Eater,MOVIE,2018,2010,PG,91,0,,5.0,4196.0,6.5,34.899,1,scifi,5,JP,1
tm307515,Amar,MOVIE,2017,2010,Not Rated,105,0,,5.1,4459.0,5.0,5.105,1,romance,3,US,2
tm244519,Birth of the Dragon,MOVIE,2017,2010,PG-13,103,0,,5.6,8220.0,5.8,23.051,1,drama,2,US,3
tm347821,Outside In,MOVIE,2018,2010,Not Rated,109,0,,6.7,4768.0,6.232,6.488,1,drama,1,US,1
ts75002,Borderliner,SHOW,2017,2010,TV-MA,49,0,1.0,6.7,4096.0,6.4,7.204,1,drama,6,NO,1
ts82770,Camarón Revolution,SHOW,2018,2010,TV-14,52,0,1.0,,,7.0,1.29,1,documentation,2,ES,1
tm298779,Lu Over the Wall,MOVIE,2017,2010,PG,117,0,,6.8,2269.0,7.0,8.944,1,animation,6,JP,1
ts85170,Memories of the Alhambra,SHOW,2018,2010,TV-MA,65,0,1.0,7.8,5537.0,7.9,12.047,1,scifi,5,KR,1
tm369179,Irreplaceable You,MOVIE,2018,2010,Not Rated,96,0,,6.4,9583.0,7.0,11.732,1,drama,3,US,1
ts81734,Chosen,SHOW,2018,2010,TV-14,71,0,2.0,5.2,127.0,6.5,1.566,1,action,1,CN,1
ts75981,The Royal House of Windsor,SHOW,2017,2010,TV-14,49,0,1.0,7.3,1574.0,7.4,4.357,1,documentation,3,GB,1
ts75477,The Confession Tapes,SHOW,2017,2010,TV-MA,45,0,2.0,7.5,5358.0,7.4,3.917,1,documentation,2,US,1
ts83502,Ad Vitam,SHOW,2018,2010,TV-MA,52,0,1.0,6.4,1671.0,5.8,5.334,1,scifi,3,FR,1
tm266685,Sandy Wexler,MOVIE,2017,2010,Not Rated,130,0,,5.2,17039.0,5.5,15.142,1,comedy,1,US,1
tm409618,Alex Strangelove,MOVIE,2018,2010,R,99,0,,6.3,17746.0,6.6,16.093,1,comedy,3,US,1
tm347530,Gaga: Five Foot Two,MOVIE,2017,2010,Not Rated,100,0,,7.0,12937.0,7.5,8.707,1,music,2,US,1
ts57985,Free Rein,SHOW,2017,2010,TV-G,28,0,3.0,7.0,2110.0,7.8,31.038,1,action,5,US,1
ts58297,The Indian Detective,SHOW,2017,2010,Not Rated,43,0,1.0,6.5,3123.0,6.5,4.954,1,crime,3,CA,1
ts80959,Sacred Games,SHOW,2018,2010,TV-MA,50,0,2.0,8.5,86279.0,8.1,14.613,1,action,4,IN,1
tm313974,Get Me Roger Stone,MOVIE,2017,2010,Not Rated,100,0,,7.3,7408.0,7.0,6.022,1,documentation,2,US,1
ts81821,The Queen of Flow,SHOW,2018,2010,TV-MA,45,0,2.0,7.7,1247.0,8.0,257.952,1,drama,3,CO,1
tm359103,River's Edge,MOVIE,2018,2010,Not Rated,118,0,,6.2,952.0,5.8,4.043,1,drama,2,JP,1
ts78291,Dogs of Berlin,SHOW,2018,2010,TV-MA,60,0,1.0,7.5,12617.0,7.4,10.83,1,crime,4,DE,1
tm1883,Animal Crackers,MOVIE,2017,2010,PG,105,0,,5.8,3422.0,6.3,32.235,1,animation,5,CN,3
ts81414,Meteor Garden,SHOW,2018,2010,TV-14,45,0,1.0,7.9,4033.0,8.5,52.891,1,drama,2,CN,1
ts76793,Shot in the Dark,SHOW,2017,2010,TV-MA,37,0,1.0,8.0,1795.0,7.9,1.638,1,reality,3,US,1
ts95569,Rainbow Rangers,SHOW,2018,2010,TV-Y,22,0,2.0,4.4,195.0,10.0,1.499,1,animation,3,US,1
ts78231,Unsolved: The Murders of Tupac and The Notorious B.I.G.,SHOW,2018,2010,TV-MA,45,0,1.0,7.8,7872.0,7.0,13.329,1,crime,1,US,1
ts321277,Daniel Sloss: Live Shows,SHOW,2018,2010,TV-MA,60,0,1.0,8.5,3443.0,8.2,1.694,1,comedy,1,US,1
ts83790,The Beauty Inside,SHOW,2018,2010,TV-14,59,0,1.0,7.6,2019.0,8.2,26.875,1,comedy,4,KR,1
ts228255,Cry Babies Magic Tears,SHOW,2018,2010,TV-Y,4,0,2.0,5.2,43.0,7.2,3.304,1,family,2,FR,1
ts90869,Love Daily,SHOW,2018,2010,Not Rated,18,0,1.0,6.1,157.0,7.9,4.281,1,drama,2,US,1
tm271959,Mr. Roosevelt,MOVIE,2017,2010,Not Rated,90,0,,6.2,3391.0,6.1,4.342,1,comedy,1,US,1
tm318200,Clive Davis: The Soundtrack of Our Lives,MOVIE,2017,2010,PG-13,123,0,,7.4,991.0,6.3,4.315,1,documentation,2,US,1
ts78590,The Mechanism,SHOW,2018,2010,TV-MA,46,0,2.0,8.0,36136.0,7.4,8.383,1,drama,3,BR,1
tm375912,Ricky Gervais: Humanity,MOVIE,2018,2010,R,79,0,,8.0,19752.0,7.7,8.01,1,comedy,1,GB,1
tm407775,Lady J,MOVIE,2018,2010,Not Rated,109,0,,6.8,3306.0,6.3,7.858,1,drama,3,FR,1
ts236347,Thus Spoke Kishibe Rohan,SHOW,2017,2010,TV-MA,24,0,1.0,7.5,1222.0,9.0,2.695,1,action,6,JP,1
tm436844,The Christmas Chronicles,MOVIE,2018,2010,PG,104,0,,7.0,71740.0,7.1,16.532,1,comedy,3,US,1
tm429163,The Photographer of Mauthausen,MOVIE,2018,2010,R,110,0,,6.7,10687.0,7.0,9.958,1,thriller,5,ES,1
tm308090,Bill Nye: Science Guy,MOVIE,2017,2010,Not Rated,95,0,,6.5,1222.0,6.2,2.776,1,documentation,1,US,1
ts78206,Welcome to Waikiki,SHOW,2018,2010,TV-MA,64,0,3.0,8.3,2195.0,8.6,26.059,1,drama,3,KR,1
tm427465,Quincy,MOVIE,2018,2010,Not Rated,124,0,,7.6,4551.0,7.5,7.019,1,music,2,US,1
ts131579,Thieves of the Wood,SHOW,2018,2010,TV-MA,48,0,1.0,6.8,2629.0,6.4,12.035,1,history,6,BE,1
ts83489,Blood Pact,SHOW,2018,2010,Not Rated,60,0,1.0,6.7,143.0,7.0,0.907,1,drama,2,BR,1
tm349529,Cuba and the Cameraman,MOVIE,2017,2010,Not Rated,113,0,,8.2,4859.0,7.7,7.012,1,documentation,1,CU,2
tm372318,The World Is Yours,MOVIE,2018,2010,R,94,0,,6.3,4342.0,6.8,8.637,1,comedy,3,FR,1
ts75341,Final Fantasy XIV: Dad of Light,SHOW,2017,2010,TV-PG,30,0,1.0,7.2,604.0,7.4,2.953,1,drama,1,JP,1
tm299761,Toc Toc,MOVIE,2017,2010,PG,90,0,,6.8,18865.0,7.092,16.865,1,comedy,4,ES,1
ts57811,Fate/Apocrypha,SHOW,2017,2010,TV-14,24,0,1.0,6.6,2299.0,7.7,17.023,1,scifi,5,JP,1
ts75286,Greenhouse Academy,SHOW,2017,2010,TV-PG,23,0,4.0,6.6,6133.0,8.1,16.244,1,drama,1,US,1
ts57148,Champions,SHOW,2018,2010,TV-PG,21,0,1.0,6.0,3890.0,5.5,4.61,1,comedy,1,US,1
ts83457,Cleo & Cuquin,SHOW,2018,2010,TV-Y,7,0,2.0,8.1,98.0,8.3,2.076,1,animation,2,ES,1
tm348003,Acts of Vengeance,MOVIE,2017,2010,R,87,0,,5.7,12160.0,5.899,23.289,1,drama,5,BG,2
tm219252,Carrie Pilby,MOVIE,2017,2010,Not Rated,98,0,,6.6,11694.0,6.9,8.99,1,drama,2,US,1
tm294581,The Clapper,MOVIE,2018,2010,R,89,0,,5.1,7688.0,4.8,7.843,1,comedy,2,US,1
tm290831,Fun Mom Dinner,MOVIE,2017,2010,R,81,0,,5.3,5509.0,5.8,9.742,1,comedy,1,US,1
tm425732,The Land of Steady Habits,MOVIE,2018,2010,Not Rated,98,0,,6.2,7717.0,5.4,8.104,1,drama,2,US,1
ts81526,November 13: Attack on Paris,SHOW,2018,2010,TV-MA,54,0,1.0,8.3,3137.0,8.2,4.169,1,documentation,1,FR,1
tm413557,Okko's Inn,MOVIE,2018,2010,PG,94,0,,7.0,1856.0,7.1,7.213,1,fantasy,4,JP,1
ts85837,SKY Castle,SHOW,2018,2010,TV-MA,68,0,1.0,8.6,2925.0,8.3,11.683,1,drama,1,KR,1
tm285295,Our Souls at Night,MOVIE,2017,2010,Not Rated,101,0,,6.9,13519.0,6.7,10.009,1,drama,2,US,1
ts88234,Man Like Mobeen,SHOW,2017,2010,TV-MA,22,0,3.0,8.0,2737.0,6.7,1.977,1,comedy,1,GB,1
tm366019,BuyBust,MOVIE,2018,2010,Not Rated,127,0,,5.7,1902.0,6.0,4.931,1,thriller,4,PH,1
tm350607,Escape from Mr. Lemoncello's Library,MOVIE,2017,2010,G,69,0,,5.3,465.0,5.8,6.236,1,fantasy,2,CA,2
tm434917,I Am Jonas,MOVIE,2018,2010,Not Rated,82,0,,7.0,5896.0,6.8,8.67,1,drama,3,FR,1
ts57464,Life Sentence,SHOW,2018,2010,TV-14,42,0,1.0,6.4,3899.0,6.5,7.925,1,comedy,2,US,1
tm368538,MILF,MOVIE,2018,2010,Not Rated,101,0,,4.8,6223.0,5.9,15.44,1,comedy,2,FR,1
tm445735,Springsteen On Broadway,MOVIE,2018,2010,Not Rated,153,0,,8.5,2199.0,8.0,4.117,1,music,2,US,1
tm427293,Solo,MOVIE,2018,2010,Not Rated,100,0,,5.0,2779.0,5.5,6.956,1,thriller,5,ES,1
tm353742,Bullet Head,MOVIE,2017,2010,R,94,0,,5.4,10149.0,4.9,10.812,1,thriller,4,US,2
tm311898,Small Crimes,MOVIE,2017,2010,Not Rated,95,0,,5.8,8109.0,5.4,9.738,1,drama,4,CA,2
tm326624,Unrest,MOVIE,2017,2010,Not Rated,97,0,,7.6,2904.0,7.2,3.955,1,documentation,5,US,3
ts56125,Ingobernable,SHOW,2017,2010,TV-MA,39,0,3.0,7.0,3116.0,6.5,13.874,1,war,4,MX,1
ts53399,Eternal Love,SHOW,2017,2010,TV-14,45,0,1.0,8.3,2339.0,7.8,20.099,1,scifi,5,CN,1
tm443993,"Take the Ball, Pass the Ball",MOVIE,2018,2010,Not Rated,107,0,,7.9,3089.0,7.8,5.023,1,documentation,3,ES,1
ts82445,Ashes of Love,SHOW,2018,2010,TV-14,43,0,1.0,8.3,1963.0,8.6,17.576,1,comedy,5,CN,1
ts80411,Lawless Lawyer,SHOW,2018,2010,TV-14,64,0,1.0,7.6,1785.0,7.6,18.479,1,crime,4,KR,1
ts55232,Cyborg 009: Call of Justice,SHOW,2017,2010,Not Rated,24,0,1.0,5.7,222.0,7.2,4.999,1,scifi,3,JP,1
tm420656,Reprisal,MOVIE,2018,2010,R,89,0,,4.2,7504.0,5.3,13.316,1,action,4,GB,2
tm441198,The Princess Switch,MOVIE,2018,2010,PG,101,0,,6.0,27852.0,7.037,24.268,1,romance,4,US,1
tm430104,High Society,MOVIE,2018,2010,Not Rated,119,0,,5.5,1018.0,5.8,8.963,1,drama,2,KR,1
ts309731,Gormiti,SHOW,2018,2010,TV-Y,11,0,4.0,5.2,113.0,9.2,4.851,1,comedy,5,ES,2
tm285649,The Ottoman Lieutenant,MOVIE,2017,2010,R,111,0,,6.4,25674.0,6.2,14.87,1,war,3,TR,2
tm313293,Whose Streets?,MOVIE,2017,2010,R,90,0,,5.5,1337.0,5.8,2.526,1,documentation,1,US,1
tm357820,The Open House,MOVIE,2018,2010,Not Rated,94,0,,3.3,34156.0,3.7,13.15,1,thriller,2,US,1
ts86949,The A List,SHOW,2018,2010,TV-PG,27,0,2.0,5.3,2904.0,6.804,11.645,1,drama,4,GB,1
tm440996,Trevor Noah: Son of Patricia,MOVIE,2018,2010,R,63,0,,7.3,4101.0,7.0,6.861,1,comedy,1,US,1
tm260272,Little Evil,MOVIE,2017,2010,Not Rated,94,0,,5.6,21421.0,5.6,8.528,1,horror,3,US,1
ts82375,Beyblade Burst Turbo,SHOW,2018,2010,TV-Y7,22,0,1.0,,,0.5,0.6,1,scifi,2,JP,1
ts82843,The Curious Creations of Christine McConnell,SHOW,2018,2010,TV-PG,27,0,1.0,7.7,2397.0,7.3,3.175,1,comedy,3,US,1
ts80479,Clean with Passion for Now,SHOW,2018,2010,TV-MA,60,0,1.0,6.9,1472.0,8.1,25.757,1,comedy,3,KR,1
ts82268,GHOUL,SHOW,2018,2010,TV-MA,46,0,2.0,8.0,6.0,6.9,16.66,1,scifi,5,IN,1
tm446424,Christmas with a Prince,MOVIE,2018,2010,Not Rated,90,0,,5.2,1643.0,5.2,6.768,1,drama,2,CA,1
tm320727,"Norm Macdonald: Hitler's Dog, Gossip & Trickery",MOVIE,2017,2010,Not Rated,60,0,,7.4,2868.0,6.8,4.588,1,comedy,2,US,1
ts78246,Kiss Me First,SHOW,2018,2010,TV-MA,47,0,1.0,6.2,3919.0,6.9,5.447,1,scifi,3,GB,1
ts90594,Barbie: Dreamhouse Adventures,SHOW,2018,2010,TV-Y,22,0,5.0,6.7,543.0,8.2,36.15,1,animation,3,US,1
ts84833,Diablero,SHOW,2018,2010,TV-MA,38,0,2.0,6.7,2568.0,7.5,19.915,1,scifi,6,MX,1
ts76603,Erased,SHOW,2017,2010,TV-14,28,0,1.0,7.8,3671.0,7.4,9.747,1,drama,5,JP,1
ts87194,Instant Hotel,SHOW,2018,2010,TV-MA,49,0,2.0,7.3,1538.0,7.1,1.602,1,reality,1,AU,1
tm313487,Bending the Arc,MOVIE,2017,2010,Not Rated,102,0,,8.0,337.0,8.0,3.988,1,documentation,1,US,1
tm357479,Day of the Dead: Bloodline,MOVIE,2017,2010,R,90,0,,3.4,11909.0,4.6,19.869,1,horror,6,US,2
ts82631,Monkey Twins,SHOW,2018,2010,Not Rated,49,0,1.0,7.9,95.0,6.0,0.99,1,action,2,TH,1
tm368310,Retablo,MOVIE,2018,2010,Not Rated,95,0,,7.5,1763.0,7.5,3.461,1,drama,1,PE,3
ts76753,A Korean Odyssey,SHOW,2017,2010,TV-MA,75,0,1.0,8.0,4695.0,8.2,29.703,1,comedy,5,KR,1
tm440415,John Leguizamo's Latin History for Morons,MOVIE,2018,2010,PG,89,0,,7.3,808.0,7.4,3.851,1,comedy,2,US,1
ts77755,Power Rangers Ninja Steel,SHOW,2017,2010,TV-Y7,24,0,2.0,5.8,890.0,7.3,3.907,1,action,4,US,1
ts84646,Warrior,SHOW,2018,2010,TV-MA,42,0,1.0,6.7,2010.0,6.5,5.717,1,action,3,DK,1
tm300054,Orbiter 9,MOVIE,2017,2010,Not Rated,95,0,,5.9,7738.0,5.8,18.497,1,drama,4,ES,1
tm320670,White Fang,MOVIE,2018,2010,PG,87,0,,6.9,3682.0,7.3,20.071,1,animation,5,LU,3
ts81583,Life,SHOW,2018,2010,Not Rated,65,0,1.0,7.6,719.0,8.0,6.26,1,drama,2,KR,1
tm233360,Sand Storm,MOVIE,2017,2010,Not Rated,87,0,,6.8,3492.0,6.0,4.957,1,drama,1,IL,1
tm443186,Generation Iron 3,MOVIE,2018,2010,Not Rated,75,0,,6.2,3169.0,6.7,4.651,1,documentation,1,US,1
tm314705,Jo Koy: Live from Seattle,MOVIE,2017,2010,Not Rated,63,0,,7.2,1357.0,6.7,4.003,1,comedy,1,US,1
tm324124,"Oh, Hello on Broadway",MOVIE,2017,2010,Not Rated,102,0,,7.7,3141.0,6.9,4.878,1,comedy,1,US,1
tm417440,Camarón: The Film,MOVIE,2018,2010,Not Rated,104,0,,7.5,307.0,7.8,2.21,1,documentation,1,ES,1
tm139564,The Outcasts,MOVIE,2017,2010,PG-13,95,0,,5.4,4567.0,6.2,10.409,1,comedy,1,US,1
ts79997,Something in the Rain,SHOW,2018,2010,TV-MA,73,0,1.0,8.1,6208.0,7.9,53.569,1,drama,2,KR,1
tm327540,Gnome Alone,MOVIE,2017,2010,PG,85,0,,5.6,3488.0,6.2,15.668,1,family,8,CA,3
ts82424,13 Reasons Why: Beyond the Reasons,SHOW,2017,2010,TV-MA,42,0,3.0,6.2,328.0,6.5,11.431,1,documentation,1,US,1
tm371630,How to Be Really Bad,MOVIE,2018,2010,Not Rated,100,0,,6.2,1152.0,6.9,12.867,1,comedy,5,DE,1
ts53166,Julie's Greenroom,SHOW,2017,2010,Not Rated,28,0,1.0,8.2,328.0,8.5,2.76,1,comedy,2,US,1
ts76478,Prison Playbook,SHOW,2017,2010,Not Rated,92,0,1.0,8.5,3247.0,8.6,17.608,1,comedy,2,KR,1
tm344886,The Angel,MOVIE,2018,2010,Not Rated,114,0,,6.6,14115.0,6.7,9.032,1,thriller,3,IL,5
ts85202,Brainchild,SHOW,2018,2010,TV-Y7,24,0,1.0,7.9,425.0,8.3,2.902,1,documentation,2,US,1
ts36650,Apaches,SHOW,2018,2010,TV-MA,68,0,1.0,7.0,301.0,6.9,3.001,1,crime,5,ES,1
tm420989,Father of the Year,MOVIE,2018,2010,Not Rated,94,0,,5.2,11545.0,5.4,10.981,1,comedy,1,US,1
tm270490,The B-Side: Elsa Dorfman's Portrait Photography,MOVIE,2017,2010,R,76,0,,6.7,763.0,6.8,2.203,1,documentation,1,US,1
tm325102,Puss in Book: Trapped in an Epic Tale,MOVIE,2017,2010,G,23,0,,,,6.5,26.998,1,comedy,5,US,1
tm426202,Demetri Martin: The Overthinker,MOVIE,2018,2010,Not Rated,56,0,,7.2,1708.0,6.9,4.309,1,comedy,1,US,1
tm313988,The Death and Life of Marsha P. Johnson,MOVIE,2017,2010,Not Rated,105,0,,7.2,2964.0,7.3,6.792,1,documentation,1,US,1
ts75750,Revolutionary Love,SHOW,2017,2010,TV-MA,68,0,1.0,6.9,677.0,8.6,6.098,1,comedy,2,KR,1
tm404690,Happy Anniversary,MOVIE,2018,2010,Not Rated,78,0,,5.7,4265.0,5.8,6.921,1,romance,2,US,1
ts77545,Dope,SHOW,2017,2010,TV-MA,44,0,3.0,7.3,1658.0,7.2,15.736,1,documentation,6,US,1
ts75718,Neo Yokio,SHOW,2017,2010,TV-MA,23,0,2.0,5.9,3385.0,5.5,4.138,1,action,5,US,1
tm376903,Dry Martina,MOVIE,2018,2010,Not Rated,95,0,,5.8,999.0,6.0,8.777,1,comedy,2,AR,2
tm359713,El Camino Christmas,MOVIE,2017,2010,Not Rated,89,0,,5.7,8830.0,5.6,8.462,1,comedy,4,US,1
ts116101,Crazy Delicious,SHOW,2017,2010,Not Rated,52,0,1.0,8.9,15.0,7.5,2.694,1,reality,1,GB,1
ts57300,Marlon,SHOW,2017,2010,TV-PG,21,0,2.0,6.9,4136.0,6.6,11.367,1,comedy,1,US,1
ts85967,Bumping Mics with Jeff Ross & Dave Attell,SHOW,2018,2010,TV-MA,36,0,1.0,7.7,1167.0,7.8,1.36,1,comedy,1,US,1
ts9075,The Fix,SHOW,2018,2010,TV-MA,27,0,1.0,7.0,1957.0,6.5,1.555,1,comedy,1,US,1
ts80313,Bobby Kennedy for President,SHOW,2018,2010,TV-MA,61,0,1.0,8.1,1803.0,8.3,2.09,1,documentation,2,US,1
tm238377,The Legacy of a Whitetail Deer Hunter,MOVIE,2018,2010,Not Rated,83,0,,5.5,3924.0,5.1,8.03,1,comedy,2,US,1
tm285171,Clinical,MOVIE,2017,2010,Not Rated,104,0,,5.1,8030.0,5.3,8.524,1,thriller,2,US,1
tm363231,Godzilla: City on the Edge of Battle,MOVIE,2018,2010,PG-13,105,0,,5.8,4896.0,6.5,19.716,1,animation,3,JP,1
ts79679,The Yard,SHOW,2018,2010,TV-MA,108,0,3.0,7.1,1647.0,7.5,21.505,1,drama,2,TR,1
ts82298,Familiar Wife,SHOW,2018,2010,TV-MA,62,0,1.0,7.7,1015.0,8.1,19.741,1,scifi,4,KR,1
ts84645,Medal of Honor,SHOW,2018,2010,TV-MA,55,0,1.0,8.2,1710.0,8.7,7.798,1,documentation,2,US,1
ts78299,Llama Llama,SHOW,2018,2010,TV-Y,17,0,2.0,6.3,272.0,7.8,4.525,1,animation,2,US,1
tm424032,My Masterpiece,MOVIE,2018,2010,Not Rated,100,0,,7.1,6162.0,7.3,7.794,1,comedy,2,AR,2
tm421776,Ronnie Coleman: The King,MOVIE,2018,2010,Not Rated,93,0,,7.0,3839.0,6.8,6.255,1,documentation,1,US,1
ts74962,True and the Rainbow Kingdom,SHOW,2017,2010,TV-Y,21,0,4.0,7.2,451.0,8.8,7.851,1,animation,4,CA,1
tm322569,Hasan Minhaj: Homecoming King,MOVIE,2017,2010,Not Rated,72,0,,8.2,7250.0,7.8,5.657,1,comedy,2,US,1
tm266702,The Climb,MOVIE,2017,2010,Not Rated,103,0,,6.9,7505.0,6.8,13.045,1,comedy,5,FR,1
tm307776,Secret Superstar,MOVIE,2017,2010,Not Rated,150,0,,7.8,24832.0,7.5,9.7,1,drama,2,IN,1
ts77014,Wolf,SHOW,2018,2010,TV-MA,75,0,1.0,8.0,7545.0,7.1,26.999,1,reality,5,TR,1
ts82181,Back Street Girls -GOKUDOLS-,SHOW,2018,2010,TV-MA,24,0,1.0,6.7,844.0,6.4,10.716,1,comedy,2,JP,1
tm426569,A Twelve-Year Night,MOVIE,2018,2010,Not Rated,117,0,,7.5,9920.0,7.4,7.515,1,drama,4,AR,3
tm414447,Dear Ex,MOVIE,2018,2010,Not Rated,99,0,,7.3,6317.0,7.2,5.858,1,drama,3,TW,1
tm311319,Manhunt,MOVIE,2017,2010,Not Rated,106,0,,5.2,3247.0,5.6,11.686,1,thriller,3,HK,2
ts54050,Ultimate Beastmaster,SHOW,2017,2010,TV-PG,59,0,3.0,7.3,2359.0,6.0,5.525,1,action,2,US,1
ts80090,The Piano Forest,SHOW,2018,2010,TV-PG,26,0,2.0,7.2,912.0,5.9,10.181,1,comedy,3,JP,1
tm839847,WHAT DID JACK DO?,MOVIE,2017,2010,Not Rated,17,0,,,,6.4,5.246,1,crime,1,US,1
tm405849,Flavors of Youth,MOVIE,2018,2010,PG-13,68,0,,6.6,7359.0,6.8,44.174,1,romance,3,JP,2
tm344336,Burn Out,MOVIE,2018,2010,Not Rated,107,0,,6.2,3803.0,6.8,21.048,1,thriller,4,FR,1
ts84799,Victim Number 8,SHOW,2018,2010,Not Rated,54,0,1.0,7.0,2030.0,7.7,6.384,1,crime,5,ES,1
tm406831,Modest Heroes,MOVIE,2018,2010,PG,18,0,,6.6,2705.0,6.7,58.217,1,fantasy,5,JP,1
ts79086,Jenni Rivera: Mariposa de Barrio,SHOW,2017,2010,TV-MA,43,0,1.0,7.2,245.0,5.0,21.897,1,drama,1,US,1
tm423761,Iliza Shlesinger: Elder Millennial,MOVIE,2018,2010,Not Rated,72,0,,7.2,4059.0,7.2,5.899,1,comedy,1,US,1
ts82127,Sirius the Jaeger,SHOW,2018,2010,TV-MA,25,0,1.0,6.7,1942.0,7.6,9.177,1,action,6,JP,1
tm374845,The Seven Deadly Sins: Prisoners of the Sky,MOVIE,2018,2010,PG-13,99,0,,7.1,4768.0,7.6,29.994,1,fantasy,3,JP,1
ts78053,Kakegurui,SHOW,2018,2010,TV-MA,25,0,2.0,6.7,1005.0,7.9,24.549,1,thriller,2,JP,1
tm311995,The Battleship Island,MOVIE,2017,2010,PG-13,132,0,,7.1,7095.0,7.2,27.413,1,drama,3,KR,1
tm366590,Sanju,MOVIE,2018,2010,Not Rated,159,0,,7.7,52227.0,7.4,6.803,1,drama,2,IN,2
ts78031,Ultraviolet,SHOW,2017,2010,TV-MA,46,0,2.0,6.9,1611.0,7.5,5.351,1,drama,3,PL,1
tm515157,Point Blank,MOVIE,2017,2010,NC-17,86,0,,5.7,14324.0,6.1,12.985,1,action,4,US,1
tm434727,"Ron White: If You Quit Listening, I'll Shut Up",MOVIE,2018,2010,Not Rated,63,0,,6.5,841.0,6.2,2.438,1,comedy,1,US,1
tm361770,Craig Ferguson: Tickle Fight,MOVIE,2017,2010,Not Rated,66,0,,6.6,999.0,6.2,3.105,1,comedy,1,US,1
tm371952,Sarkar,MOVIE,2018,2010,Not Rated,164,0,,7.0,18453.0,6.0,4.559,1,drama,2,IN,1
tm306811,Casting JonBenet,MOVIE,2017,2010,Not Rated,81,0,,6.1,5426.0,5.8,12.107,1,documentation,3,US,2
tm425884,They'll Love Me When I'm Dead,MOVIE,2018,2010,Not Rated,98,0,,7.4,5053.0,7.3,5.643,1,documentation,1,US,1
tm307612,Strong Island,MOVIE,2017,2010,Not Rated,107,0,,6.4,3892.0,6.3,4.287,1,documentation,2,US,1
tm366820,Come Sunday,MOVIE,2018,2010,Not Rated,106,0,,6.0,2307.0,5.8,5.725,1,drama,1,US,1
tm311789,The Most Hated Woman in America,MOVIE,2017,2010,Not Rated,91,0,,6.1,6618.0,6.1,11.32,1,drama,2,US,1
tm244300,Lommbock,MOVIE,2017,2010,Not Rated,102,0,,6.7,3687.0,6.7,4.656,1,comedy,2,DE,1
ts85732,The Final Table,SHOW,2018,2010,TV-PG,53,0,1.0,7.6,4176.0,7.0,3.634,1,reality,1,US,1
ts55627,Time: The Kalief Browder Story,SHOW,2017,2010,TV-MA,43,0,1.0,8.4,2687.0,7.9,3.445,1,documentation,1,US,1
tm448479,Aya,MOVIE,2017,2010,Not Rated,24,0,,,,,1.737,0,drama,1,QA,3
tm301024,Wedding Unplanned,MOVIE,2017,2010,Not Rated,94,0,,5.7,1707.0,6.1,8.244,1,romance,4,FR,1
ts80059,Trump: An American Dream,SHOW,2017,2010,TV-14,55,0,1.0,7.2,4021.0,6.9,3.412,1,documentation,2,GB,1
tm317491,Spyder,MOVIE,2017,2010,Not Rated,145,0,,6.3,10339.0,5.4,3.35,1,thriller,3,IN,1
ts56933,The New Legends of Monkey,SHOW,2018,2010,TV-PG,26,0,2.0,6.4,4398.0,7.2,25.804,1,scifi,4,NZ,1
tm327053,The Killer,MOVIE,2017,2010,Not Rated,99,0,,6.0,2664.0,6.2,17.109,1,western,3,BR,1
tm419496,Lust Stories,MOVIE,2018,2010,R,120,0,,6.4,10830.0,6.2,6.98,1,drama,2,IN,1
ts118696,Robot Trains,SHOW,2017,2010,TV-Y7,13,0,3.0,6.2,89.0,,1.4,1,animation,5,KR,1
tm410748,The Most Unknown,MOVIE,2018,2010,Not Rated,92,0,,6.5,2129.0,6.5,3.535,1,documentation,1,US,1
ts79219,Flint Town,SHOW,2018,2010,TV-MA,42,0,1.0,7.8,3713.0,7.5,2.166,1,documentation,3,US,1
tm299764,The Motive,MOVIE,2017,2010,Not Rated,104,0,,6.5,5713.0,6.2,6.409,1,drama,5,ES,2
tm408941,Mercury 13,MOVIE,2018,2010,NC-17,79,0,,6.9,1180.0,6.6,4.266,1,documentation,1,IE,1
ts85183,Vai Anitta,SHOW,2018,2010,TV-MA,30,0,2.0,5.5,455.0,6.8,1.994,1,documentation,2,BR,1
tm444469,Eerie,MOVIE,2018,2010,Not Rated,101,0,,4.6,2324.0,5.4,6.895,1,horror,4,PH,2
ts84135,The Inmate,SHOW,2018,2010,TV-MA,45,0,1.0,6.9,2714.0,7.0,25.554,1,drama,3,MX,1
ts86067,Death by Magic,SHOW,2018,2010,TV-14,35,0,1.0,6.0,641.0,6.9,3.231,1,reality,1,US,1
ts76245,The Day I Met El Chapo: The Kate del Castillo Story,SHOW,2017,2010,TV-MA,55,0,1.0,6.8,1093.0,6.1,17.067,1,documentation,1,MX,1
tm412273,Tig Notaro: Happy To Be Here,MOVIE,2018,2010,Not Rated,58,0,,6.6,1365.0,6.1,3.044,1,comedy,1,XX,1
tm365122,Benji,MOVIE,2018,2010,PG,87,0,,6.3,4774.0,7.0,17.811,1,drama,3,US,2
tm309903,The Little Vampire 3D,MOVIE,2017,2010,Not Rated,83,0,,5.4,1721.0,6.1,18.501,1,family,6,DE,4
tm362121,Time Share,MOVIE,2018,2010,Not Rated,96,0,,5.9,2793.0,5.6,5.96,1,horror,4,NL,2
ts56033,Surviving Escobar - Alias JJ,SHOW,2017,2010,TV-MA,42,0,1.0,7.7,995.0,7.8,106.508,1,crime,2,CO,1
ts56636,My Sassy Girl,SHOW,2017,2010,TV-14,44,0,1.0,6.8,597.0,7.3,6.648,1,comedy,2,KR,1
ts92825,Lego Jurassic World: The Secret Exhibit,SHOW,2018,2010,TV-Y,22,0,1.0,6.1,257.0,7.2,14.703,1,action,5,US,1
ts76509,Beyond Stranger Things,SHOW,2017,2010,TV-14,21,0,1.0,7.4,1883.0,7.5,98.48,1,documentation,1,US,1
tm321628,Rip Tide,MOVIE,2017,2010,Not Rated,85,0,,5.4,3472.0,6.2,17.594,1,family,4,AU,1
tm299504,Holy Camp!,MOVIE,2017,2010,Not Rated,109,0,,6.2,4052.0,6.8,10.133,1,comedy,3,ES,1
ts55978,Samurai Gourmet,SHOW,2017,2010,Not Rated,21,0,1.0,8.1,2099.0,7.9,5.009,1,comedy,1,JP,1
tm346939,Alaska Is a Drag,MOVIE,2017,2010,Not Rated,83,0,,6.5,421.0,6.6,1.912,1,drama,1,US,1
ts77520,Mob Psycho 100,SHOW,2018,2010,Not Rated,24,0,1.0,5.2,521.0,5.9,12.055,1,action,3,JP,1
tm326704,Parmanu: The Story of Pokhran,MOVIE,2018,2010,Not Rated,129,0,,7.6,23973.0,7.0,5.7,1,drama,3,IN,1
tm365824,Zero,MOVIE,2018,2010,Not Rated,180,0,,5.2,27346.0,5.3,6.89,1,romance,7,IN,1
ts85236,Castle and Castle,SHOW,2018,2010,TV-MA,54,0,2.0,,,7.2,2.336,1,drama,1,NG,1
tm407295,Amateur,MOVIE,2018,2010,R,17,0,,5.9,4459.0,6.5,15.455,1,drama,2,US,1
tm357552,Pottersville,MOVIE,2017,2010,Not Rated,85,0,,5.4,4696.0,5.0,6.949,1,comedy,1,US,1
ts78789,Re: Mind,SHOW,2017,2010,TV-MA,23,0,1.0,4.9,1599.0,5.9,3.129,1,drama,2,JP,1
tm438995,A Christmas Prince: The Royal Wedding,MOVIE,2018,2010,PG,92,0,,5.3,10698.0,6.4,9.051,1,romance,2,US,1
tm404475,The Bleeding Edge,MOVIE,2018,2010,Not Rated,99,0,,7.6,2720.0,6.7,6.394,1,documentation,1,US,1
tm244274,Lowriders,MOVIE,2017,2010,PG-13,99,0,,5.6,2542.0,6.7,9.863,1,crime,3,US,1
ts82867,Becoming Champions,SHOW,2018,2010,TV-G,51,0,1.0,6.7,396.0,6.0,1.4,1,documentation,2,US,1
tm375302,Derren Brown: The Push,MOVIE,2018,2010,Not Rated,69,0,,7.5,3637.0,7.5,10.75648,1,reality,2,,0
tm376234,The Warning,MOVIE,2018,2010,Not Rated,93,0,,5.9,6356.0,6.0,8.052,1,thriller,7,ES,1
ts86164,Hero Mask,SHOW,2018,2010,TV-14,25,0,2.0,6.1,675.0,6.3,4.779,1,animation,5,JP,1
ts74959,Yummy Mummies,SHOW,2017,2010,Not Rated,34,0,2.0,4.0,679.0,5.3,2.178,1,reality,2,AU,1
tm314829,NY Prison Break: The Seduction of Joyce Mitchell,MOVIE,2017,2010,Not Rated,103,0,,5.5,348.0,5.8,2.766,1,crime,2,US,1
tm327622,S.W.A.T.: Under Siege,MOVIE,2017,2010,R,89,0,,4.5,3572.0,5.8,28.251,1,action,3,US,1
ts78913,Live,SHOW,2018,2010,Not Rated,61,0,1.0,8.3,1272.0,8.375,4.333,1,drama,3,KR,1
ts84780,Wild District,SHOW,2018,2010,TV-MA,45,0,2.0,8.2,1917.0,7.5,15.725,1,drama,4,CO,1
ts85822,Selection Day,SHOW,2018,2010,TV-14,25,0,1.0,7.3,2234.0,7.6,5.002,1,drama,3,IN,1
tm371959,6 Balloons,MOVIE,2018,2010,Not Rated,75,0,,5.9,4144.0,6.1,7.664,1,drama,1,US,1
tm313120,Chasing Coral,MOVIE,2017,2010,Not Rated,93,0,,8.1,5188.0,7.9,8.049,1,documentation,1,US,1
tm429208,Next Gen,MOVIE,2018,2010,PG,105,0,,6.6,17445.0,7.0,16.957,1,action,5,CA,2
ts76949,Trailer Park Boys: Out of the Park: USA,SHOW,2017,2010,TV-MA,30,0,1.0,,,7.5,1.979,1,comedy,1,CA,1
ts76511,The Big Family Cooking Showdown,SHOW,2017,2010,TV-PG,59,0,2.0,7.0,682.0,7.4,2.706,1,reality,2,GB,1
tm362180,"Ram Dass, Going Home",MOVIE,2017,2010,PG-13,31,0,,,,5.5,4.594,1,documentation,1,US,1
ts53516,Edgar Rice Burroughs' Tarzan and Jane,SHOW,2017,2010,TV-Y7,21,0,2.0,4.6,282.0,7.9,9.57,1,action,6,US,1
tm372305,First Match,MOVIE,2018,2010,Not Rated,94,0,,6.4,2272.0,6.6,11.39,1,drama,2,US,1
tm326773,Sunday's Illness,MOVIE,2018,2010,PG-13,113,0,,6.9,3570.0,6.7,6.859,1,drama,2,ES,1
tm407714,I Am Not an Easy Man,MOVIE,2018,2010,Not Rated,98,0,,6.3,14432.0,6.3,12.706,1,fantasy,3,FR,1
tm318641,Justice,MOVIE,2017,2010,R,99,0,,4.0,1237.0,5.8,5.604,1,western,4,US,1
tm408306,Seth Rogen's Hilarity for Charity,MOVIE,2018,2010,Not Rated,70,0,,5.0,2381.0,5.2,5.434,1,comedy,2,CA,1
tm233485,Charming,MOVIE,2018,2010,Not Rated,90,0,,5.6,3518.0,6.5,14.649,1,comedy,6,US,1
ts84346,Falsa identidad,SHOW,2018,2010,TV-14,43,0,2.0,7.0,358.0,7.5,206.288,1,crime,4,US,2
tm363329,Christmas Wedding Planner,MOVIE,2017,2010,PG,86,0,,4.3,5978.0,5.5,11.745,1,romance,1,CA,1
tm328175,Budapest,MOVIE,2018,2010,R,102,0,,5.4,2952.0,5.6,7.816,1,comedy,2,FR,1
ts90880,44 Cats,SHOW,2018,2010,TV-Y7,15,0,5.0,6.0,283.0,8.4,10.72,1,action,5,IT,1
tm344173,All I Wish,MOVIE,2018,2010,G,94,0,,5.2,1600.0,5.9,7.009,1,romance,3,US,1
ts57913,Strongest Deliveryman,SHOW,2017,2010,TV-MA,55,0,1.0,7.3,660.0,6.8,17.237,1,drama,2,KR,1
tm307843,Angamaly Diaries,MOVIE,2017,2010,Not Rated,132,0,,7.9,6013.0,7.3,3.606,1,drama,4,IN,1
tm441060,ReMastered: Tricky Dick & The Man in Black,MOVIE,2018,2010,Not Rated,58,0,,7.1,1519.0,6.8,2.479,1,documentation,2,US,1
ts58442,Live Up To Your Name,SHOW,2017,2010,TV-MA,69,0,1.0,8.0,1265.0,6.7,10.393,1,drama,3,KR,1
ts84772,Ingress: The Animation,SHOW,2018,2010,TV-MA,24,0,1.0,6.5,534.0,7.4,9.173,1,scifi,3,JP,1
tm370628,Fred Armisen: Standup for Drummers,MOVIE,2018,2010,Not Rated,65,0,,5.8,1294.0,6.2,4.256,1,music,2,US,1
tm300027,Thi Mai,MOVIE,2018,2010,G,99,0,,6.0,2558.0,6.2,9.169,1,comedy,3,ES,1
ts80030,Fastest Car,SHOW,2018,2010,TV-MA,44,0,2.0,7.1,1330.0,7.2,10.509,1,reality,3,US,1
tm406098,Battle,MOVIE,2018,2010,R,95,0,,5.9,4248.0,6.4,11.416,1,drama,4,NO,4
ts77405,Bad Guys: Vile City,SHOW,2017,2010,Not Rated,64,0,1.0,5.9,30.0,8.0,8.626,1,action,5,KR,1
tm300056,Holy Goalie,MOVIE,2018,2010,Not Rated,95,0,,5.3,1634.0,5.5,10.107,1,comedy,3,ES,1
tm355666,Saving Capitalism,MOVIE,2017,2010,Not Rated,73,0,,6.8,3213.0,6.6,4.267,1,documentation,1,US,1
ts111582,The Platform,SHOW,2018,2010,TV-14,45,0,2.0,5.4,8.0,,,1,music,1,ES,1
tm244292,Bibi & Tina: Perfect Pandemonium,MOVIE,2017,2010,Not Rated,110,0,,4.0,470.0,5.5,5.562,1,fantasy,6,DE,1
ts85126,The Degenerates,SHOW,2018,2010,Not Rated,24,0,2.0,6.2,680.0,4.4,1.785,1,comedy,1,US,1
tm313712,Mom,MOVIE,2017,2010,Not Rated,147,0,,7.2,10522.0,7.6,8.553,1,drama,3,IN,1
ts70631,Children of the Whales,SHOW,2017,2010,TV-14,24,0,1.0,7.0,1551.0,7.6,13.257,1,scifi,4,JP,1
tm359714,Christmas Inheritance,MOVIE,2017,2010,Not Rated,105,0,,5.7,11720.0,6.3,13.655,1,romance,3,US,1
tm336712,An Imperfect Murder,MOVIE,2017,2010,R,71,0,,3.2,1679.0,4.4,3.664,1,crime,3,US,1
tm376015,LEGO Marvel Super Heroes: Guardians of the Galaxy - The Thanos Threat,MOVIE,2017,2010,Not Rated,22,0,,5.8,451.0,7.1,13.946,1,scifi,6,US,1
tm348010,Killing Hasselhoff,MOVIE,2017,2010,R,80,0,,4.4,2682.0,4.6,5.635,1,comedy,1,US,1
ts83213,The Rise of Phoenixes,SHOW,2018,2010,TV-14,45,0,1.0,8.4,1492.0,8.1,8.456,1,drama,3,CN,1
tm238587,Shepherds and Butchers,MOVIE,2017,2010,R,106,0,,6.8,3357.0,6.5,6.814,1,drama,2,US,3
tm372662,The Skin of the Wolf,MOVIE,2018,2010,Not Rated,110,0,,5.8,3108.0,5.2,11.772,1,romance,5,ES,1
tm438994,The Holiday Calendar,MOVIE,2018,2010,Not Rated,94,0,,5.7,10060.0,6.7,11.41,1,romance,5,US,1
ts82419,Zac & Mia,SHOW,2017,2010,TV-14,20,0,2.0,7.8,628.0,8.0,1.741,1,drama,1,US,1
tm279585,Deidra & Laney Rob a Train,MOVIE,2017,2010,Not Rated,92,0,,6.0,1913.0,5.7,6.666,1,drama,3,US,1
tm270987,Sahara,MOVIE,2017,2010,Not Rated,86,0,,5.5,2802.0,5.894,20.636,1,animation,7,CA,2
tm374216,Take Your Pills,MOVIE,2018,2010,Not Rated,87,0,,6.3,5151.0,6.6,11.496,1,documentation,1,US,1
tm362074,And Breathe Normally,MOVIE,2018,2010,Not Rated,102,0,,6.9,3073.0,6.9,5.774,1,drama,2,IS,3
ts86945,Abby Hatcher,SHOW,2018,2010,TV-Y,17,0,3.0,5.4,182.0,4.0,4.569,1,animation,4,US,1
ts55484,My Only Love Song,SHOW,2017,2010,TV-MA,29,0,1.0,7.0,672.0,8.3,9.524,1,drama,4,KR,1
ts74805,A Little Help with Carol Burnett,SHOW,2018,2010,TV-G,24,0,1.0,6.3,237.0,6.2,1.621,1,,0,US,1
ts80042,ReBoot: The Guardian Code,SHOW,2018,2010,TV-G,23,0,2.0,3.7,1204.0,7.2,4.406,1,drama,4,CA,1
tm285298,Naked,MOVIE,2017,2010,Not Rated,96,0,,5.4,19482.0,5.7,21.822,1,comedy,3,US,1
ts80466,Secret Agent Selection: WW2,SHOW,2018,2010,Not Rated,59,0,1.0,7.7,564.0,7.0,2.836,1,war,4,GB,1
ts89067,Love and Fortune,SHOW,2018,2010,TV-MA,58,0,1.0,7.3,555.0,6.5,4.984,1,drama,2,JP,1
ts78145,Drug Lords,SHOW,2018,2010,TV-MA,46,0,2.0,6.8,1334.0,7.7,7.122,1,documentation,1,US,1
tm263427,The Invisible Guardian,MOVIE,2017,2010,Not Rated,129,0,,6.4,15901.0,6.5,13.194,1,thriller,3,DE,2
ts77770,Fate/Extra Last Encore,SHOW,2018,2010,Not Rated,27,0,2.0,5.3,807.0,7.4,19.38,1,action,3,JP,1
tm421335,Jim Jefferies: This Is Me Now,MOVIE,2018,2010,Not Rated,70,0,,7.3,4045.0,6.8,3.47,1,comedy,1,US,1
tm428453,Cities of Last Things,MOVIE,2018,2010,Not Rated,106,0,,6.2,1669.0,6.5,4.435,1,drama,3,CN,4
tm371741,Si saben cómo me pongo ¿Pa' qué me invitan?,MOVIE,2018,2010,Not Rated,89,0,,4.5,223.0,5.8,6.095,1,comedy,1,CO,1
ts80600,Luis Miguel: The Series,SHOW,2018,2010,TV-14,52,0,3.0,8.0,4556.0,8.0,40.288,1,drama,4,MX,1
tm295177,It's for Your Own Good,MOVIE,2017,2010,Not Rated,93,0,,5.5,2347.0,5.9,6.913,1,comedy,2,ES,1
ts80413,Busted!,SHOW,2018,2010,TV-14,75,0,3.0,7.6,912.0,8.4,15.136,1,thriller,3,KR,1
tm299783,The Laws of Thermodynamics,MOVIE,2018,2010,Not Rated,100,0,,6.0,2762.0,5.8,5.905,1,comedy,2,ES,1
ts83925,Boca Juniors Confidential,SHOW,2018,2010,Not Rated,42,0,1.0,6.3,352.0,7.6,1.33,1,documentation,2,AR,1
tm313748,Handsome: A Netflix Mystery Movie,MOVIE,2017,2010,Not Rated,81,0,,5.2,4551.0,5.3,9.029,1,comedy,2,US,1
ts79585,Dinotrux: Supercharged,SHOW,2017,2010,TV-Y7,23,0,3.0,7.5,98.0,9.4,8.19,1,animation,4,US,1
tm444043,Hometown Holiday,MOVIE,2018,2010,Not Rated,84,0,,5.0,1003.0,5.6,3.821,1,comedy,3,CA,1
ts83554,Inside the Criminal Mind,SHOW,2018,2010,TV-MA,49,0,1.0,5.4,1014.0,6.1,2.304,1,crime,2,US,1
tm287041,Jailbreak,MOVIE,2017,2010,Not Rated,100,0,,5.4,1467.0,5.9,3.748,1,action,2,KH,1
tm327652,"Roxanne, Roxanne",MOVIE,2017,2010,Not Rated,98,0,,6.2,3222.0,6.1,10.636,1,drama,2,US,1
tm416620,Quién te cantará,MOVIE,2018,2010,Not Rated,125,0,,6.9,2915.0,7.2,6.137,1,drama,4,ES,2
tm354644,Something Huge,MOVIE,2017,2010,Not Rated,86,0,,4.4,483.0,3.8,2.809,1,comedy,2,ES,1
ts82565,Sparta,SHOW,2018,2010,TV-MA,53,0,1.0,6.6,449.0,7.7,9.31,1,thriller,2,RU,1
tm299730,Lucid Dream,MOVIE,2017,2010,Not Rated,101,0,,6.1,3680.0,6.2,13.492,1,thriller,2,KR,1
tm331117,Carbone,MOVIE,2017,2010,Not Rated,104,0,,6.5,2587.0,6.8,8.097,1,thriller,3,BE,2
tm417317,Bhavesh Joshi Superhero,MOVIE,2018,2010,Not Rated,155,0,,7.6,8857.0,8.0,4.151,1,action,3,IN,1
tm359150,Nothing to Hide,MOVIE,2018,2010,Not Rated,93,0,,6.8,15185.0,6.5,13.897,1,drama,3,BE,3
ts79409,A.I.C.O. -Incarnation-,SHOW,2018,2010,TV-14,25,0,1.0,6.3,1203.0,6.3,11.039,1,animation,3,JP,1
tm358666,The Awakening of Motti Wolkenbruch,MOVIE,2018,2010,Not Rated,94,0,,6.6,4330.0,5.7,8.709,1,comedy,3,DE,2
ts119730,Luo Bao Bei,SHOW,2018,2010,TV-Y,11,0,1.0,8.0,38.0,,,1,animation,1,,0
ts53264,My Shy Boss,SHOW,2017,2010,TV-MA,71,0,1.0,7.2,1614.0,8.0,10.861,1,comedy,3,KR,1
ts83359,100 Days My Prince,SHOW,2018,2010,TV-14,75,0,1.0,7.7,2068.0,8.323,10.313,1,drama,6,KR,1
ts83071,Afflicted,SHOW,2018,2010,TV-MA,42,0,1.0,5.1,1120.0,5.2,6.058,1,documentation,3,BR,1
tm300447,Bill Burr: Walk Your Way Out,MOVIE,2017,2010,Not Rated,77,0,,7.2,7256.0,6.8,4.913,1,comedy,2,US,1
ts84484,Dancing Queen,SHOW,2018,2010,Not Rated,41,0,1.0,6.9,1614.0,6.6,7.295,1,reality,2,US,1
ts75012,Million Yen Women,SHOW,2017,2010,Not Rated,30,0,1.0,7.6,1835.0,6.8,10.133,1,drama,4,JP,1
ts80208,Fugitiva,SHOW,2018,2010,TV-MA,52,0,1.0,5.6,665.0,6.9,5.727,1,drama,4,ES,1
tm463806,The Legend of Cocaine Island,MOVIE,2018,2010,Not Rated,87,0,,6.3,3323.0,6.5,11.611,1,documentation,1,US,1
tm350887,Barbie: Dolphin Magic,MOVIE,2017,2010,G,63,0,,,,6.7,11.038,1,fantasy,1,CA,1
tm289882,Birdshot,MOVIE,2017,2010,Not Rated,116,0,,6.6,792.0,6.5,2.463,1,thriller,2,PH,1
ts255677,Pucca: Love Recipe,SHOW,2018,2010,TV-Y7,24,0,1.0,,,,7.246,0,animation,2,,0
tm296398,Steel Rain,MOVIE,2017,2010,Not Rated,139,0,,7.1,5581.0,7.2,14.511,1,action,3,KR,1
tm440946,Christmas with a View,MOVIE,2018,2010,Not Rated,90,0,,5.1,4574.0,5.8,10.989,1,romance,3,CA,1
tm361743,A Miraculous Christmas Special: Tales of Ladybug and Cat Noir,MOVIE,2017,2010,Not Rated,21,0,,,,9.0,0.605,1,,0,JP,3
tm408104,Greg Davies: You Magnificent Beast,MOVIE,2018,2010,Not Rated,66,0,,7.1,2387.0,6.5,2.445,1,comedy,1,GB,1
ts94470,Relatable,SHOW,2018,2010,Not Rated,39,0,2.0,,,,0.6,0,comedy,1,,0
tm244521,Catfight,MOVIE,2017,2010,Not Rated,96,0,,5.9,6323.0,5.5,6.831,1,comedy,3,US,1
tm414676,Paradise Lost,MOVIE,2018,2010,Not Rated,110,0,,6.9,689.0,7.5,3.322,1,drama,3,BR,1
tm321627,Ali's Wedding,MOVIE,2017,2010,Not Rated,110,0,,6.9,5008.0,7.1,5.584,1,romance,3,AU,1
tm307761,Toilet: A Love Story,MOVIE,2017,2010,Not Rated,155,0,,7.2,20896.0,6.981,5.129,1,comedy,3,IN,1
tm428073,When Angels Sleep,MOVIE,2018,2010,Not Rated,94,0,,5.5,3684.0,5.6,7.521,1,thriller,7,ES,1
ts83070,72 Dangerous Animals: Asia,SHOW,2018,2010,TV-14,47,0,1.0,6.6,517.0,6.2,10.561,1,documentation,1,US,1
tm356563,The Stolen,MOVIE,2017,2010,Not Rated,98,0,,5.3,1330.0,5.5,6.15,1,western,4,DE,3
tm365670,Perú: Tesoro Escondido,MOVIE,2017,2010,Not Rated,76,0,,6.1,527.0,8.0,10.669,1,documentation,1,PE,1
tm415875,Break,MOVIE,2018,2010,Not Rated,91,0,,5.7,1177.0,6.0,9.378,1,drama,3,FR,1
ts82398,My Dead Ex,SHOW,2018,2010,Not Rated,25,0,1.0,7.4,485.0,6.8,4.739,1,comedy,3,US,1
ts78353,Misty,SHOW,2018,2010,TV-MA,71,0,1.0,8.1,620.0,7.9,5.594,1,drama,4,KR,1
tm432838,Black Is Beltza,MOVIE,2018,2010,Not Rated,88,0,,5.8,301.0,6.4,3.958,1,thriller,3,ES,1
ts84977,Terrorism Close Calls,SHOW,2018,2010,Not Rated,48,0,1.0,5.2,712.0,7.2,1.837,1,documentation,1,US,1
tm427143,Edge of Fear,MOVIE,2018,2010,R,91,0,,4.4,3187.0,4.7,8.766,1,action,3,US,1
ts82296,My ID is Gangnam Beauty,SHOW,2018,2010,TV-MA,57,0,1.0,7.4,4021.0,7.615,30.627,1,drama,3,KR,1
ts79330,Girls Incarcerated,SHOW,2018,2010,TV-MA,43,0,2.0,7.2,1097.0,8.0,6.25,1,reality,2,GB,1
tm346398,Ryan Hamilton: Happy Face,MOVIE,2017,2010,Not Rated,56,0,,7.3,932.0,7.0,2.94,1,comedy,2,US,1
tm376840,End Game,MOVIE,2018,2010,Not Rated,40,0,,,,7.2,5.866,1,documentation,1,US,1
tm367473,Bad Seeds,MOVIE,2018,2010,Not Rated,100,0,,7.3,5461.0,7.8,7.032,1,comedy,2,FR,1
ts83430,Smoking,SHOW,2018,2010,TV-MA,24,0,2.0,7.4,457.0,8.0,2.955,1,crime,3,JP,1
tm409942,Shéhérazade,MOVIE,2018,2010,Not Rated,111,0,,7.0,2242.0,7.3,6.539,1,thriller,4,FR,1
tm300440,The Mansion,MOVIE,2017,2010,PG-13,100,0,,4.6,2645.0,4.9,10.321,1,comedy,3,FR,1
tm408890,Yucatán,MOVIE,2018,2010,PG,129,0,,5.5,2143.0,5.6,7.401,1,comedy,3,ES,1
tm307950,Mike Birbiglia: Thank God for Jokes,MOVIE,2017,2010,Not Rated,71,0,,7.5,2494.0,7.4,3.804,1,comedy,1,US,1
tm375729,Us and Them,MOVIE,2018,2010,Not Rated,120,0,,7.3,4198.0,7.6,7.651,1,drama,2,CN,1
tm313424,Pad Man,MOVIE,2018,2010,PG-13,140,0,,7.9,25539.0,7.5,5.173,1,drama,2,IN,1
tm426117,On My Skin,MOVIE,2018,2010,Not Rated,100,0,,7.3,9211.0,8.057,10.341,1,drama,2,IT,1
tm244321,Sun Dogs,MOVIE,2017,2010,Not Rated,93,0,,6.2,2322.0,6.8,8.516,1,comedy,3,MX,2
tm372610,Derren Brown: Miracle,MOVIE,2018,2010,Not Rated,73,0,,6.5,1037.0,6.6,3.916,1,documentation,1,GB,1
tm409456,Manto,MOVIE,2018,2010,Not Rated,113,0,,7.3,4248.0,7.6,2.915,1,drama,2,IN,1
tm242108,Little Boxes,MOVIE,2017,2010,Not Rated,84,0,,5.9,1986.0,6.3,4.223,1,drama,2,US,1
ts95011,Move,SHOW,2018,2010,TV-MA,48,0,1.0,7.4,116.0,7.0,2.664,1,documentation,1,US,1
tm242765,Raising the Bar,MOVIE,2017,2010,PG,93,0,,5.5,1555.0,6.5,7.148,1,family,4,AU,1
ts85276,Hymn of Death,SHOW,2018,2010,Not Rated,45,0,1.0,7.6,1209.0,8.4,12.956,1,drama,4,KR,1
tm322210,Bomb Scared,MOVIE,2017,2010,Not Rated,89,0,,5.6,2871.0,5.4,5.399,1,comedy,2,ES,1
ts77467,Terrace House: Opening New Doors,SHOW,2017,2010,Not Rated,39,0,6.0,7.8,968.0,8.0,6.828,1,reality,2,JP,1
ts83814,Undercover Law,SHOW,2018,2010,Not Rated,54,0,1.0,7.2,215.0,9.0,2.132,1,drama,2,CO,1
tm439854,Baazaar,MOVIE,2018,2010,Not Rated,140,0,,6.5,5590.0,6.4,2.491,1,crime,3,IN,1
tm340587,Ittefaq,MOVIE,2017,2010,PG,107,0,,7.2,12262.0,7.0,6.265,1,crime,2,IN,1
ts68146,Myths & Monsters,SHOW,2017,2010,TV-PG,43,0,1.0,7.7,841.0,7.4,1.804,1,documentation,3,GB,1
tm266705,Giant,MOVIE,2017,2010,PG-13,114,0,,6.6,4302.0,6.6,12.248,1,drama,3,ES,1
tm372891,Chris Rock: Tamborine,MOVIE,2018,2010,Not Rated,64,0,,6.6,6982.0,6.5,7.743,1,comedy,2,US,1
ts78099,72 Dangerous Animals: Latin America,SHOW,2017,2010,Not Rated,43,0,1.0,6.6,581.0,6.6,8.653,1,documentation,1,AU,2
tm315850,Take Me,MOVIE,2017,2010,Not Rated,83,0,,6.1,5970.0,5.8,8.222,1,comedy,3,US,1
tm421748,Ee Nagaraniki Emaindi,MOVIE,2018,2010,Not Rated,120,0,,7.9,2879.0,7.0,2.062,1,drama,2,IN,1
tm353046,Patton Oswalt: Annihilation,MOVIE,2017,2010,Not Rated,66,0,,7.2,2377.0,7.1,4.314,1,comedy,2,US,1
tm418039,LEGO Marvel Super Heroes: Black Panther - Trouble in Wakanda,MOVIE,2018,2010,Not Rated,22,0,,5.6,572.0,6.7,10.798,1,fantasy,5,US,1
tm324588,Rory Scovel Tries Stand-Up for the First Time,MOVIE,2017,2010,Not Rated,66,0,,6.7,831.0,7.4,1.571,1,comedy,2,US,1
tm440678,Revenger,MOVIE,2018,2010,NC-17,102,0,,5.7,4311.0,5.3,18.767,1,action,3,KR,1
tm995893,The Crossing,MOVIE,2017,2010,Not Rated,10,0,,7.5,,6.0,0.6,1,documentation,1,PS,1
tm275437,Coin Heist,MOVIE,2017,2010,PG,97,0,,4.7,2743.0,5.4,9.366,1,family,5,US,1
ts268283,RIDE ON TIME,SHOW,2018,2010,TV-PG,22,0,3.0,,,,1.328,0,,0,JP,1
ts89538,Bitter Daisies,SHOW,2018,2010,Not Rated,70,0,2.0,7.2,3274.0,7.1,11.931,1,drama,2,ES,1
ts89069,LEGO Friends: Girls on a Mission,SHOW,2018,2010,TV-Y,11,0,4.0,6.2,111.0,7.7,13.282,1,animation,1,US,2
tm426983,Joy,MOVIE,2018,2010,Not Rated,99,0,,6.6,1304.0,6.1,2.421,1,drama,2,AT,1
tm440278,Hakkunde,MOVIE,2017,2010,Not Rated,92,0,,6.4,49.0,,1.742,1,drama,2,NG,1
tm307774,Jagga Jasoos,MOVIE,2017,2010,PG,180,0,,6.3,10283.0,6.0,6.005,1,comedy,4,IN,1
ts78707,The Joel McHale Show with Joel McHale,SHOW,2018,2010,TV-MA,25,0,2.0,7.1,2396.0,6.4,6.858,1,comedy,1,US,1
tm299396,Getaway Plan,MOVIE,2017,2010,Not Rated,105,0,,5.6,1867.0,5.5,9.103,1,action,5,ES,1
ts75676,The Velvet Collection,SHOW,2017,2010,TV-14,57,0,3.0,7.2,1416.0,6.3,19.328,1,comedy,4,ES,1
tm366972,The Drug King,MOVIE,2018,2010,Not Rated,139,0,,6.2,3159.0,6.287,15.052,1,crime,3,KR,1
tm307751,Jab Harry Met Sejal,MOVIE,2017,2010,PG,200,0,,5.0,20593.0,6.5,8.529,1,drama,3,IN,1
tm367008,Katt Williams: Great America,MOVIE,2018,2010,Not Rated,60,0,,6.2,940.0,5.5,3.016,1,comedy,1,US,1
tm437631,Derren Brown: Sacrifice,MOVIE,2018,2010,Not Rated,49,0,,7.1,1806.0,7.4,5.197,1,documentation,2,US,1
ts80993,Kibaoh Klashers,SHOW,2017,2010,TV-Y7,24,0,2.0,6.4,18.0,8.0,4.313,1,scifi,1,CN,1
tm445899,Struggle: The Life and Lost Art of Szukalski,MOVIE,2018,2010,Not Rated,104,0,,7.9,4195.0,7.7,4.796,1,documentation,2,PL,2
tm236659,Sky Ladder: The Art of Cai Guo-Qiang,MOVIE,2017,2010,Not Rated,80,0,,7.3,1463.0,7.0,4.259,1,documentation,1,US,1
tm305112,The Fortress,MOVIE,2017,2010,Not Rated,140,0,,6.8,2537.0,6.6,10.294,1,drama,5,KR,1
tm353247,Qarib Qarib Singlle,MOVIE,2017,2010,Not Rated,125,0,,7.1,8327.0,7.2,3.291,1,comedy,3,IN,1
ts80057,Last Hope,SHOW,2018,2010,TV-14,24,0,1.0,5.8,434.0,5.4,8.604,1,drama,4,JP,1
ts55936,My Secret Romance,SHOW,2017,2010,TV-14,52,0,1.0,7.1,3409.0,8.0,25.999,1,comedy,2,KR,1
tm477838,Disconnect,MOVIE,2018,2010,Not Rated,107,0,,5.3,118.0,,0.651,1,romance,3,KE,1
tm375007,Feminists: What Were They Thinking?,MOVIE,2018,2010,Not Rated,86,0,,6.9,2233.0,7.9,7.764,1,documentation,1,US,1
tm233484,Duck Duck Goose,MOVIE,2018,2010,PG,82,0,,5.7,3721.0,6.2,12.075,1,comedy,4,CN,1
tm355724,A Christmas Prince,MOVIE,2017,2010,PG,92,0,,5.7,19514.0,6.6,10.442,1,romance,3,US,1
tm496588,Azali,MOVIE,2018,2010,Not Rated,92,0,,5.7,213.0,5.7,1.584,1,drama,1,GH,1
ts82085,Ainori Love Wagon: Asian Journey,SHOW,2017,2010,Not Rated,30,0,2.0,6.8,276.0,7.4,5.356,1,reality,1,JP,1
ts81886,All About the Washingtons,SHOW,2018,2010,TV-G,25,0,1.0,4.5,723.0,4.6,2.02,1,comedy,2,US,1
ts57281,All Hail King Julien: Exiled,SHOW,2017,2010,TV-Y7,23,0,1.0,7.4,575.0,8.5,6.841,1,animation,4,US,1
ts81036,The Who Was? Show,SHOW,2018,2010,Not Rated,24,0,1.0,6.5,614.0,7.0,1.674,1,family,2,,0
ts82875,Switched,SHOW,2018,2010,TV-MA,39,0,1.0,7.1,1436.0,7.8,9.01,1,drama,2,JP,1
tm363878,Aiyaary,MOVIE,2018,2010,Not Rated,157,0,,5.2,4732.0,5.6,5.373,1,thriller,3,IN,1
ts80410,Kantaro: The Sweet Tooth Salaryman,SHOW,2017,2010,Not Rated,30,0,1.0,7.6,808.0,7.2,1.526,1,comedy,2,JP,1
ts55533,Legend Quest,SHOW,2017,2010,TV-Y7,25,0,1.0,7.2,449.0,8.0,5.669,1,comedy,3,MX,1
ts57116,Ask the Doctor,SHOW,2017,2010,Not Rated,28,0,3.0,6.5,292.0,7.6,1.907,1,documentation,1,AU,1
tm347850,SPF-18,MOVIE,2017,2010,PG-13,75,0,,3.2,5173.0,4.4,8.86,1,romance,3,US,1
ts85250,Kulipari: Dream Walker,SHOW,2018,2010,TV-Y7,23,0,1.0,7.6,92.0,9.0,3.908,1,animation,3,US,1
tm411856,Hari Kondabolu: Warn Your Relatives,MOVIE,2018,2010,Not Rated,67,0,,6.5,849.0,5.9,1.466,1,comedy,1,US,1
tm363003,Seeing Allred,MOVIE,2018,2010,Not Rated,96,0,,7.2,1357.0,6.9,5.877,1,documentation,1,US,1
tm348386,Resurface,MOVIE,2017,2010,Not Rated,27,0,,7.1,286.0,7.2,2.459,1,documentation,3,US,1
tm349752,Heroin(e),MOVIE,2017,2010,Not Rated,39,0,,,,7.1,11.015,1,crime,1,US,1
ts112279,Empire Games,SHOW,2018,2010,Not Rated,49,0,1.0,5.8,312.0,7.0,0.6,1,documentation,2,,0
tm372054,The Tribe,MOVIE,2018,2010,Not Rated,90,0,,5.8,2721.0,6.3,9.216,1,comedy,3,ES,1
tm440255,The Plagues of Breslau,MOVIE,2018,2010,Not Rated,93,0,,5.9,5012.0,6.3,10.792,1,thriller,4,PL,1
tm372061,Sudani from Nigeria,MOVIE,2018,2010,PG,123,0,,8.2,4159.0,7.1,2.372,1,comedy,3,IN,1
tm372917,Pope Francis: A Man of His Word,MOVIE,2018,2010,PG,96,0,,6.4,2260.0,7.3,8.256,1,documentation,2,IT,5
tm411503,Candy Jar,MOVIE,2018,2010,PG-13,92,0,,5.8,5048.0,6.2,11.51,1,comedy,1,US,1
tm293867,Neal Brennan: 3 Mics,MOVIE,2017,2010,Not Rated,65,0,,7.9,3302.0,7.3,3.283,1,comedy,2,US,1
ts84597,FIGHTWORLD,SHOW,2018,2010,TV-MA,42,0,1.0,7.5,822.0,6.8,3.396,1,documentation,1,US,1
tm420800,"To Each, Her Own",MOVIE,2018,2010,Not Rated,95,0,,5.4,1756.0,5.1,7.382,1,comedy,3,FR,1
tm273600,Kuroko's Basketball the Movie: Last Game,MOVIE,2017,2010,Not Rated,90,0,,7.7,2558.0,7.9,64.682,1,animation,3,JP,1
tm286532,Rock my Heart,MOVIE,2017,2010,Not Rated,105,0,,6.5,993.0,7.2,7.023,1,drama,4,DE,1
tm320817,Mersal,MOVIE,2017,2010,Not Rated,169,0,,7.5,33832.0,7.2,8.293,1,thriller,2,IN,1
tm348568,Jerry Before Seinfeld,MOVIE,2017,2010,Not Rated,62,0,,7.0,5709.0,7.0,6.965,1,comedy,2,US,1
tm348392,The Last Shaman,MOVIE,2017,2010,Not Rated,83,0,,6.6,1911.0,6.9,3.335,1,documentation,4,PE,5
tm372486,All Good,MOVIE,2018,2010,Not Rated,93,0,,6.5,1442.0,6.1,1.772,1,drama,3,DE,1
tm327708,Bareilly Ki Barfi,MOVIE,2017,2010,Not Rated,123,0,,7.5,23336.0,6.8,7.874,1,romance,2,IN,1
ts78767,First Team: Juventus,SHOW,2018,2010,TV-G,36,0,2.0,7.3,2082.0,7.7,1.704,1,scifi,4,IT,1
tm320489,Expedition Happiness,MOVIE,2017,2010,G,95,0,,5.9,4538.0,6.8,7.586,1,documentation,2,DE,1
tm411467,Dany Boon: Des Hauts-De-France,MOVIE,2018,2010,Not Rated,113,0,,6.2,95.0,6.2,2.024,1,comedy,2,FR,1
tm307767,Baadshaho,MOVIE,2017,2010,Not Rated,136,0,,4.9,4880.0,5.8,4.073,1,action,2,IN,1
ts79707,Edha,SHOW,2018,2010,TV-MA,40,0,1.0,4.9,647.0,6.3,9.754,1,drama,1,AR,1
ts78692,Rapture,SHOW,2018,2010,TV-MA,58,0,1.0,5.4,11.0,7.0,2.391,1,documentation,5,US,1
tm432327,C/o Kancharapalem,MOVIE,2018,2010,PG,152,0,,8.9,6842.0,7.6,2.145,1,drama,1,IN,1
ts81596,Black Crows,SHOW,2017,2010,TV-MA,33,0,1.0,5.3,308.0,8.0,4.802,1,drama,3,SA,3
ts84932,Super Drags,SHOW,2018,2010,TV-MA,25,0,1.0,5.4,1753.0,5.3,2.315,1,animation,3,BR,1
ts84038,Battlefish,SHOW,2018,2010,Not Rated,43,0,1.0,7.1,428.0,7.8,2.638,1,documentation,2,US,1
tm352705,Jack Whitehall: At Large,MOVIE,2017,2010,Not Rated,67,0,,6.8,2164.0,7.1,4.192,1,comedy,1,GB,1
tm376801,The Rachel Divide,MOVIE,2018,2010,Not Rated,104,0,,6.3,2558.0,6.2,3.726,1,documentation,1,US,1
tm306631,Trevor Noah: Afraid of the Dark,MOVIE,2017,2010,PG-13,68,0,,7.2,5213.0,7.1,4.794,1,comedy,1,US,1
tm370447,The Tree of Blood,MOVIE,2018,2010,Not Rated,130,0,,6.3,3007.0,6.5,8.739,1,drama,2,ES,1
tm375962,Nothing to Lose,MOVIE,2018,2010,PG,130,0,,2.3,23031.0,5.5,45.267,1,drama,1,BR,1
ts79856,SWORDGAI The Animation,SHOW,2018,2010,TV-MA,23,0,2.0,5.8,932.0,7.1,21.229,1,action,5,JP,1
ts84782,Larva Island,SHOW,2018,2010,TV-Y7,8,0,2.0,6.5,430.0,6.9,15.128,1,animation,2,US,2
ts83045,Accidentally In Love,SHOW,2018,2010,TV-14,31,0,1.0,7.4,1156.0,7.9,29.906,1,family,5,CN,1
tm414340,Spivak,MOVIE,2018,2010,Not Rated,91,0,,5.6,754.0,5.6,2.897,1,comedy,1,US,1
tm313118,"Love, Surreal and Odd",MOVIE,2017,2010,G,95,0,,5.6,3240.0,5.2,2.354,1,comedy,2,TR,1
tm408871,Jefe,MOVIE,2018,2010,Not Rated,89,0,,5.4,1102.0,5.5,5.169,1,comedy,2,ES,1
ts83204,Million Pound Menu,SHOW,2018,2010,Not Rated,60,0,2.0,6.6,565.0,6.2,4.744,1,reality,1,GB,1
tm363787,Christmas in the Heartland,MOVIE,2017,2010,Not Rated,90,0,,5.8,1435.0,6.3,5.296,1,family,1,US,1
tm409817,Sir,MOVIE,2018,2010,Not Rated,98,0,,7.7,7109.0,7.1,5.83,1,drama,3,IN,2
ts80751,The Break with Michelle Wolf,SHOW,2018,2010,TV-MA,26,0,1.0,5.1,1870.0,4.8,2.61,1,comedy,1,US,1
tm286520,Jim Gaffigan: Cinco,MOVIE,2017,2010,Not Rated,73,0,,7.1,2406.0,7.0,4.413,1,comedy,1,US,1
tm244287,Half Girlfriend,MOVIE,2017,2010,Not Rated,135,0,,4.5,7233.0,6.7,9.16,1,drama,2,IN,1
ts74765,Daughters of Destiny,SHOW,2017,2010,Not Rated,61,0,1.0,8.6,922.0,7.7,2.962,1,documentation,1,IN,1
tm364206,Ex-Shaman,MOVIE,2018,2010,Not Rated,81,0,,7.1,253.0,6.7,1.688,1,documentation,1,BR,1
tm411358,The American Meme,MOVIE,2018,2010,Not Rated,90,0,,6.7,16650.0,5.9,4.687,1,documentation,1,US,1
ts82559,Amazing Interiors,SHOW,2018,2010,TV-PG,26,0,1.0,6.6,802.0,6.4,3.207,1,documentation,1,GB,2
ts81944,The Comedy Lineup,SHOW,2018,2010,TV-MA,15,0,2.0,5.9,461.0,6.0,0.84,1,comedy,2,,0
tm283559,The Art of Loving: Story of Michalina Wislocka,MOVIE,2017,2010,Not Rated,121,0,,7.1,3690.0,6.6,6.458,1,comedy,4,PL,1
ts75887,Paul Hollywood's Big Continental Road Trip,SHOW,2017,2010,TV-14,59,0,1.0,7.4,211.0,6.0,2.926,1,documentation,2,GB,1
ts89372,Titipo Titipo,SHOW,2018,2010,TV-Y,18,0,2.0,6.8,20.0,9.5,1.862,1,animation,1,KR,1
tm363922,Dovlatov,MOVIE,2018,2010,PG-13,126,0,,6.4,1994.0,6.4,3.554,1,drama,1,RS,3
ts81856,Borges,SHOW,2018,2010,TV-MA,0,1,2.0,6.2,172.0,7.8,1.415,1,comedy,1,BR,1
ts76771,Stretch Armstrong & the Flex Fighters,SHOW,2017,2010,TV-G,23,0,2.0,6.1,318.0,7.6,4.919,1,animation,4,US,1
tm476960,El testigo,MOVIE,2018,2010,Not Rated,76,0,,8.1,213.0,,,1,documentation,1,,0
ts84335,1983,SHOW,2018,2010,TV-MA,57,0,1.0,6.7,4169.0,6.5,9.601,1,drama,3,PL,1
tm373873,Weed the People,MOVIE,2018,2010,Not Rated,98,0,,7.3,344.0,8.0,2.786,1,documentation,1,US,1
tm366143,Maktub,MOVIE,2017,2010,PG-13,100,0,,7.3,2743.0,7.2,3.088,1,drama,2,IL,1
tm372969,Love per Square Foot,MOVIE,2018,2010,Not Rated,133,0,,7.2,8273.0,6.7,6.028,1,comedy,2,IN,1
ts93947,Wrong Kind of Black,SHOW,2018,2010,TV-MA,16,0,1.0,7.6,149.0,7.5,0.673,1,drama,2,AU,1
ts82160,Harvey Street Kids,SHOW,2018,2010,TV-Y7,24,0,4.0,6.7,254.0,8.5,9.06,1,family,4,US,1
ts83247,Stay Here,SHOW,2018,2010,TV-PG,32,0,1.0,7.4,1101.0,7.0,2.49,1,reality,2,US,1
tm405738,Perdida,MOVIE,2018,2010,R,103,0,,5.6,4762.0,6.3,18.855,1,crime,3,ES,2
ts86994,Serial Killer with Piers Morgan,SHOW,2017,2010,TV-14,47,0,2.0,3.9,1404.0,2.8,0.884,1,documentation,2,GB,1
tm319512,The Girl from the Song,MOVIE,2017,2010,Not Rated,102,0,,5.6,1775.0,6.1,8.448,1,romance,4,ES,1
tm374357,Going for Gold,MOVIE,2018,2010,G,89,0,,4.7,557.0,6.8,7.581,1,drama,3,AU,1
tm326089,Mubarakan,MOVIE,2017,2010,PG-13,156,0,,5.6,3961.0,6.2,3.731,1,drama,3,IN,1
ts80084,Dragon Pilot: Hisone and Masotan,SHOW,2018,2010,TV-14,25,0,1.0,6.9,501.0,7.9,7.435,1,animation,4,JP,1
ts76646,Blazing Transfer Students,SHOW,2017,2010,TV-MA,26,0,1.0,6.9,121.0,8.0,1.481,1,action,2,JP,1
ts75138,Argon,SHOW,2017,2010,Not Rated,63,0,1.0,7.3,266.0,7.3,4.679,1,drama,1,KR,1
tm445255,Qismat,MOVIE,2018,2010,Not Rated,140,0,,8.1,3101.0,7.3,1.66,1,drama,3,IN,1
ts75491,Fire Chasers,SHOW,2017,2010,Not Rated,55,0,1.0,6.5,371.0,6.3,1.715,1,documentation,1,US,1
tm358609,Sara's Notebook,MOVIE,2018,2010,R,115,0,,5.9,2725.0,6.1,9.543,1,thriller,3,ES,1
tm409494,Ali Wong: Hard Knock Wife,MOVIE,2018,2010,Not Rated,64,0,,7.3,4922.0,7.0,6.979,1,comedy,1,US,1
tm366973,Tom Segura: Disgraceful,MOVIE,2018,2010,PG-13,74,0,,7.5,3851.0,7.0,4.896,1,comedy,2,US,1
tm852185,Limitless,MOVIE,2017,2010,Not Rated,59,0,,,,,1.546,0,documentation,1,IN,1
ts80342,AMO,SHOW,2018,2010,TV-MA,24,0,1.0,6.4,409.0,6.0,3.804,1,crime,2,PH,1
ts57291,Unrequited Love,SHOW,2017,2010,Not Rated,33,0,1.0,6.7,10.0,10.0,2.723,1,drama,1,JP,1
tm431760,Paskal,MOVIE,2018,2010,Not Rated,114,0,,6.8,2964.0,7.7,21.554,1,action,3,MY,1
tm295558,The Grown-Ups,MOVIE,2017,2010,Not Rated,82,0,,7.7,261.0,7.2,1.904,1,documentation,1,CL,3
tm434883,Been So Long,MOVIE,2018,2010,Not Rated,100,0,,5.4,1108.0,5.7,5.732,1,music,3,GB,1
tm360945,Soorma,MOVIE,2018,2010,PG-13,131,0,,7.3,5183.0,7.5,2.446,1,drama,2,IN,1
tm446206,Angela's Christmas,MOVIE,2017,2010,G,30,0,,,,6.8,9.429,1,family,2,IE,2
tm320785,The Mars Generation,MOVIE,2017,2010,Not Rated,97,0,,6.5,999.0,6.6,3.6,1,documentation,1,US,1
tm314939,Kalushi : The Story of Solomon Mahlangu,MOVIE,2017,2010,Not Rated,106,0,,6.5,321.0,6.2,1.597,1,thriller,2,ZA,1
tm345767,The Maus,MOVIE,2017,2010,Not Rated,90,0,,4.7,6422.0,5.2,5.954,1,fantasy,4,ES,1
tm405901,Family Blood,MOVIE,2018,2010,Not Rated,92,0,,4.2,2955.0,4.6,8.168,1,thriller,3,US,1
tm445456,Pihu,MOVIE,2018,2010,G,91,0,,6.7,2482.0,7.7,6.676,1,thriller,3,IN,1
tm322200,Superlopez,MOVIE,2018,2010,G,108,0,,5.4,3635.0,5.3,10.953,1,comedy,4,ES,1
tm358813,Judd Apatow: The Return,MOVIE,2017,2010,Not Rated,69,0,,6.2,1321.0,6.3,5.846,1,comedy,1,US,1
tm424888,Armed to the Teeth,MOVIE,2018,2010,Not Rated,105,0,,7.9,650.0,7.0,4.821,1,documentation,3,MX,1
tm323195,Sarah Silverman: A Speck of Dust,MOVIE,2017,2010,Not Rated,71,0,,6.9,3744.0,6.9,5.289,1,comedy,2,US,1
tm244277,Pa Paandi,MOVIE,2017,2010,Not Rated,125,0,,7.4,1734.0,7.0,2.999,1,comedy,5,IN,1
tm314295,Nobody Speak: Trials of the Free Press,MOVIE,2017,2010,Not Rated,95,0,,6.4,4133.0,6.1,5.286,1,documentation,2,US,2
tm368441,Aapla Manus,MOVIE,2018,2010,Not Rated,132,0,,7.0,933.0,5.6,1.654,1,drama,2,IN,1
tm325433,Dismissal,MOVIE,2017,2010,Not Rated,90,0,,5.0,979.0,5.0,5.316,1,comedy,1,AR,2
tm444799,Christmas Catch,MOVIE,2018,2010,Not Rated,80,0,,5.3,1439.0,5.4,2.463,1,romance,3,CA,1
tm359030,F.R.E.D.I.,MOVIE,2018,2010,Not Rated,89,0,,4.9,1018.0,6.4,4.275,1,scifi,2,XX,1
tm233345,Love Beats Rhymes,MOVIE,2017,2010,R,105,0,,5.3,1072.0,5.7,6.917,1,music,2,US,1
ts84985,Robozuna,SHOW,2018,2010,Not Rated,23,0,3.0,6.7,94.0,8.2,3.034,1,animation,1,GB,1
tm309115,Naam Shabana,MOVIE,2017,2010,Not Rated,147,0,,6.2,6757.0,5.8,6.256,1,thriller,3,IN,1
tm358242,Brian Regan: Nunchucks and Flamethrowers,MOVIE,2017,2010,Not Rated,61,0,,6.3,681.0,6.2,1.985,1,comedy,2,US,1
tm320206,#realityhigh,MOVIE,2017,2010,Not Rated,99,0,,5.1,6357.0,6.4,10.701,1,comedy,3,US,1
ts80671,We Speak Dance,SHOW,2018,2010,TV-MA,22,0,1.0,7.4,148.0,8.3,0.992,1,documentation,1,US,1
tm358239,DeRay Davis: How to Act Black,MOVIE,2017,2010,PG,66,0,,6.1,432.0,6.1,2.337,1,comedy,1,US,1
tm351688,Def Comedy Jam 25,MOVIE,2017,2010,Not Rated,81,0,,6.6,1101.0,6.1,3.539,1,comedy,2,US,1
tm362264,The Gift,MOVIE,2017,2010,Not Rated,85,0,,8.0,25.0,8.0,1.03,1,drama,1,TZ,1
ts83429,Take My Brother Away,SHOW,2018,2010,Not Rated,46,0,1.0,6.7,167.0,8.2,2.593,1,family,3,,0
tm463827,Paranormal Investigation,MOVIE,2018,2010,Not Rated,92,0,,3.7,1671.0,4.5,5.104,1,thriller,2,FR,1
ts75357,LEGO Elves: Secrets of Elvendale,SHOW,2017,2010,TV-Y7,24,0,1.0,6.8,167.0,7.8,5.23,1,scifi,3,US,1
ts85217,Motown Magic,SHOW,2018,2010,TV-Y,15,0,2.0,7.9,294.0,9.3,1.372,1,animation,5,US,1
tm421125,The Suit,MOVIE,2018,2010,Not Rated,96,0,,5.3,1645.0,7.0,1.837,1,comedy,3,EG,1
ts78757,Dave Chappelle: Equanimity & The Bird Revelation,SHOW,2017,2010,TV-MA,57,0,1.0,,,8.5,0.669,1,comedy,1,US,1
tm311283,Amy Schumer: The Leather Special,MOVIE,2017,2010,Not Rated,57,0,,3.1,9830.0,4.1,5.336,1,comedy,1,US,1
ts82192,Samantha!,SHOW,2018,2010,TV-MA,28,0,2.0,6.5,517.0,6.1,3.396,1,comedy,1,BR,1
tm275004,Bon Cop Bad Cop 2,MOVIE,2017,2010,Not Rated,126,0,,6.6,4152.0,6.4,8.058,1,crime,3,CA,1
tm358949,A Very Country Christmas,MOVIE,2017,2010,G,83,0,,6.0,1640.0,6.5,5.576,1,drama,4,CA,2
ts85953,Paprika,SHOW,2018,2010,TV-Y,13,0,1.0,7.9,27.0,5.0,0.733,1,family,2,US,1
tm418870,Close Enemies,MOVIE,2018,2010,Not Rated,111,0,,6.4,2629.0,5.9,7.993,1,thriller,3,FR,2
tm413955,A Fortunate Man,MOVIE,2018,2010,Not Rated,162,0,,7.2,6194.0,6.9,10.194,1,drama,3,DK,1
tm348073,Pup Star: Better 2Gether,MOVIE,2017,2010,G,90,0,,4.3,239.0,6.0,3.805,1,family,1,US,1
tm359658,The 3rd Eye,MOVIE,2017,2010,Not Rated,107,0,,5.1,1405.0,5.5,8.045,1,horror,6,ID,1
tm357272,Barbra: The Music ... The Mem'ries ... The Magic!,MOVIE,2017,2010,Not Rated,108,0,,7.5,448.0,7.4,4.214,1,documentation,2,US,1
ts84167,Age of Rebellion,SHOW,2018,2010,TV-MA,72,0,1.0,8.6,49.0,6.0,3.151,1,crime,3,TW,1
tm408892,Unbridled,MOVIE,2018,2010,Not Rated,96,0,,5.0,507.0,5.3,11.503,1,thriller,2,IT,2
tm371619,Sabrina,MOVIE,2018,2010,Not Rated,98,0,,4.1,1757.0,5.3,19.396,1,horror,2,ID,3
tm337040,Maz Jobrani: Immigrant,MOVIE,2017,2010,Not Rated,67,0,,6.7,859.0,6.2,1.551,1,comedy,2,US,1
tm361505,48 Christmas Wishes,MOVIE,2017,2010,Not Rated,84,0,,3.9,1105.0,5.4,8.282,1,family,3,CA,1
ts317239,Falling in Love Like a Romantic Drama,SHOW,2018,2010,TV-14,40,0,3.0,,,10.0,3.178,1,reality,1,JP,1
ts86279,Nailed It! Holiday!,SHOW,2018,2010,TV-PG,33,0,2.0,7.7,1098.0,8.0,3.101,1,reality,1,US,1
tm417111,How to Get Over a Breakup,MOVIE,2018,2010,Not Rated,104,0,,6.1,2003.0,6.8,8.877,1,comedy,1,PE,1
tm429984,Pachamama,MOVIE,2018,2010,PG,72,0,,6.8,864.0,7.1,5.619,1,fantasy,4,FR,3
tm307551,Katherine Ryan: In Trouble,MOVIE,2017,2010,Not Rated,63,0,,7.0,2195.0,6.5,3.886,1,comedy,1,GB,1
ts265844,#ABtalks,SHOW,2018,2010,TV-PG,68,0,1.0,9.6,7.0,,,1,,0,,0
ts77219,Part-Time Idol,SHOW,2017,2010,TV-14,40,0,1.0,6.7,108.0,8.4,3.867,1,drama,4,KR,1
ts103638,Standup and Away! with Brian Regan,SHOW,2018,2010,TV-PG,25,0,1.0,5.7,400.0,7.7,1.208,1,comedy,1,US,1
tm449262,Ascharya Fuck It,MOVIE,2018,2010,Not Rated,90,0,,5.1,914.0,5.2,3.2,1,thriller,3,IN,1
ts76159,Super Monsters,SHOW,2017,2010,TV-Y,13,0,3.0,6.2,417.0,7.6,8.924,1,animation,4,CA,1
tm412489,Dear Son,MOVIE,2018,2010,Not Rated,100,0,,6.5,405.0,6.3,1.762,1,drama,1,FR,4
tm407318,Sofía Niño de Rivera: Natural Selection,MOVIE,2018,2010,Not Rated,62,0,,6.9,241.0,6.2,1.151,1,comedy,1,MX,1
tm429382,Nappily Ever After,MOVIE,2018,2010,NC-17,98,0,,6.4,9224.0,7.2,11.48,1,comedy,3,US,1
tm321073,Judwaa 2,MOVIE,2017,2010,Not Rated,150,0,,3.6,10740.0,5.8,5.689,1,action,3,IN,1
tm353627,Christina P: Mother Inferior,MOVIE,2017,2010,Not Rated,59,0,,6.4,1001.0,6.1,1.906,1,comedy,1,US,1
ts58480,Ari Shaffir: Double Negative,SHOW,2017,2010,Not Rated,47,0,1.0,,,6.2,1.739,1,comedy,1,US,1
tm411313,Forgive Us Our Debts,MOVIE,2018,2010,Not Rated,104,0,,6.2,1604.0,6.1,5.855,1,drama,2,PL,4
tm367264,Milada,MOVIE,2017,2010,Not Rated,130,0,,6.3,1331.0,7.0,8.556,1,drama,3,CZ,2
ts79988,Lost Song,SHOW,2018,2010,TV-14,24,0,1.0,7.0,375.0,8.2,4.07,1,animation,7,JP,1
ts86302,Check The Store Next Door,SHOW,2018,2010,TV-14,30,0,2.0,7.7,138.0,6.2,2.671,1,comedy,2,ID,1
ts83710,First and Last,SHOW,2018,2010,TV-MA,41,0,1.0,6.7,423.0,7.7,4.425,1,documentation,1,US,1
ts55576,Buddy Thunderstruck,SHOW,2017,2010,TV-Y7,23,0,2.0,7.7,495.0,8.4,3.267,1,comedy,5,US,1
ts84330,Oh My Ghost,SHOW,2018,2010,Not Rated,68,0,1.0,,,8.2,2.139,1,drama,1,TH,1
tm334949,Right Here Right Now,MOVIE,2018,2010,Not Rated,89,0,,5.4,311.0,4.2,2.13,1,drama,4,DE,1
ts222363,Monkart,SHOW,2017,2010,TV-Y7,12,0,1.0,,,,0.682,0,,0,KR,1
ts77011,The Many Faces of Ito,SHOW,2017,2010,Not Rated,30,0,1.0,6.7,248.0,7.5,4.347,1,drama,4,JP,1
ts56251,ID-0,SHOW,2017,2010,TV-14,24,0,1.0,6.1,324.0,6.3,3.167,1,scifi,4,JP,1
tm365961,Mustang Island,MOVIE,2017,2010,Not Rated,86,0,,6.2,537.0,6.2,2.194,1,comedy,2,US,1
tm413418,Cycle,MOVIE,2018,2010,Not Rated,96,0,,8.1,504.0,,1.363,1,comedy,3,IN,1
ts84644,Westside,SHOW,2018,2010,TV-MA,50,0,1.0,6.1,166.0,4.0,0.6,1,reality,1,US,1
tm370440,Paradox,MOVIE,2018,2010,Not Rated,73,0,,3.9,713.0,3.6,5.157,1,western,3,US,1
tm328052,Sparring,MOVIE,2017,2010,Not Rated,95,0,,6.4,627.0,5.8,4.202,1,drama,4,FR,1
tm359975,The Chase,MOVIE,2017,2010,Not Rated,110,0,,6.6,3020.0,6.8,8.707,1,thriller,3,KR,1
ts95274,Age of Tanks,SHOW,2017,2010,TV-PG,54,0,1.0,7.3,900.0,6.7,2.108,1,documentation,2,FR,1
tm348467,Invisible,MOVIE,2017,2010,Not Rated,87,0,,6.0,779.0,5.8,11.565,1,drama,1,AR,2
ts101883,Regiment Diaries,SHOW,2018,2010,TV-PG,42,0,2.0,8.6,84.0,,1.111,1,documentation,1,,0
tm326270,Tiffany Haddish: She Ready! From the Hood to Hollywood!,MOVIE,2017,2010,Not Rated,65,0,,6.7,536.0,7.4,2.545,1,comedy,2,US,1
tm429567,Party Monster: Scratching the Surface,MOVIE,2018,2010,PG-13,33,0,,,,6.9,1.35,1,comedy,1,US,1
tm413129,Goyo: The Boy General,MOVIE,2018,2010,Not Rated,155,0,,6.7,799.0,7.0,3.961,1,action,3,PH,1
tm444821,5 Star Christmas,MOVIE,2018,2010,Not Rated,92,0,,4.5,775.0,4.2,8.805,1,comedy,2,IT,1
tm443537,Ani... Dr. Kashinath Ghanekar,MOVIE,2018,2010,Not Rated,159,0,,8.4,1087.0,,1.398,1,drama,1,IN,1
tm435487,Suzzanna: Buried Alive,MOVIE,2018,2010,Not Rated,125,0,,5.5,914.0,5.7,6.96,1,drama,4,ID,1
tm422715,Stree,MOVIE,2018,2010,Not Rated,128,0,,7.5,33455.0,7.0,6.009,1,horror,2,IN,1
tm558730,A Champion Heart,MOVIE,2018,2010,G,90,0,,5.9,406.0,8.2,3.756,1,family,1,US,1
tm283322,Burning Sands,MOVIE,2017,2010,Not Rated,105,0,,6.0,2854.0,5.8,9.374,1,drama,3,US,1
tm356666,Judah Friedlander: America Is the Greatest Country in the United States,MOVIE,2017,2010,R,84,0,,7.8,1447.0,7.4,2.281,1,comedy,2,US,1
tm285329,Take the 10,MOVIE,2017,2010,Not Rated,80,0,,4.7,3159.0,5.2,8.599,1,comedy,1,US,1
tm422359,Aurora,MOVIE,2018,2010,Not Rated,110,0,,4.3,608.0,4.9,2.304,1,horror,2,PH,1
tm357708,The Bros,MOVIE,2017,2010,Not Rated,102,0,,6.1,664.0,6.5,4.403,1,comedy,2,KR,1
tm311902,Jim Norton: Mouthful of Shame,MOVIE,2017,2010,Not Rated,61,0,,7.0,1328.0,6.9,2.513,1,comedy,1,US,1
tm244310,Merku Thodarchi Malai,MOVIE,2018,2010,Not Rated,122,0,,8.6,1818.0,7.4,2.158,1,drama,1,IN,1
tm247631,Clair Obscur,MOVIE,2017,2010,Not Rated,100,0,,6.5,2468.0,6.0,2.392,1,drama,2,TR,1
ts81485,Ponysitters Club,SHOW,2018,2010,TV-Y,23,0,2.0,5.6,117.0,8.5,1.96,1,family,1,US,1
tm366025,Blanche Gardin: I Talk to Myself,MOVIE,2017,2010,Not Rated,88,0,,7.9,136.0,7.8,4.527,1,comedy,2,FR,1
tm428597,Being Napoleon,MOVIE,2018,2010,Not Rated,88,0,,5.5,125.0,6.0,2.028,1,documentation,1,US,1
tm352033,The Milk System,MOVIE,2018,2010,Not Rated,90,0,,7.0,532.0,6.6,1.613,1,documentation,2,DE,2
tm323602,The Price of Success,MOVIE,2017,2010,Not Rated,92,0,,5.7,367.0,5.9,4.427,1,drama,3,FR,1
tm416121,Kuntilanak,MOVIE,2018,2010,Not Rated,105,0,,4.6,672.0,6.2,5.319,1,horror,3,ID,1
tm430281,Dhh,MOVIE,2018,2010,R,126,0,,7.8,346.0,9.0,1.533,1,drama,2,IN,1
ts80692,REA(L)OVE,SHOW,2018,2010,TV-MA,42,0,1.0,6.5,220.0,6.2,1.091,1,reality,1,JP,1
tm371622,Malena Pichot: Estupidez compleja,MOVIE,2018,2010,Not Rated,50,0,,5.7,361.0,5.3,2.657,1,comedy,1,AR,1
tm428483,The Girl Allergic to Wi-Fi,MOVIE,2018,2010,Not Rated,104,0,,6.2,308.0,6.9,3.016,1,comedy,2,PH,1
tm456983,Mauli,MOVIE,2018,2010,Not Rated,134,0,,5.5,365.0,5.0,1.025,1,action,2,IN,1
ts82323,On Children,SHOW,2018,2010,Not Rated,98,0,1.0,7.2,388.0,7.8,2.087,1,drama,3,TW,1
tm410298,Samouni Road,MOVIE,2018,2010,Not Rated,129,0,,6.7,180.0,7.2,1.4,1,animation,3,IT,2
tm464947,Chief Daddy,MOVIE,2018,2010,Not Rated,98,0,,4.7,283.0,5.6,2.724,1,drama,2,NG,1
tm319310,CIA: Comrade In America,MOVIE,2017,2010,Not Rated,134,0,,6.4,3088.0,6.0,2.548,1,action,3,IN,1
ts85660,The Sound of Your Heart: Reboot,SHOW,2018,2010,Not Rated,34,0,2.0,5.9,136.0,6.4,3.961,1,comedy,1,KR,1
tm424898,Bayonet,MOVIE,2018,2010,Not Rated,101,0,,5.7,554.0,6.0,3.733,1,drama,1,MX,2
tm351201,In the Family,MOVIE,2017,2010,PG-13,124,0,,7.7,23542.0,6.784,6.241,1,comedy,1,TR,1
tm429377,Bert Kreischer: Secret Time,MOVIE,2018,2010,Not Rated,57,0,,7.3,2330.0,7.3,2.786,1,comedy,2,US,1
tm299771,Gad Gone Wild,MOVIE,2017,2010,Not Rated,57,0,,6.9,408.0,6.8,5.985,1,comedy,2,FR,1
tm324806,Counterpunch,MOVIE,2017,2010,Not Rated,91,0,,6.7,918.0,6.7,11.366,1,documentation,2,US,1
tm436171,El Potro: lo mejor del amor,MOVIE,2018,2010,Not Rated,122,0,,5.2,723.0,4.8,3.6,1,drama,2,AR,1
tm431928,Rajma Chawal,MOVIE,2018,2010,Not Rated,129,0,,5.7,1853.0,6.5,3.305,1,drama,3,IN,1
ts82705,Cupcake & Dino - General Services,SHOW,2018,2010,TV-Y7,18,0,2.0,7.5,694.0,8.8,4.925,1,animation,4,CA,2
tm363088,Russell Howard: Recalibrate,MOVIE,2017,2010,Not Rated,69,0,,7.4,1621.0,7.9,3.065,1,comedy,1,GB,1
tm1068348,Deranged,MOVIE,2017,2010,Not Rated,99,0,,3.2,14.0,,0.936,1,thriller,1,,0
tm375091,Marlon Wayans: Woke-ish,MOVIE,2018,2010,Not Rated,68,0,,6.5,1407.0,6.3,5.519,1,comedy,2,US,1
tm324204,Monster Island,MOVIE,2017,2010,PG,80,0,,4.7,739.0,5.6,9.182,1,comedy,5,IN,2
ts84200,Best.Worst.Weekend.Ever.,SHOW,2018,2010,TV-PG,24,0,1.0,6.3,301.0,8.0,3.665,1,comedy,2,US,1
tm370430,Liberated: The New Sexual Revolution,MOVIE,2017,2010,Not Rated,84,0,,6.0,1502.0,6.6,4.198,1,documentation,1,US,2
tm443034,Your Son,MOVIE,2018,2010,Not Rated,103,0,,6.1,4796.0,5.7,10.487,1,drama,5,ES,1
tm348281,Kingdom of Us,MOVIE,2017,2010,Not Rated,109,0,,6.9,904.0,7.2,2.832,1,documentation,2,GB,1
ts85618,Prince of Peoria,SHOW,2018,2010,TV-Y7,26,0,2.0,5.7,481.0,7.0,9.166,1,comedy,2,US,1
tm445153,Njan Prakashan,MOVIE,2018,2010,G,125,0,,7.6,4405.0,6.8,2.145,1,comedy,2,IN,1
tm407730,Target,MOVIE,2018,2010,Not Rated,93,0,,4.0,509.0,4.1,1.938,1,horror,3,ID,1
tm320249,Maria Bamford: Old Baby,MOVIE,2017,2010,Not Rated,64,0,,6.1,945.0,5.3,2.146,1,comedy,2,US,1
tm374226,Gad Elmaleh: American Dream,MOVIE,2018,2010,Not Rated,57,0,,7.2,1047.0,6.8,5.923,1,comedy,1,US,1
tm319477,Rodney King,MOVIE,2017,2010,Not Rated,52,0,,5.8,606.0,5.2,3.055,1,drama,5,US,1
ts84179,Made in Mexico,SHOW,2018,2010,Not Rated,50,0,1.0,3.9,759.0,7.5,3.541,1,reality,1,US,1
tm518107,Alter Ego,MOVIE,2017,2010,Not Rated,111,0,,5.7,58.0,,0.6,1,drama,1,NG,1
tm245383,Te Ata,MOVIE,2017,2010,PG,105,0,,7.4,736.0,7.3,4.665,1,drama,2,US,1
tm350971,The Last Hour,MOVIE,2017,2010,Not Rated,118,0,,6.3,522.0,6.8,3.163,1,crime,4,PE,1
tm443283,Loudon Wainwright III: Surviving Twin,MOVIE,2018,2010,Not Rated,91,0,,7.1,95.0,8.0,1.294,1,music,2,US,1
tm279017,"Michael Bolton's Big, Sexy Valentine's Day Special",MOVIE,2017,2010,Not Rated,54,0,,6.8,2126.0,6.4,4.616,1,comedy,3,US,1
tm349656,A Sort of Family,MOVIE,2017,2010,Not Rated,95,0,,6.3,701.0,6.4,3.64,1,thriller,4,BR,6
tm512751,In Line,MOVIE,2017,2010,Not Rated,115,0,,6.1,34.0,,0.925,1,drama,1,NG,1
tm353875,All the Reasons to Forget,MOVIE,2017,2010,Not Rated,90,0,,6.2,526.0,7.3,3.5,1,romance,3,BR,1
tm327219,Buddy Thunderstruck: The Maybe Pile,MOVIE,2017,2010,Not Rated,13,0,,,,7.5,1.926,1,comedy,1,US,1
tm315865,Laerte-se,MOVIE,2017,2010,Not Rated,100,0,,7.0,694.0,7.2,3.27,1,documentation,1,BR,1
ts106612,Chicken Soup for the Soul's Being Dad,SHOW,2018,2010,TV-PG,40,0,1.0,,,,,0,reality,1,,0
tm369433,Awe!,MOVIE,2018,2010,Not Rated,115,0,,7.7,5054.0,7.0,1.739,1,romance,6,IN,1
tm435144,Notes from Dunblane: Lessons from a School Shooting,MOVIE,2018,2010,Not Rated,23,0,,,,6.1,3.23,1,documentation,1,US,1
tm437159,ReMastered: Who Shot the Sheriff,MOVIE,2018,2010,Not Rated,57,0,,6.9,1430.0,6.9,2.782,1,documentation,4,US,1
tm414595,Period. End of Sentence.,MOVIE,2018,2010,Not Rated,26,0,,,,8.0,6.812,1,documentation,1,US,1
tm459527,Good Game: The Beginning,MOVIE,2018,2010,PG-13,104,0,,4.4,1841.0,2.4,2.629,1,comedy,3,TR,1
tm444564,Tattoo of Revenge,MOVIE,2018,2010,R,150,0,,4.9,117.0,5.0,2.844,1,comedy,3,MX,1
tm446574,Love Jacked,MOVIE,2018,2010,PG-13,100,0,,5.8,2215.0,6.1,6.833,1,comedy,2,ZA,3
tm356684,Animas,MOVIE,2018,2010,Not Rated,83,0,,,,4.9,9.733,1,thriller,5,ES,2
tm858471,The Bridge,MOVIE,2017,2010,Not Rated,115,0,,5.6,38.0,,0.6,1,drama,2,CA,1
tm430090,The Last Runaway,MOVIE,2018,2010,Not Rated,107,0,,5.9,727.0,7.1,19.794,1,crime,3,PY,1
tm351181,Turkish Dance School,MOVIE,2017,2010,PG-13,106,0,,5.6,2202.0,5.5,4.629,1,comedy,2,TR,1
tm504329,Bigger Than Africa,MOVIE,2018,2010,Not Rated,87,0,,7.0,31.0,,1.156,1,documentation,1,US,2
tm431081,Lionheart,MOVIE,2018,2010,Not Rated,95,0,,5.6,1458.0,6.0,2.971,1,drama,2,NG,1
tm446987,Russell Brand: Re:Birth,MOVIE,2018,2010,Not Rated,63,0,,6.5,1221.0,6.6,1.242,1,comedy,1,GB,1
tm375547,El club de los buenos infieles,MOVIE,2018,2010,Not Rated,90,0,,5.5,664.0,5.1,3.669,1,comedy,2,ES,1
tm348175,Jeff Dunham: Relative Disaster,MOVIE,2017,2010,Not Rated,70,0,,6.4,1274.0,6.7,3.065,1,comedy,1,IE,1
tm351720,The Most Assassinated Woman in the World,MOVIE,2018,2010,Not Rated,102,0,,5.3,1092.0,5.2,4.162,1,thriller,3,US,3
tm492277,Semesta,MOVIE,2018,2010,Not Rated,88,0,,7.3,111.0,8.0,1.759,1,documentation,1,ID,1
tm461349,Stars in the Sky: A Hunting Story,MOVIE,2018,2010,Not Rated,69,0,,7.2,343.0,5.5,1.837,1,documentation,1,US,1
tm425748,Cook Off,MOVIE,2017,2010,PG,116,0,,6.0,354.0,6.1,1.537,1,romance,2,ZW,1
tm411257,Kevin James: Never Don't Give Up,MOVIE,2018,2010,PG,62,0,,6.2,1468.0,6.3,3.783,1,comedy,1,US,1
tm403197,Heaven Without People,MOVIE,2017,2010,Not Rated,91,0,,7.6,1253.0,7.0,1.401,1,drama,1,LB,1
tm368729,My Birthday Song,MOVIE,2018,2010,Not Rated,95,0,,5.6,282.0,5.5,0.712,1,thriller,1,IN,1
tm138667,Taramani,MOVIE,2017,2010,Not Rated,150,0,,7.5,1639.0,6.6,2.616,1,drama,2,IN,1
tm314272,Love.com,MOVIE,2017,2010,Not Rated,92,0,,5.8,757.0,6.8,5.452,1,romance,2,BR,1
tm436266,Born Racer,MOVIE,2018,2010,R,88,0,,6.1,262.0,7.7,1.917,1,action,3,NZ,1
tm447750,Aggretsuko: We Wish You A Metal Christmas,MOVIE,2018,2010,Not Rated,22,0,,,,7.5,3.852,1,animation,2,JP,1
tm432313,Manu,MOVIE,2018,2010,Not Rated,182,0,,7.6,1081.0,7.0,1.4,1,thriller,2,IN,1
tm433215,Exes Baggage,MOVIE,2018,2010,Not Rated,104,0,,6.4,269.0,8.2,2.271,1,drama,2,PH,1
tm408781,Teefa in Trouble,MOVIE,2018,2010,PG-13,155,0,,7.0,3659.0,7.6,3.176,1,drama,5,PK,1
tm429186,Up Among the Stars,MOVIE,2018,2010,Not Rated,86,0,,6.2,498.0,5.6,4.367,1,drama,2,ES,1
tm459024,Food on the Go,MOVIE,2017,2010,Not Rated,66,0,,6.3,215.0,6.0,1.568,1,documentation,2,IT,2
tm411288,Nigerian Prince,MOVIE,2018,2010,Not Rated,104,0,,5.7,397.0,5.4,2.91,1,thriller,3,NG,2
ts85515,Bangkok Love Stories 2: Innocence,SHOW,2018,2010,Not Rated,44,0,1.0,6.6,202.0,8.2,3.473,1,drama,2,TH,1
ts82500,Treehouse Detectives,SHOW,2018,2010,TV-Y7,24,0,3.0,7.6,92.0,8.5,1.382,1,animation,1,,0
tm481188,Isoken,MOVIE,2017,2010,Not Rated,100,0,,6.4,322.0,4.7,2.263,1,romance,3,NG,1
tm851055,God Calling,MOVIE,2018,2010,Not Rated,120,0,,,,9.0,1.81,1,drama,1,,0
ts83820,The Judgement,SHOW,2018,2010,Not Rated,48,0,1.0,7.1,97.0,7.7,1.429,1,drama,2,TH,1
tm313472,The Lost Brother,MOVIE,2017,2010,R,112,0,,6.5,1710.0,6.9,4.703,1,thriller,4,AR,1
tm430057,Weapon of Choice,MOVIE,2018,2010,Not Rated,90,0,,4.8,162.0,5.2,1.283,1,documentation,2,AT,3
tm316744,Lucas Brothers: On Drugs,MOVIE,2017,2010,Not Rated,49,0,,5.7,837.0,5.2,2.445,1,comedy,1,US,1
tm361312,A StoryBots Christmas,MOVIE,2017,2010,Not Rated,25,0,,5.8,160.0,6.2,3.828,1,animation,4,US,1
ts84372,YG Future Strategy Office,SHOW,2018,2010,TV-MA,26,0,1.0,6.7,209.0,7.1,2.519,1,comedy,1,KR,1
tm407349,The Birth Reborn 2,MOVIE,2018,2010,PG,91,0,,6.6,5.0,5.8,1.4,1,documentation,1,BR,1
tm327951,The Doll 2,MOVIE,2017,2010,Not Rated,116,0,,5.1,550.0,5.6,5.769,1,horror,2,ID,1
tm447261,Free Rein: The Twelve Neighs of Christmas,MOVIE,2018,2010,Not Rated,58,0,,6.6,5637.0,6.9,10.23,1,drama,3,US,1
tm321149,Fishtronaut: The Movie,MOVIE,2018,2010,G,88,0,,7.5,73.0,8.0,6.934,1,animation,3,BR,1
tm684591,Freej Al Taibeen,MOVIE,2018,2010,PG-13,100,0,,5.8,9.0,2.0,0.644,1,comedy,2,AE,1
tm360618,The Trader,MOVIE,2018,2010,Not Rated,23,0,,,,6.7,7.621,1,documentation,1,GE,1
tm197806,For Here or to Go?,MOVIE,2017,2010,Not Rated,105,0,,6.7,628.0,7.0,1.398,1,comedy,2,US,1
tm404449,Ayotzinapa: The Turtle's Pace,MOVIE,2018,2010,Not Rated,80,0,,7.4,206.0,6.6,1.302,1,documentation,1,MX,1
tm352865,Rodney Carrington: Here Comes the Truth,MOVIE,2017,2010,Not Rated,66,0,,4.5,164.0,5.1,1.615,1,comedy,2,XX,1
tm412515,Coffee for All,MOVIE,2017,2010,Not Rated,69,0,,5.6,398.0,5.8,1.902,1,documentation,2,AR,2
tm415938,No One Will Ever Know,MOVIE,2018,2010,Not Rated,102,0,,6.2,135.0,5.7,1.751,1,drama,1,MX,1
tm364417,Fanatyk,MOVIE,2017,2010,Not Rated,33,0,,,,6.7,2.157,1,drama,2,PL,1
tm344562,Listen,MOVIE,2017,2010,Not Rated,109,0,,6.6,230.0,8.0,0.6,1,drama,2,LB,1
tm317274,Can't Help Falling in Love,MOVIE,2017,2010,Not Rated,119,0,,6.9,902.0,7.6,2.812,1,romance,3,PH,1
tm444257,Genius,MOVIE,2018,2010,Not Rated,98,0,,,,6.5,2.014,1,,0,IN,1
tm1073482,Motu Patlu Kung Fu Kings 4 The Challenge of Kung Fu Brothers,MOVIE,2018,2010,G,86,0,,,,10.0,1.133,1,,0,,0
tm348845,Marc Maron: Too Real,MOVIE,2017,2010,Not Rated,70,0,,7.2,1943.0,6.8,2.996,1,comedy,1,US,1
tm361588,Mission Kathmandu: The Adventures of Nelly & Simon,MOVIE,2017,2010,Not Rated,84,0,,5.1,456.0,5.6,6.488,1,animation,2,CA,1
tm434676,Joe Rogan: Strange Times,MOVIE,2018,2010,Not Rated,63,0,,7.3,4357.0,7.1,2.777,1,comedy,1,US,1
tm346867,Lynne Koplitz: Hormonal Beast,MOVIE,2017,2010,Not Rated,51,0,,6.3,431.0,5.6,2.105,1,comedy,1,US,1
ts84341,What She Put on the Table,SHOW,2017,2010,TV-14,85,0,1.0,7.3,30.0,1.0,2.319,1,drama,1,TW,1
tm319127,Vir Das: Abroad Understanding,MOVIE,2017,2010,Not Rated,65,0,,6.9,1710.0,6.9,2.464,1,comedy,1,IN,2
ts83663,A Taiwanese Tale of Two Cities,SHOW,2018,2010,Not Rated,69,0,2.0,6.1,159.0,8.0,1.4,1,drama,1,TW,1
ts231159,Learning Songs by Little Baby Bum: Nursery Rhyme Friends,SHOW,2017,2010,TV-Y,30,0,1.0,4.2,9.0,,0.899,1,animation,3,,0
tm349140,Joaquín Reyes: Una y no más,MOVIE,2017,2010,Not Rated,77,0,,,,6.0,0.927,1,comedy,1,,0
tm416458,The Insomnia Club,MOVIE,2018,2010,PG-13,84,0,,6.2,501.0,6.3,2.128,1,comedy,2,MX,1
tm409376,Pickpockets,MOVIE,2018,2010,Not Rated,100,0,,5.4,1192.0,5.1,9.362,1,crime,3,CO,1
ts81857,Club de Cuervos Presents: The Ballad of Hugo Sánchez,SHOW,2018,2010,TV-MA,33,0,1.0,6.5,824.0,7.8,5.086,1,comedy,2,MX,1
tm430660,Munafik 2,MOVIE,2018,2010,Not Rated,104,0,,5.5,1685.0,5.7,3.906,1,horror,1,MY,1
tm447263,Super Monsters and the Wish Star,MOVIE,2018,2010,Not Rated,27,0,,,,5.2,2.203,1,comedy,4,US,1
ts272185,Running Man,SHOW,2017,2010,Not Rated,11,0,1.0,8.5,36.0,,0.6,1,comedy,2,KR,1
tm421161,W. Kamau Bell: Private School Negro,MOVIE,2018,2010,Not Rated,65,0,,6.4,789.0,6.3,1.353,1,comedy,1,US,1
tm347060,Poster Boys,MOVIE,2017,2010,PG-13,128,0,,5.4,1553.0,5.4,3.588,1,comedy,1,IN,1
tm478147,The Lost Café,MOVIE,2018,2010,Not Rated,76,0,,7.0,28.0,5.0,1.4,1,drama,2,NG,2
ts82564,Jimmy: The True Story of a True Idiot,SHOW,2018,2010,TV-MA,46,0,1.0,6.8,78.0,5.0,1.342,1,drama,2,JP,1
tm374656,Zion,MOVIE,2018,2010,Not Rated,10,0,,,,6.5,6.126,1,documentation,2,US,1
tm430059,The Hows of Us,MOVIE,2018,2010,Not Rated,117,0,,6.7,2708.0,6.7,3.409,1,drama,3,PH,1
tm434179,Two Catalonias,MOVIE,2018,2010,Not Rated,116,0,,6.4,677.0,6.6,5.288,1,documentation,3,ES,1
tm443073,"Out of Many, One",MOVIE,2018,2010,Not Rated,35,0,,,,5.8,1.833,1,documentation,1,US,1
tm445258,Marriage Palace,MOVIE,2018,2010,Not Rated,102,0,,6.2,184.0,7.0,0.84,1,comedy,1,XX,1
ts81632,A House of Blocks,SHOW,2017,2010,TV-MA,85,0,1.0,2.3,137.0,8.3,1.772,1,drama,2,TW,1
tm346334,Out of Thin Air,MOVIE,2017,2010,Not Rated,85,0,,6.3,2304.0,6.1,3.187,1,crime,2,IS,2
ts113031,Droppin' Cash: Los Angeles,SHOW,2018,2010,TV-MA,23,0,2.0,3.4,117.0,5.5,1.274,1,reality,1,,0
tm294696,Bygones Be Bygones,MOVIE,2017,2010,PG-13,103,0,,6.2,4054.0,5.4,1.827,1,comedy,1,TR,1
ts236619,Loo Loo Kids Johny & Friends Musical Adventure,SHOW,2018,2010,TV-Y,3,0,1.0,,,10.0,0.917,1,,0,US,1
tm332500,Finally Found Someone,MOVIE,2017,2010,Not Rated,118,0,,5.7,233.0,6.2,4.359,1,comedy,2,PH,1
tm325610,Chris D'Elia: Man on Fire,MOVIE,2017,2010,Not Rated,65,0,,6.5,1729.0,6.2,3.004,1,comedy,2,US,1
ts83025,Baby Ballroom,SHOW,2017,2010,Not Rated,45,0,2.0,7.7,206.0,8.0,1.28,1,documentation,1,,0
tm351505,The Reservoir Game,MOVIE,2017,2010,Not Rated,100,0,,6.0,35.0,8.8,1.569,1,documentation,1,KR,1
tm423315,Pacíficum,MOVIE,2017,2010,Not Rated,74,0,,6.5,128.0,5.5,1.119,1,documentation,1,PE,1
tm423593,Aruna & Her Palate,MOVIE,2018,2010,Not Rated,106,0,,7.2,770.0,6.6,2.302,1,drama,2,ID,1
tm434126,Rafinha Bastos: Ultimatum,MOVIE,2018,2010,Not Rated,62,0,,6.5,219.0,6.8,2.044,1,comedy,1,BR,1
ts87591,Justice: Qalb Al Adala,SHOW,2017,2010,TV-14,42,0,1.0,5.4,160.0,7.2,0.6,1,drama,2,US,1
tm332572,Meghnadbodh Rohoshyo,MOVIE,2017,2010,Not Rated,122,0,,6.3,510.0,5.4,1.923,1,thriller,1,IN,1
tm411508,Mahi NRI,MOVIE,2017,2010,Not Rated,132,0,,6.0,84.0,2.0,1.21,1,drama,2,IN,1
tm439678,Solo el amor,MOVIE,2018,2010,Not Rated,93,0,,4.8,71.0,5.3,5.549,1,drama,4,AR,1
tm311193,Seeking a Man,MOVIE,2017,2010,Not Rated,100,0,,6.3,631.0,6.4,1.676,1,romance,3,EG,1
tm430426,El Diesel,MOVIE,2018,2010,Not Rated,105,0,,4.5,455.0,6.1,2.001,1,crime,3,EG,1
tm418894,Franco Escamilla: Por La Anécdota,MOVIE,2018,2010,Not Rated,66,0,,6.9,320.0,9.0,14.563,1,comedy,1,MX,1
ts58061,Memories of Love,SHOW,2018,2010,TV-PG,44,0,1.0,5.7,17.0,2.7,5.027,1,drama,2,CN,1
ts75320,A Boy Named Flora A,SHOW,2017,2010,TV-MA,89,0,2.0,7.9,323.0,7.0,1.699,1,drama,2,TW,1
ts119220,The Hollywood Masters,SHOW,2017,2010,TV-MA,34,0,3.0,7.2,87.0,,0.6,1,documentation,1,US,1
tm446104,Fantastica,MOVIE,2018,2010,G,114,0,,3.6,212.0,6.1,1.882,1,comedy,2,PH,1
tm352951,Smaller and Smaller Circles,MOVIE,2017,2010,Not Rated,111,0,,6.7,239.0,6.2,1.444,1,crime,2,PH,1
tm354136,"El Especial de Alex Fernández, el Especial",MOVIE,2017,2010,Not Rated,52,0,,6.7,74.0,6.7,0.954,1,comedy,1,MX,1
tm447514,Vir Das: Losing It,MOVIE,2018,2010,PG-13,67,0,,7.0,1254.0,7.6,2.349,1,comedy,1,US,1
tm374395,Vanjagar Ulagam,MOVIE,2018,2010,PG-13,161,0,,6.1,258.0,4.8,1.4,1,thriller,4,IN,1
tm376844,Penalty Kick,MOVIE,2018,2010,PG-13,89,0,,3.7,283.0,5.3,5.405,1,comedy,1,MX,2
tm426238,Pulang,MOVIE,2018,2010,Not Rated,120,0,,6.7,594.0,5.9,2.151,1,romance,3,MY,1
tm346390,Brad Paisley's Comedy Rodeo,MOVIE,2017,2010,Not Rated,63,0,,5.7,155.0,6.5,1.4,1,comedy,1,US,1
ts104093,Dance & Sing With True,SHOW,2018,2010,Not Rated,2,0,1.0,6.4,6.0,10.0,0.84,1,family,2,CA,1
ts82887,The Could've-Gone-All-the-Way Committee,SHOW,2018,2010,TV-14,24,0,1.0,6.8,104.0,6.5,1.875,1,comedy,2,JP,1
tm369315,Garbage,MOVIE,2018,2010,Not Rated,105,0,,3.7,1016.0,4.2,1.112,1,thriller,2,IN,1
tm320756,Tracy Morgan: Staying Alive,MOVIE,2017,2010,Not Rated,60,0,,6.3,1206.0,6.4,2.077,1,comedy,1,XX,1
ts83407,Follow This,SHOW,2018,2010,TV-MA,18,0,3.0,4.9,711.0,6.0,0.902,1,documentation,1,US,1
tm345225,Gurgaon,MOVIE,2017,2010,Not Rated,107,0,,6.5,2216.0,5.0,2.95,1,crime,2,IN,1
tm408257,Todo lo que sería Lucas Lauriente,MOVIE,2018,2010,Not Rated,74,0,,6.7,110.0,7.5,0.739,1,comedy,1,AR,2
tm371188,#FriendButMarried,MOVIE,2018,2010,Not Rated,102,0,,6.8,714.0,6.7,1.257,1,romance,3,ID,1
tm429174,Gun City,MOVIE,2018,2010,Not Rated,127,0,,6.3,3895.0,6.4,6.61,1,thriller,5,ES,2
tm362047,Todd Barry: Spicy Honey,MOVIE,2017,2010,Not Rated,60,0,,6.8,855.0,7.3,2.682,1,comedy,1,US,1
tm351171,My Travel Buddy,MOVIE,2017,2010,PG-13,115,0,,6.1,6747.0,5.7,6.46,1,comedy,1,TR,1
tm434776,Mo Amer: The Vagabond,MOVIE,2018,2010,Not Rated,56,0,,7.3,838.0,5.7,2.374,1,comedy,2,US,1
tm444576,Puppy Star Christmas,MOVIE,2018,2010,PG,90,0,,3.6,249.0,5.7,4.446,1,family,2,US,1
tm814861,Noblemen,MOVIE,2018,2010,Not Rated,108,0,,5.6,300.0,6.0,1.706,1,drama,1,IN,1
tm431214,Back to Q82,MOVIE,2017,2010,Not Rated,105,0,,6.1,104.0,,1.144,1,scifi,3,KW,1
tm363181,Ladies First,MOVIE,2017,2010,G,39,0,,3.9,25.0,7.5,5.889,1,documentation,3,IN,1
ts86360,Pretty Man,SHOW,2018,2010,TV-14,35,0,2.0,,,8.5,3.328,1,family,1,CN,1
tm466084,Voulez-vous rire avec moi ce soir?,MOVIE,2018,2010,Not Rated,93,0,,6.8,43.0,9.3,0.973,1,documentation,2,FR,1
tm413082,Recovery Boys,MOVIE,2018,2010,Not Rated,90,0,,6.7,720.0,6.6,5.645,1,documentation,1,US,1
tm449860,King of Boys,MOVIE,2018,2010,Not Rated,169,0,,5.8,423.0,6.6,4.754,1,drama,2,NG,1
tm463592,Little Miss Sumo,MOVIE,2018,2010,Not Rated,18,0,,,,5.8,27.973,1,documentation,1,JP,2
tm431169,Late Life: The Chien-Ming Wang Story,MOVIE,2018,2010,Not Rated,97,0,,7.1,474.0,6.3,2.624,1,documentation,2,TW,2
tm835357,A 3 Minute Hug,MOVIE,2018,2010,Not Rated,28,0,,,,6.4,3.15,1,documentation,1,MX,1
tm428982,Son Of Adam,MOVIE,2018,2010,Not Rated,109,0,,,,6.0,1.4,1,drama,2,EG,1
tm476959,What Did I Mess,MOVIE,2018,2010,PG-13,100,0,,7.1,701.0,6.0,0.749,1,comedy,2,LB,1
tm458074,"Edmilson Filho: Notas, Comedy about Relationships",MOVIE,2018,2010,Not Rated,79,0,,4.9,22.0,5.0,1.157,1,comedy,1,BR,1
tm353791,Seven Sundays,MOVIE,2017,2010,Not Rated,128,0,,7.6,467.0,8.6,3.214,1,drama,2,PH,1
tm246330,Pandigai,MOVIE,2017,2010,R,150,0,,6.3,285.0,6.5,1.211,1,romance,3,IN,1
tm426994,Brij Mohan Amar Rahe!,MOVIE,2018,2010,Not Rated,100,0,,6.9,3783.0,5.3,1.703,1,comedy,3,IN,1
tm364769,Pahuna: The Little Visitors,MOVIE,2017,2010,Not Rated,138,0,,7.5,403.0,8.1,2.346,1,drama,1,NP,2
tm442354,Adhugo,MOVIE,2018,2010,Not Rated,110,0,,5.9,68.0,7.0,0.925,1,drama,1,IN,1
tm423802,Luciano Mellera: Infantiloide,MOVIE,2018,2010,PG-13,66,0,,7.5,1517.0,7.4,2.501,1,comedy,3,AR,1
tm426367,Coco y Raulito: Carrusel de ternura,MOVIE,2018,2010,PG-13,56,0,,6.6,40.0,7.0,0.976,1,comedy,1,MX,1
tm312738,Jindua,MOVIE,2017,2010,Not Rated,140,0,,6.3,283.0,9.3,1.094,1,romance,2,IN,1
tm358746,A Witches' Ball,MOVIE,2017,2010,PG,90,0,,5.1,386.0,6.7,5.151,1,fantasy,3,CA,1
tm416341,HiGH&LOW The Movie 3: Final Mission,MOVIE,2017,2010,Not Rated,118,0,,7.1,656.0,6.4,5.265,1,drama,2,JP,1
tm368448,Eve's Apple,MOVIE,2017,2010,Not Rated,90,0,,5.8,87.0,6.5,1.65,1,documentation,2,ES,1
tm420311,Ana e Vitória,MOVIE,2018,2010,Not Rated,115,0,,6.4,610.0,7.2,6.488,1,romance,3,BR,1
tm316658,Frat Star,MOVIE,2017,2010,Not Rated,85,0,,3.6,677.0,4.9,4.049,1,drama,2,US,1
tm325650,King of Peking,MOVIE,2017,2010,Not Rated,88,0,,6.4,368.0,6.2,1.549,1,drama,2,AU,3
tm424162,Secrets in the Hot Spring,MOVIE,2018,2010,Not Rated,109,0,,6.0,774.0,6.6,4.289,1,horror,2,TW,1
tm368350,Jonaki,MOVIE,2018,2010,Not Rated,96,0,,6.8,255.0,6.2,0.905,1,fantasy,3,FR,3
tm438105,Into the Wind,MOVIE,2018,2010,Not Rated,76,0,,4.1,49.0,4.5,1.278,1,drama,2,CZ,1
tm373864,Agustín Aristarán: Soy Rada,MOVIE,2018,2010,Not Rated,60,0,,6.2,126.0,5.5,0.745,1,comedy,1,AR,1
tm323300,Joshua: Teenager vs. Superpower,MOVIE,2017,2010,Not Rated,78,0,,7.3,1554.0,7.2,3.08,1,documentation,1,US,1
tm422510,Al-Khawaga's Dilemma,MOVIE,2018,2010,Not Rated,110,0,,,,6.0,0.946,1,drama,1,EG,1
tm327619,Aditi Mittal: Things They Wouldn't Let Me Say,MOVIE,2017,2010,Not Rated,62,0,,4.3,333.0,4.6,1.858,1,comedy,1,IN,1
tm407881,Fary Is the New Black,MOVIE,2018,2010,Not Rated,74,0,,5.8,136.0,6.844,3.585,1,comedy,2,FR,1
tm440208,Hadithi za Kumekucha: Fatuma,MOVIE,2018,2010,Not Rated,85,0,,7.7,13.0,,1.4,1,drama,1,TZ,1
tm435333,DTC –Yukemuri Junjo Hen– from HiGH&LOW,MOVIE,2018,2010,Not Rated,102,0,,7.0,63.0,1.0,1.833,1,comedy,2,JP,1
tm367105,Alejandro Riaño: Especial de stand up,MOVIE,2018,2010,Not Rated,60,0,,4.9,69.0,5.0,1.47,1,comedy,1,CO,1
tm1118527,Shiva VS Autobots,MOVIE,2018,2010,Not Rated,79,0,,,,,0.626,0,,0,,0
tm307698,My Ex & Whys,MOVIE,2017,2010,Not Rated,120,0,,6.0,573.0,6.3,2.605,1,romance,2,PH,1
tm373134,Night of Knots,MOVIE,2018,2010,G,100,0,,5.4,1300.0,3.6,1.4,1,comedy,1,TR,1
tm352642,Bonboné,MOVIE,2018,2010,Not Rated,15,0,,,,1.0,0.899,1,comedy,2,LB,2
tm446558,Hedefim Sensin,MOVIE,2018,2010,Not Rated,105,0,,6.2,4459.0,5.6,2.292,1,comedy,1,TR,1
tm336227,Catching Feelings,MOVIE,2017,2010,Not Rated,115,0,,5.8,552.0,4.4,2.703,1,romance,3,ZA,1
tm242887,Sei,MOVIE,2018,2010,Not Rated,128,0,,4.2,67.0,4.3,1.09,1,drama,5,IN,1
tm413266,Pup Star: World Tour,MOVIE,2018,2010,G,87,0,,3.8,208.0,5.7,4.533,1,music,3,JP,3
tm1063790,A Man for The Weekend,MOVIE,2017,2010,Not Rated,94,0,,4.5,13.0,2.0,1.036,1,romance,2,CM,1
tm438423,For the Broken Hearted,MOVIE,2018,2010,Not Rated,92,0,,6.7,95.0,2.0,1.189,1,drama,1,PH,1
tm447328,ReMastered: Who Killed Jam Master Jay?,MOVIE,2018,2010,Not Rated,58,0,,6.5,786.0,6.5,1.705,1,music,2,US,1
tm1223999,Motu Patlu in Dragon World,MOVIE,2017,2010,Not Rated,78,0,,,,,,0,comedy,2,,0
tm376421,HiGH&LOW The Movie 2: End of Sky,MOVIE,2017,2010,Not Rated,124,0,,7.1,396.0,7.7,3.198,1,action,1,JP,1
tm411649,Thug Life,MOVIE,2017,2010,Not Rated,134,0,,5.7,48.0,,2.018,1,comedy,2,IN,1
tm364525,Beat Bugs: All Together Now,MOVIE,2017,2010,Not Rated,50,0,,,,5.5,2.312,1,animation,1,US,1
tm328041,Doob,MOVIE,2017,2010,Not Rated,102,0,,6.1,1898.0,5.7,2.191,1,drama,1,BD,2
tm445852,Three Words to Forever,MOVIE,2018,2010,Not Rated,106,0,,6.8,110.0,10.0,2.04,1,drama,4,XX,1
tm479734,Table Manners,MOVIE,2018,2010,Not Rated,105,0,,5.1,43.0,,0.972,1,comedy,2,CA,2
tm438005,First Love,MOVIE,2018,2010,Not Rated,122,0,,5.9,150.0,5.9,1.743,1,drama,2,PH,1
tm436704,Super Monsters Save Halloween,MOVIE,2018,2010,Not Rated,24,0,,5.4,27.0,7.3,2.752,1,animation,2,US,1
tm348191,Love You to the Stars and Back,MOVIE,2017,2010,Not Rated,111,0,,7.4,542.0,8.1,3.14,1,drama,3,PH,1
tm701033,Na stojáka v kině,MOVIE,2018,2010,Not Rated,90,0,,5.0,8.0,,0.615,1,comedy,1,CZ,1
tm1223783,Motu Patlu: Mission Moon,MOVIE,2018,2010,Not Rated,71,0,,,,,,0,animation,2,,0
tm469399,Music Teacher,MOVIE,2018,2010,Not Rated,101,0,,6.2,693.0,6.0,1.149,1,romance,3,IN,1
tm305227,Daniel Sosa: Sosafado,MOVIE,2017,2010,Not Rated,77,0,,5.4,102.0,6.3,0.724,1,comedy,1,MX,1
tm350116,B. A. Pass 2,MOVIE,2017,2010,Not Rated,136,0,,2.2,483.0,7.0,3.448,1,drama,1,IN,1
tm361161,DreamWorks Home: For the Holidays,MOVIE,2017,2010,PG-13,45,0,,4.8,149.0,5.2,5.629,1,scifi,5,GB,1
tm349418,The Royal Hibiscus Hotel,MOVIE,2018,2010,Not Rated,90,0,,5.4,290.0,4.4,2.636,1,comedy,2,NG,1
tm450512,Pinky Memsaab,MOVIE,2018,2010,Not Rated,124,0,,6.3,527.0,9.2,0.632,1,drama,2,PK,1
tm415245,Crossroads: One Two Jaga,MOVIE,2018,2010,Not Rated,80,0,,6.5,640.0,6.3,0.937,1,crime,2,MY,1
tm479933,Project Papa,MOVIE,2018,2010,G,97,0,,6.3,35.0,,1.433,1,drama,1,XX,1
tm345960,Alan Saldaña: mi vida de pobre,MOVIE,2017,2010,Not Rated,53,0,,6.3,71.0,6.5,0.961,1,comedy,1,MX,1
tm417488,Mama's Boy,MOVIE,2018,2010,Not Rated,104,0,,6.1,1020.0,6.1,2.255,1,comedy,1,EG,1
tm1073433,Shiva: The Secret World Of Vedas City,MOVIE,2017,2010,G,78,0,,,,,1.4,0,,0,,0
tm370781,Natalia Valdebenito: El especial,MOVIE,2018,2010,Not Rated,76,0,,5.0,84.0,7.3,1.031,1,comedy,1,CL,1
tm362878,Dilan 1990,MOVIE,2018,2010,Not Rated,109,0,,7.0,3332.0,7.5,4.878,1,drama,2,ID,1
tm358370,Love and Shukla,MOVIE,2017,2010,Not Rated,117,0,,7.3,960.0,8.2,1.695,1,romance,3,IN,1
tm369453,Mau Nieto: viviendo sobrio… desde el bar,MOVIE,2018,2010,Not Rated,57,0,,6.7,81.0,6.2,1.4,1,comedy,1,MX,1
tm815509,Mrs. Miracle Animals: An Squirrel's Princess Bride,MOVIE,2017,2010,Not Rated,28,0,,4.7,98.0,2.0,1.005,1,comedy,4,,0
tm358188,Alexis de Anda: Mea Culpa,MOVIE,2017,2010,Not Rated,54,0,,4.9,101.0,4.3,0.728,1,comedy,1,MX,1
tm442805,My Travel Buddy 2,MOVIE,2018,2010,PG-13,111,0,,5.8,3256.0,6.0,3.506,1,family,2,TR,1
tm307383,Ghost Hunting,MOVIE,2017,2010,Not Rated,94,0,,7.1,222.0,6.3,1.897,1,documentation,2,FR,4
tm478701,Lara and the Beat,MOVIE,2018,2010,Not Rated,137,0,,5.8,149.0,,1.796,1,drama,3,NG,1
tm414746,Carlos Ballarta: furia ñera,MOVIE,2018,2010,Not Rated,62,0,,7.2,213.0,7.2,4.29,1,comedy,1,MX,1
tm324753,Marco Luque - We are together,MOVIE,2017,2010,Not Rated,73,0,,4.3,77.0,5.2,2.509,1,comedy,1,BR,1
tm314138,Felipe Neto: My Life Makes No Sense,MOVIE,2017,2010,Not Rated,90,0,,4.4,247.0,6.6,1.533,1,comedy,2,BR,1
ts81828,True: Wonderful Wishes,SHOW,2018,2010,TV-Y,24,0,1.0,,,,1.96,0,animation,1,US,1
tm429383,Yoo Byung Jae: Discomfort Zone,MOVIE,2018,2010,Not Rated,54,0,,,,6.4,0.819,1,comedy,1,KR,1
ts55735,The Perfect Match,SHOW,2017,2010,TV-14,44,0,1.0,,,7.4,2.723,1,drama,2,TW,1
tm244473,Blessed Benefit,MOVIE,2017,2010,Not Rated,83,0,,6.6,671.0,6.3,2.286,1,drama,3,NL,3
tm478654,Salam - The First ****** Nobel Laureate,MOVIE,2018,2010,Not Rated,75,0,,7.8,418.0,7.3,1.672,1,documentation,1,US,1
ts80859,Here to Heart,SHOW,2018,2010,TV-14,45,0,1.0,7.5,225.0,8.2,3.082,1,drama,2,CN,1
tm460198,Catch.er,MOVIE,2017,2010,Not Rated,81,0,,4.5,30.0,6.0,1.4,1,crime,2,NG,1
tm369210,Ricardo Quevedo: Hay gente así,MOVIE,2018,2010,Not Rated,58,0,,6.3,105.0,7.0,1.258,1,comedy,1,CO,1
tm404569,Shubh Aarambh,MOVIE,2017,2010,Not Rated,126,0,,6.7,124.0,6.0,1.676,1,comedy,3,IN,1
tm321563,A Drowning Man,MOVIE,2017,2010,Not Rated,15,0,,,,5.6,1.039,1,drama,1,GB,3
tm367613,Mr. Chandramouli,MOVIE,2018,2010,Not Rated,122,0,,5.1,236.0,4.7,1.062,1,romance,3,IN,1
tm350945,Posesif,MOVIE,2017,2010,Not Rated,102,0,,7.4,920.0,7.8,4.901,1,drama,3,ID,1
tm478967,Until Midnight,MOVIE,2018,2010,R,78,0,,6.9,717.0,,1.253,1,thriller,2,AE,1
tm438250,"I, Potro",MOVIE,2018,2010,Not Rated,50,0,,6.2,498.0,5.9,4.494,1,comedy,2,MX,2
tm369456,Fakkah Fuzz: Almost Banned,MOVIE,2018,2010,Not Rated,60,0,,4.2,57.0,4.5,1.806,1,comedy,1,XX,1
tm368284,Arango y Sanint: Ríase el show,MOVIE,2018,2010,Not Rated,62,0,,4.0,42.0,4.0,1.218,1,comedy,1,CO,1
tm376709,Jani Dueñas: Grandes fracasos de ayer y hoy,MOVIE,2018,2010,Not Rated,77,0,,4.8,71.0,6.0,1.061,1,comedy,1,US,3
tm316923,Kartini: Princess of Java,MOVIE,2017,2010,Not Rated,118,0,,7.6,511.0,8.1,2.116,1,drama,4,ID,1
tm1073233,Motu Patlu in the City of Gold,MOVIE,2018,2010,G,77,0,,,,,2.089,0,,0,,0
tm375836,Adel Karam: Live from Beirut,MOVIE,2018,2010,R,59,0,,5.3,150.0,7.0,0.84,1,comedy,1,LB,1
tm480647,Ayana,MOVIE,2017,2010,Not Rated,128,0,,7.1,127.0,,0.6,1,drama,2,KG,1
tm450769,Nathicharami,MOVIE,2018,2010,Not Rated,116,0,,7.1,320.0,7.2,1.623,1,drama,1,IN,1
tm362737,Facing Mecca,MOVIE,2017,2010,Not Rated,25,0,,,,5.6,1.608,1,drama,1,CH,1
ts81827,True: Magical Friends,SHOW,2018,2010,TV-Y,24,0,1.0,,,10.0,0.675,1,animation,1,US,1
tm452767,Next Enti?,MOVIE,2018,2010,Not Rated,157,0,,4.5,163.0,3.8,1.344,1,comedy,3,XX,1
tm430666,Hantu Kak Limah,MOVIE,2018,2010,Not Rated,111,0,,5.6,678.0,6.9,2.125,1,horror,2,MY,1
tm369079,Todd Glass: Act Happy,MOVIE,2018,2010,Not Rated,62,0,,5.1,368.0,5.7,2.254,1,comedy,1,US,1
tm416134,Fernando Sanjiao: Hombre,MOVIE,2018,2010,Not Rated,63,0,,6.3,57.0,6.5,1.219,1,comedy,1,AR,1
tm404828,Yoo Byung Jae: Too Much Information,MOVIE,2018,2010,Not Rated,63,0,,5.3,53.0,6.3,0.6,1,comedy,1,KR,1
tm321035,Mawlana,MOVIE,2017,2010,Not Rated,130,0,,6.9,864.0,6.4,1.577,1,thriller,2,EG,1
tm441915,Elf Pets: Santa's St. Bernards Save Christmas,MOVIE,2018,2010,G,26,0,,5.3,95.0,2.0,1.648,1,animation,4,US,1
tm361633,Potato Potahto,MOVIE,2017,2010,Not Rated,104,0,,4.1,212.0,2.8,1.829,1,comedy,1,GH,1
ts229123,Little Singham,SHOW,2018,2010,Not Rated,12,0,2.0,3.5,99.0,4.0,0.6,1,animation,2,IN,1
tm368006,Harith Iskander: I Told You So,MOVIE,2018,2010,Not Rated,61,0,,4.6,173.0,5.5,2.411,1,comedy,1,US,1
tm840936,Zoé: Panoramas,MOVIE,2017,2010,PG,89,0,,6.8,78.0,,,1,documentation,2,XX,1
tm430459,La Leyenda del Diamante,MOVIE,2018,2010,Not Rated,87,0,,3.3,51.0,5.25,12.871,1,action,6,MX,1
tm440324,Santo cachón,MOVIE,2018,2010,Not Rated,87,0,,4.7,56.0,6.0,2.665,1,comedy,1,CO,1
ts78444,Luna Petunia Return to Amazia,SHOW,2018,2010,TV-Y,24,0,2.0,4.8,47.0,6.0,2.75,1,animation,1,US,1
tm1146751,Bahasha,MOVIE,2018,2010,Not Rated,85,0,,7.0,24.0,,,1,drama,1,TZ,1
tm411528,Enissa Amani: Ehrenwort,MOVIE,2018,2010,PG,65,0,,5.5,194.0,5.6,1.143,1,comedy,2,US,1
ts84555,The Unknown Hitman: The Story of El Cholo Adrián,SHOW,2017,2010,TV-MA,50,0,2.0,6.6,145.0,10.0,4.376,1,action,2,MX,1
tm153164,Puriyaatha Puthir,MOVIE,2017,2010,Not Rated,140,0,,6.5,1049.0,7.1,1.612,1,thriller,1,IN,1
tm320949,Simplemente Manu NNa,MOVIE,2017,2010,Not Rated,71,0,,5.4,51.0,3.8,1.4,1,comedy,1,MX,1
tm428877,Babamın Ceketi,MOVIE,2018,2010,Not Rated,100,0,,4.9,862.0,5.1,2.017,1,comedy,1,TR,1
tm314677,Silence Is Welcome,MOVIE,2017,2010,Not Rated,94,0,,5.1,106.0,4.6,2.331,1,drama,1,MX,1
ts54112,Life Plan A and B,SHOW,2017,2010,TV-PG,80,0,1.0,7.8,116.0,7.0,1.332,1,drama,1,TW,1
tm306680,Grillo vs Grillo,MOVIE,2017,2010,Not Rated,95,0,,5.3,130.0,6.0,1.123,1,comedy,2,XX,1
tm430748,Neevevaro,MOVIE,2018,2010,PG,130,0,,6.9,809.0,6.5,1.677,1,thriller,4,IN,1
tm369452,Sebastián Marcelo Wainraich,MOVIE,2018,2010,Not Rated,49,0,,6.4,106.0,6.5,1.03,1,comedy,1,AR,1
tm471288,Baby Mamas,MOVIE,2018,2010,Not Rated,93,0,,6.6,63.0,,0.641,1,comedy,2,ZA,1
ts80445,The Honeymoon Stand Up Special,SHOW,2018,2010,Not Rated,32,0,1.0,6.8,519.0,6.0,1.251,1,comedy,1,,0
tm444907,Lovefucked,MOVIE,2018,2010,Not Rated,105,0,,,,5.8,1.812,1,drama,2,IN,1
tm491499,Fan of Amoory,MOVIE,2018,2010,G,91,0,,6.0,38.0,,,1,drama,1,AE,1
tm493814,Satria Heroes: Revenge of the Darkness,MOVIE,2017,2010,Not Rated,92,0,,4.4,69.0,,,1,scifi,4,ID,1
tm404610,Stretch Armstrong: The Breakout,MOVIE,2018,2010,Not Rated,45,0,,,,6.0,1.18,1,animation,1,US,1
tm465864,Hajwala 2: Mysterious Mission,MOVIE,2018,2010,PG-13,115,0,,3.9,93.0,4.0,1.533,1,action,2,AE,1
ts82591,Spiritual House,SHOW,2017,2010,TV-PG,41,0,1.0,,,,0.6,0,,0,JP,1
tm433087,Rise: Ini Kalilah,MOVIE,2018,2010,Not Rated,102,0,,5.1,41.0,7.5,1.715,1,drama,1,MY,1
tm336084,Echcharikkai,MOVIE,2018,2010,Not Rated,134,0,,6.3,312.0,4.9,1.697,1,thriller,4,IN,1
tm360763,Verses of Love 2,MOVIE,2017,2010,Not Rated,125,0,,5.5,609.0,6.8,2.821,1,drama,2,ID,1
tm370472,Kavin Jay : Everybody Calm Down!,MOVIE,2018,2010,Not Rated,53,0,,5.9,236.0,4.6,1.655,1,comedy,2,XX,1
tm368697,Unexpectedly Yours,MOVIE,2017,2010,Not Rated,120,0,,6.7,180.0,7.5,2.461,1,comedy,2,PH,1
ts250172,Afronta!,SHOW,2017,2010,TV-PG,14,0,1.0,7.4,8.0,,0.6,1,documentation,1,BR,1
tm420789,Lilli,MOVIE,2018,2010,PG,91,0,,5.7,281.0,6.1,1.033,1,thriller,1,IN,1
tm448690,Prince of Peoria: A Christmas Moose Miracle,MOVIE,2018,2010,Not Rated,29,0,,,,5.8,1.842,1,comedy,2,,0
ts97584,Highland: Thailand's Marijuana Awakening,SHOW,2017,2010,TV-MA,20,0,1.0,6.2,24.0,8.0,0.663,1,documentation,1,US,1
tm819641,Match,MOVIE,2017,2010,Not Rated,7,0,,4.1,7.0,,0.6,1,drama,1,,0
tm458186,Komola Rocket,MOVIE,2018,2010,Not Rated,95,0,,7.4,1037.0,6.0,2.181,1,drama,1,BD,1
tm430496,D.L. Hughley: Contrarian,MOVIE,2018,2010,Not Rated,58,0,,6.5,610.0,5.2,2.29,1,comedy,1,US,1
tm327926,Panoptic,MOVIE,2017,2010,Not Rated,79,0,,6.3,60.0,5.0,0.928,1,documentation,1,AE,2
tm327636,Joe Mande's Award-Winning Comedy Special,MOVIE,2017,2010,Not Rated,66,0,,6.1,509.0,6.3,2.079,1,comedy,2,US,1
tm366383,Deliha 2,MOVIE,2018,2010,G,106,0,,4.7,2594.0,5.9,5.949,1,comedy,1,TR,1
tm349134,Fabrizio Copano: solo pienso en mí,MOVIE,2017,2010,Not Rated,59,0,,5.0,34.0,5.8,0.808,1,comedy,1,CL,1
tm285712,Jen Kirkman: Just Keep Livin'?,MOVIE,2017,2010,Not Rated,69,0,,6.8,1290.0,6.7,1.904,1,comedy,1,US,1
tm834886,Wedy Atkalam,MOVIE,2018,2010,Not Rated,72,0,,5.7,18.0,,,1,comedy,2,KW,1
tm494577,Oga Bolaji,MOVIE,2018,2010,Not Rated,91,0,,,,,1.102,0,drama,1,NG,1
tm426260,Si Doel the Movie,MOVIE,2018,2010,Not Rated,85,0,,6.8,417.0,7.4,1.447,1,family,4,ID,1
ts76645,The Umbrella Academy,SHOW,2019,2010,TV-14,50,0,3.0,8.0,230211.0,8.7,388.952,1,comedy,5,US,1
ts216746,The Secret of Skinwalker Ranch,SHOW,2020,2020,TV-PG,42,0,3.0,6.0,2625.0,8.5,30.911,1,horror,4,US,1
ts89840,Virgin River,SHOW,2019,2010,TV-14,44,0,4.0,7.4,36459.0,8.034,169.37,1,drama,2,US,1
tm441050,The Gentlemen,MOVIE,2019,2010,R,113,0,,7.8,325385.0,7.687,67.919,1,crime,3,US,2
ts87466,Demon Slayer: Kimetsu no Yaiba,SHOW,2019,2010,TV-MA,25,0,3.0,8.7,93604.0,8.809,94.263,1,scifi,6,JP,1
ts88361,"Love, Death & Robots",SHOW,2019,2010,TV-MA,13,0,3.0,8.4,131937.0,8.3,156.46,1,scifi,8,US,1
ts87248,In the Dark,SHOW,2019,2010,TV-14,41,0,4.0,7.5,11409.0,7.9,39.136,1,drama,5,US,1
ts90311,Vinland Saga,SHOW,2019,2010,TV-MA,24,0,2.0,8.8,32535.0,8.6,15.663,1,animation,5,JP,1
ts80962,Tuca & Bertie,SHOW,2019,2010,TV-MA,24,0,3.0,7.3,7023.0,7.2,18.246,1,comedy,2,US,1
ts86497,Russian Doll,SHOW,2019,2010,TV-MA,28,0,2.0,7.8,91649.0,7.5,18.072,1,comedy,2,US,1
ts254656,Jurassic World: Camp Cretaceous,SHOW,2020,2020,TV-PG,24,0,5.0,7.5,8022.0,8.0,259.059,1,action,4,US,1
ts57327,The Witcher,SHOW,2019,2010,TV-MA,58,0,2.0,8.2,472202.0,8.244,101.869,1,scifi,5,US,1
ts216679,Bridgerton,SHOW,2020,2020,TV-MA,62,0,4.0,7.3,129085.0,8.2,106.118,1,drama,3,US,1
ts237109,Control Z,SHOW,2020,2020,TV-MA,38,0,3.0,6.9,8895.0,8.2,473.002,1,drama,2,MX,1
ts81007,After Life,SHOW,2019,2010,TV-MA,28,0,3.0,8.4,129243.0,7.843,19.931,1,comedy,2,GB,1
tm510203,A Call to Spy,MOVIE,2019,2010,PG-13,123,0,,6.6,7091.0,6.8,11.78,1,crime,5,US,1
ts86912,Surviving R. Kelly,SHOW,2019,2010,TV-14,59,0,2.0,7.5,4906.0,7.8,3.97,1,documentation,3,US,1
ts252505,Are You Afraid of the Dark?,SHOW,2019,2010,TV-PG,42,0,3.0,7.0,2216.0,7.5,63.359,1,thriller,5,US,1
ts191559,The UnXplained,SHOW,2019,2010,TV-14,42,0,4.0,7.1,1011.0,8.6,8.132,1,documentation,1,US,1
ts89259,The Queen's Gambit,SHOW,2020,2020,TV-MA,56,0,1.0,8.6,420100.0,8.624,82.702,1,drama,2,US,1
ts83555,"Roswell, New Mexico",SHOW,2019,2010,TV-14,41,0,4.0,6.1,12343.0,8.1,46.094,1,scifi,3,US,1
ts82915,Sex Education,SHOW,2019,2010,TV-MA,52,0,4.0,8.3,251168.0,8.358,273.962,1,drama,2,GB,1
ts82914,Dead to Me,SHOW,2019,2010,TV-MA,31,0,2.0,8.0,74989.0,7.299,26.155,1,thriller,4,US,1
ts215046,Capitani,SHOW,2019,2010,TV-MA,29,0,2.0,6.6,4912.0,6.715,28.789,1,crime,3,LU,1
ts90234,I Think You Should Leave with Tim Robinson,SHOW,2019,2010,TV-MA,16,0,3.0,7.9,11900.0,6.6,8.873,1,comedy,1,US,1
ts88613,Formula 1: Drive to Survive,SHOW,2019,2010,TV-MA,38,0,6.0,8.6,38345.0,8.4,40.781,1,documentation,2,GB,1
ts81120,The Last Dance,SHOW,2020,2020,TV-MA,50,0,1.0,9.1,115915.0,8.2,27.702,1,documentation,3,US,1
ts87953,Locke & Key,SHOW,2020,2020,TV-14,48,0,3.0,7.4,72031.0,8.1,48.22,1,drama,5,US,1
ts235655,Outer Banks,SHOW,2020,2020,TV-MA,49,0,2.0,7.5,45815.0,8.555,39.319,1,thriller,5,US,1
ts84146,Emily in Paris,SHOW,2020,2020,TV-MA,29,0,2.0,6.9,86631.0,7.995,42.991,1,drama,3,US,1
tm681578,The Rental,MOVIE,2020,2020,R,88,0,,5.7,30613.0,5.6,53.311,1,drama,3,US,1
ts221904,Unbelievable,SHOW,2019,2010,TV-MA,48,0,1.0,8.4,98384.0,8.1,20.378,1,drama,2,US,1
ts55762,Kingdom,SHOW,2019,2010,TV-MA,48,0,2.0,8.3,44874.0,8.4,42.052,1,action,6,KR,1
tm369594,I'm Thinking of Ending Things,MOVIE,2020,2020,R,134,0,,6.6,83093.0,6.6,17.61,1,drama,3,US,1
tm244149,The Irishman,MOVIE,2019,2010,R,209,0,,7.8,376379.0,7.6,21.075,1,crime,4,US,1
ts100116,Blown Away,SHOW,2019,2010,TV-PG,26,0,3.0,7.1,3034.0,7.2,23.841,1,reality,4,CA,1
ts219101,Marianne,SHOW,2019,2010,TV-MA,45,0,1.0,7.4,14895.0,7.7,22.746,1,thriller,3,FR,1
ts87453,Space Force,SHOW,2020,2020,TV-MA,30,0,2.0,6.7,63379.0,6.6,21.173,1,comedy,1,US,1
ts222988,Love on the Spectrum,SHOW,2019,2010,TV-14,42,0,2.0,8.6,5846.0,7.9,5.852,1,reality,3,AU,1
ts235758,Never Have I Ever,SHOW,2020,2020,TV-14,28,0,4.0,7.8,47000.0,8.183,47.843,1,comedy,2,US,1
tm496322,Extraction,MOVIE,2020,2020,R,116,0,,6.7,196105.0,7.4,51.91,1,crime,4,US,1
ts224901,The Stranger,SHOW,2020,2020,TV-MA,45,0,1.0,7.3,48298.0,7.4,11.603,1,thriller,3,GB,1
tm863808,My Octopus Teacher,MOVIE,2020,2020,Not Rated,84,0,,8.1,52771.0,8.0,19.276,1,documentation,1,ZA,2
tm827638,Synchronic,MOVIE,2019,2010,R,102,0,,6.2,29455.0,6.3,13.498,1,crime,5,US,1
ts84633,The Promised Neverland,SHOW,2019,2010,TV-MA,23,0,2.0,8.3,36018.0,8.843,42.367,1,animation,7,JP,1
tm460124,"Yes, God, Yes",MOVIE,2020,2020,R,78,0,,6.1,15155.0,6.4,41.666,1,comedy,2,GB,2
ts88379,Dracula,SHOW,2020,2020,TV-MA,88,0,1.0,6.8,45971.0,7.142,25.177,1,drama,5,GB,1
tm824398,The Platform,MOVIE,2019,2010,Not Rated,95,0,,7.0,213699.0,7.003,47.725,1,scifi,4,ES,1
tm911973,Enola Holmes,MOVIE,2020,2020,PG-13,123,0,,6.6,162511.0,7.3,22.461,1,crime,3,US,1
ts249891,The Comey Rule,SHOW,2020,2020,TV-MA,82,0,1.0,7.4,8829.0,7.5,9.22,1,war,2,US,1
tm849003,The Old Guard,MOVIE,2020,2020,R,125,0,,6.6,158247.0,7.2,20.588,1,fantasy,3,US,1
ts89564,Black Summer,SHOW,2019,2010,TV-MA,39,0,2.0,6.5,29318.0,7.1,30.795,1,scifi,5,US,1
tm845489,His House,MOVIE,2020,2020,Not Rated,93,0,,6.5,39988.0,6.5,27.065,1,thriller,3,GB,1
tm403709,Marriage Story,MOVIE,2019,2010,R,136,0,,7.9,298303.0,7.8,28.268,1,drama,3,GB,1
ts224303,The Daily Life of the Immortal King,SHOW,2020,2020,TV-14,19,0,2.0,7.2,1331.0,8.6,121.132,1,scifi,5,CN,1
tm362198,Scary Stories to Tell in the Dark,MOVIE,2019,2010,PG-13,108,0,,6.2,74754.0,6.5,36.326,1,horror,2,US,3
tm368699,The Devil All the Time,MOVIE,2020,2020,R,138,0,,7.1,122321.0,7.3,22.872,1,crime,4,US,1
tm828369,Lunana: A Yak in the Classroom,MOVIE,2019,2010,Not Rated,109,0,,7.4,3257.0,7.4,6.869,1,drama,2,BT,2
tm502532,Fantastic Fungi,MOVIE,2019,2010,Not Rated,81,0,,7.4,8430.0,7.3,9.263,1,documentation,1,US,1
tm417392,The King,MOVIE,2019,2010,R,140,0,,7.2,124438.0,7.2,25.987,1,history,4,US,2
ts219660,Alice in Borderland,SHOW,2020,2020,TV-MA,47,0,2.0,7.6,49446.0,8.2,71.018,1,action,5,JP,1
ts57213,The Dark Crystal: Age of Resistance,SHOW,2019,2010,TV-PG,51,0,1.0,8.4,24419.0,7.8,23.53,1,scifi,7,US,2
ts82913,When They See Us,SHOW,2019,2010,TV-MA,74,0,1.0,8.9,116560.0,8.2,20.965,1,drama,3,US,1
tm414584,Rambo: Last Blood,MOVIE,2019,2010,R,101,0,,6.1,96740.0,6.5,88.199,1,drama,5,US,2
ts221200,The Haunting of Bly Manor,SHOW,2020,2020,TV-MA,55,0,1.0,7.3,99047.0,7.8,29.636,1,thriller,4,US,1
tm817504,1BR,MOVIE,2019,2010,Not Rated,90,0,,5.8,12397.0,6.1,15.943,1,thriller,3,US,1
tm412937,Trading Paint,MOVIE,2019,2010,R,87,0,,4.4,1996.0,5.6,8.786,1,drama,5,GB,2
ts237107,Sweet Magnolias,SHOW,2020,2020,TV-14,50,0,2.0,7.3,17689.0,7.9,17.137,1,drama,2,US,1
tm456156,Sweetheart,MOVIE,2019,2010,PG-13,82,0,,5.8,8191.0,6.5,12.174,1,horror,5,US,1
tm943790,Summerland,MOVIE,2020,2020,PG,102,0,,7.0,6827.0,7.6,9.77,1,romance,3,GB,1
tm239927,Official Secrets,MOVIE,2019,2010,R,112,0,,7.3,46901.0,7.249,13.217,1,drama,6,GB,2
ts89210,Warrior Nun,SHOW,2020,2020,TV-MA,43,0,2.0,6.8,30243.0,7.9,45.891,1,action,4,US,1
tm919961,Pieces of a Woman,MOVIE,2020,2020,R,127,0,,7.0,48664.0,7.098,10.502,1,drama,1,CA,3
tm427335,Freaks,MOVIE,2019,2010,R,105,0,,6.7,35021.0,6.8,56.909,1,scifi,3,US,2
tm431321,21 Bridges,MOVIE,2019,2010,R,99,0,,6.6,65845.0,6.7,29.285,1,action,4,US,1
tm417553,6 Underground,MOVIE,2019,2010,R,128,0,,6.1,172083.0,6.327,68.45,1,thriller,3,US,1
tm821789,Mank,MOVIE,2020,2020,R,131,0,,6.8,72295.0,6.8,13.068,1,comedy,2,US,1
tm834851,I Care a Lot,MOVIE,2020,2020,R,118,0,,6.3,129321.0,6.6,30.192,1,drama,4,GB,2
ts223210,Don't F**k with Cats: Hunting an Internet Killer,SHOW,2019,2010,TV-MA,62,0,1.0,8.0,51559.0,7.7,13.548,1,documentation,2,GB,1
ts223548,The Midnight Gospel,SHOW,2020,2020,TV-MA,26,0,1.0,,,8.3,27.366,1,comedy,4,US,1
tm827648,El Camino: A Breaking Bad Movie,MOVIE,2019,2010,R,123,0,,7.3,216847.0,6.91,42.566,1,crime,4,US,1
tm460948,Always Be My Maybe,MOVIE,2019,2010,PG-13,102,0,,6.8,55686.0,6.6,11.434,1,romance,2,US,1
ts107724,The Defeated,SHOW,2020,2020,TV-MA,55,0,1.0,7.0,5902.0,6.846,7.002,1,history,3,DE,1
tm847085,The Social Dilemma,MOVIE,2020,2020,PG-13,94,0,,7.6,80916.0,7.5,20.38,1,drama,2,US,1
tm494295,Straight Up,MOVIE,2019,2010,Not Rated,95,0,,6.8,2445.0,6.9,6.099,1,comedy,2,US,1
tm916405,The Outpost,MOVIE,2020,2020,R,123,0,,6.8,32952.0,6.9,31.294,1,history,4,BG,2
tm823545,Disappearance at Clifton Hill,MOVIE,2020,2020,Not Rated,100,0,,5.4,3612.0,5.4,5.746,1,thriller,2,CA,1
ts90448,The Hateful Eight: Extended Version,SHOW,2019,2010,TV-MA,53,0,1.0,,,10.0,1.96,1,crime,4,US,1
tm244207,Triple Frontier,MOVIE,2019,2010,R,125,0,,6.4,125883.0,6.3,28.54,1,thriller,4,US,1
tm849004,Eurovision Song Contest: The Story of Fire Saga,MOVIE,2020,2020,PG-13,123,0,,6.5,92086.0,6.4,10.817,1,music,2,US,1
ts218802,The Family,SHOW,2019,2010,TV-14,50,0,1.0,6.4,3491.0,6.9,6.904,1,documentation,3,US,1
ts287836,Into the Night,SHOW,2020,2020,TV-MA,36,0,2.0,7.1,31559.0,7.5,22.983,1,scifi,3,BE,1
tm423666,The Wandering Earth,MOVIE,2019,2010,PG-13,126,0,,5.9,30297.0,6.4,25.187,1,scifi,4,CN,1
tm818266,The Forgotten Battle,MOVIE,2020,2020,Not Rated,124,0,,7.1,27275.0,7.2,33.974,1,drama,5,BE,3
ts225651,Feel Good,SHOW,2020,2020,TV-MA,25,0,2.0,7.5,10690.0,7.4,9.986,1,drama,3,GB,1
tm813695,After We Collided,MOVIE,2020,2020,R,105,0,,5.0,30522.0,7.251,236.101,1,drama,2,US,1
tm448792,In the Shadow of the Moon,MOVIE,2019,2010,R,115,0,,6.2,52206.0,6.2,23.952,1,scifi,3,US,2
tm1121246,Code 8,MOVIE,2019,2010,Not Rated,99,0,,6.1,39469.0,6.2,18.193,1,scifi,5,CA,3
ts222439,Crash Landing on You,SHOW,2019,2010,Not Rated,85,0,1.0,,,8.8,59.917,1,war,1,KR,1
tm447963,Fractured,MOVIE,2019,2010,R,99,0,,6.4,72478.0,6.7,35.497,1,thriller,1,US,1
ts104401,Ragnarok,SHOW,2020,2020,TV-MA,47,0,2.0,7.5,36863.0,8.067,118.364,1,thriller,5,NO,1
tm832345,365 Days,MOVIE,2020,2020,Not Rated,114,0,,3.3,84940.0,7.044,48.792,1,romance,3,PL,1
ts304505,Love Is Blind,SHOW,2020,2020,TV-MA,54,0,5.0,6.1,7863.0,7.7,1.4,1,reality,2,US,1
ts103702,Young Wallander,SHOW,2020,2020,TV-MA,45,0,2.0,6.9,11377.0,7.1,72.638,1,thriller,3,GB,1
ts88577,Hollywood,SHOW,2020,2020,TV-MA,50,0,1.0,7.5,36052.0,7.6,11.855,1,drama,2,US,1
ts85398,Our Planet,SHOW,2019,2010,TV-G,50,0,1.0,9.3,42259.0,8.8,19.942,1,documentation,1,GB,1
ts91039,The Chef Show,SHOW,2019,2010,TV-MA,31,0,2.0,8.2,5107.0,7.8,7.305,1,documentation,1,US,1
ts257301,Big Timber,SHOW,2020,2020,Not Rated,48,0,2.0,6.6,705.0,7.0,19.64,1,reality,1,CA,1
ts95997,Raising Dion,SHOW,2019,2010,TV-G,43,0,2.0,7.1,14799.0,7.8,33.326,1,scifi,2,US,1
tm428856,I Am Mother,MOVIE,2019,2010,PG-13,114,0,,6.7,89926.0,6.696,20.904,1,scifi,4,AU,1
tm983787,Ava,MOVIE,2020,2020,R,96,0,,5.4,54279.0,5.753,155.235,1,thriller,4,US,1
tm840196,The Trial of the Chicago 7,MOVIE,2020,2020,R,130,0,,7.7,173103.0,7.8,15.07,1,drama,3,US,1
ts223530,Sweet Home,SHOW,2020,2020,TV-MA,52,0,1.0,,,8.6,69.734,1,drama,2,KR,1
tm455636,The Dirt,MOVIE,2019,2010,R,108,0,,6.9,48445.0,7.518,15.86,1,drama,3,US,1
ts82912,Ratched,SHOW,2020,2020,TV-MA,54,0,2.0,7.2,54291.0,7.8,35.227,1,drama,4,US,1
tm824331,Can You Keep a Secret?,MOVIE,2019,2010,Not Rated,94,0,,5.3,16421.0,6.553,12.579,1,romance,2,US,1
ts84663,The Politician,SHOW,2019,2010,TV-14,43,0,2.0,7.5,22182.0,7.4,14.713,1,comedy,2,US,1
tm441231,Murder Mystery,MOVIE,2019,2010,PG-13,90,0,,6.0,124599.0,6.2,22.376,1,comedy,4,IT,4
tm843444,Da 5 Bloods,MOVIE,2020,2020,R,156,0,,6.5,50520.0,6.6,16.232,1,war,2,US,1
tm832916,The Midnight Sky,MOVIE,2020,2020,PG-13,118,0,,5.6,82362.0,5.8,22.231,1,drama,4,US,1
ts242210,The Cursed,SHOW,2020,2020,TV-MA,62,0,1.0,7.1,466.0,7.9,4.435,1,thriller,4,KR,1
ts221016,Top Boy,SHOW,2019,2010,TV-MA,53,0,3.0,,,8.4,24.305,1,drama,2,GB,1
ts221749,Dorohedoro,SHOW,2020,2020,TV-MA,25,0,1.0,8.1,8262.0,8.6,23.072,1,scifi,6,JP,1
ts86165,The Society,SHOW,2019,2010,TV-MA,56,0,1.0,7.0,28647.0,7.7,21.138,1,drama,3,US,1
ts225522,Unorthodox,SHOW,2020,2020,TV-MA,54,0,1.0,8.0,76083.0,7.9,15.173,1,drama,1,DE,1
ts116814,The Twelve,SHOW,2019,2010,TV-MA,48,0,1.0,7.4,5174.0,7.0,9.883,1,thriller,2,BE,1
ts246072,Barbarians,SHOW,2020,2020,TV-MA,47,0,1.0,7.2,23709.0,7.396,37.819,1,drama,3,DE,1
tm458553,Wine Country,MOVIE,2019,2010,R,103,0,,5.4,21213.0,5.5,11.397,1,comedy,2,US,1
ts218569,The Movies That Made Us,SHOW,2019,2010,TV-PG,47,0,3.0,7.6,6288.0,7.4,10.08,1,documentation,3,US,1
tm886464,The Wrong Missy,MOVIE,2020,2020,R,90,0,,5.7,39237.0,6.2,31.686,1,romance,2,US,1
ts235672,She,SHOW,2020,2020,Not Rated,40,0,2.0,,,6.3,11.259,1,drama,2,IN,1
tm417416,Five Feet Apart,MOVIE,2019,2010,PG-13,116,0,,7.2,63916.0,8.3,86.377,1,romance,2,US,1
tm439163,Brahms: The Boy II,MOVIE,2020,2020,PG-13,86,0,,4.7,17048.0,6.017,29.249,1,thriller,3,CN,4
tm426428,After,MOVIE,2019,2010,PG-13,102,0,,5.2,53460.0,7.166,238.494,1,drama,2,US,1
ts84661,Cursed,SHOW,2020,2020,TV-MA,55,0,1.0,5.8,29864.0,7.4,30.279,1,action,4,US,1
tm441232,Someone Great,MOVIE,2019,2010,R,92,0,,6.1,22277.0,6.4,14.238,1,romance,2,US,1
ts220751,Lego Jurassic World: Legend of Isla Nublar,SHOW,2019,2010,TV-PG,22,0,1.0,6.7,289.0,7.2,13.663,1,comedy,5,CA,1
tm450262,Last Breath,MOVIE,2019,2010,Not Rated,85,0,,7.7,5800.0,7.7,5.855,1,documentation,2,BE,3
ts83082,Living with Yourself,SHOW,2019,2010,TV-MA,26,0,2.0,7.2,30624.0,6.8,9.447,1,drama,3,US,1
ts113842,Giri/Haji,SHOW,2019,2010,TV-MA,58,0,1.0,7.8,14008.0,7.7,14.215,1,drama,3,GB,1
tm435520,The Two Popes,MOVIE,2019,2010,PG-13,125,0,,7.6,122069.0,7.5,11.465,1,drama,3,US,1
tm443615,Rebecca,MOVIE,2020,2020,PG-13,123,0,,6.0,41232.0,6.3,11.042,1,romance,3,GB,1
tm432765,The Wind,MOVIE,2019,2010,R,86,0,,5.5,8242.0,5.6,10.601,1,western,3,US,1
ts129445,The Spy,SHOW,2019,2010,TV-MA,53,0,1.0,7.9,41237.0,7.6,16.993,1,drama,2,FR,1
tm456436,Bad Trip,MOVIE,2020,2020,Not Rated,87,0,,6.5,24537.0,6.1,73.507,1,comedy,2,CA,2
ts241486,Pokémon Journeys: The Series,SHOW,2020,2020,TV-PG,22,0,1.0,6.9,563.0,6.0,1.4,1,animation,6,JP,1
tm470240,The Half of It,MOVIE,2020,2020,PG-13,104,0,,6.9,36576.0,7.2,17.948,1,comedy,3,US,1
tm458585,Dolemite Is My Name,MOVIE,2019,2010,R,118,0,,7.2,60334.0,7.0,11.036,1,drama,3,US,1
tm678022,The Prom,MOVIE,2020,2020,PG-13,130,0,,5.9,26197.0,6.2,1.596,1,comedy,4,US,1
ts237560,Jeffrey Epstein: Filthy Rich,SHOW,2020,2020,TV-MA,57,0,1.0,7.1,23816.0,7.2,9.369,1,documentation,2,US,1
ts269397,Bogdan Boner: Egzorcysta,SHOW,2020,2020,TV-MA,12,0,2.0,7.3,105.0,4.0,10.114,1,animation,2,PL,1
tm361746,Ophelia,MOVIE,2019,2010,PG-13,114,0,,6.6,10357.0,7.3,17.715,1,drama,5,GB,2
ts105825,The Valhalla Murders,SHOW,2019,2010,TV-MA,47,0,1.0,7.1,13467.0,6.8,11.145,1,crime,4,IS,1
tm821143,Ma Rainey's Black Bottom,MOVIE,2020,2020,R,94,0,,6.9,50988.0,6.7,10.662,1,drama,2,US,1
ts113506,The Last Czars,SHOW,2019,2010,TV-MA,45,0,1.0,7.3,8248.0,7.4,9.163,1,romance,5,GB,1
tm453862,The Call,MOVIE,2020,2020,Not Rated,112,0,,7.1,30772.0,7.6,33.987,1,scifi,5,KR,1
tm849022,Hillbilly Elegy,MOVIE,2020,2020,R,117,0,,6.7,41469.0,6.8,12.825,1,drama,1,US,1
ts89339,Selling Sunset,SHOW,2019,2010,TV-MA,36,0,5.0,6.4,6217.0,7.0,8.686,1,reality,1,US,1
ts88909,Glow Up: Britain's Next Make-Up Star,SHOW,2019,2010,TV-14,54,0,4.0,6.8,2095.0,7.0,5.621,1,reality,1,GB,1
ts103133,I Am Not Okay with This,SHOW,2020,2020,TV-MA,21,0,1.0,7.5,58674.0,8.2,27.985,1,drama,4,US,1
tm358770,Paradise Hills,MOVIE,2019,2010,Not Rated,95,0,,5.3,22454.0,6.022,17.062,1,scifi,4,US,2
ts83491,WHAT / IF,SHOW,2019,2010,TV-MA,54,0,1.0,6.3,15243.0,6.6,19.664,1,drama,3,US,1
tm420826,The Highwaymen,MOVIE,2019,2010,R,133,0,,6.9,89893.0,6.7,14.256,1,drama,3,US,1
ts281928,Unsolved Mysteries,SHOW,2020,2020,TV-MA,49,0,2.0,7.3,9492.0,7.8,18.654,1,documentation,4,US,1
tm372066,Fast Color,MOVIE,2019,2010,PG-13,102,0,,6.0,6276.0,6.0,8.954,1,scifi,3,US,1
ts223981,Cheer,SHOW,2020,2020,TV-MA,56,0,2.0,8.1,6271.0,7.4,8.36,1,documentation,3,US,1
ts89014,DC Super Hero Girls,SHOW,2019,2010,TV-PG,10,0,2.0,7.1,1282.0,8.2,12.626,1,scifi,7,US,1
ts83657,The Order,SHOW,2019,2010,TV-MA,48,0,2.0,6.7,27943.0,7.9,27.883,1,scifi,5,US,1
tm499045,Occupation: Rainfall,MOVIE,2020,2020,R,128,0,,5.2,14219.0,6.5,16.63,1,scifi,2,AU,1
tm836438,Countdown,MOVIE,2019,2010,PG-13,90,0,,,,6.4,39.006,1,horror,3,US,1
ts250997,Down to Earth with Zac Efron,SHOW,2020,2020,TV-PG,39,0,1.0,8.0,6586.0,7.8,17.742,1,documentation,3,US,1
tm444017,"Extremely Wicked, Shockingly Evil and Vile",MOVIE,2019,2010,R,110,0,,6.7,92156.0,7.0,19.891,1,crime,3,US,1
ts215012,Kipo and the Age of Wonderbeasts,SHOW,2020,2020,TV-Y7,23,0,3.0,8.3,5618.0,8.4,24.191,1,comedy,6,US,1
tm433462,We Summon the Darkness,MOVIE,2020,2020,R,91,0,,5.2,10483.0,5.5,8.183,1,thriller,4,US,1
ts103329,Ghost in the Shell: SAC_2045,SHOW,2020,2020,TV-14,25,0,2.0,6.2,2397.0,6.5,11.482,1,scifi,6,JP,1
tm927718,The Paper Tigers,MOVIE,2020,2020,PG-13,110,0,,6.3,4341.0,6.9,4.665,1,comedy,2,US,1
ts215683,The Untamed,SHOW,2019,2010,TV-14,44,0,1.0,8.8,6181.0,8.5,30.895,1,action,7,CN,1
tm548602,Between Two Ferns: The Movie,MOVIE,2019,2010,Not Rated,82,0,,6.1,32036.0,6.0,12.486,1,comedy,1,US,1
ts236531,Too Hot to Handle,SHOW,2020,2020,TV-MA,42,0,3.0,4.6,12230.0,6.8,20.633,1,reality,2,US,1
tm325325,The Game Changers,MOVIE,2019,2010,Not Rated,88,0,,7.8,19942.0,7.4,11.211,1,documentation,1,US,1
tm845484,Dick Johnson Is Dead,MOVIE,2020,2020,PG-13,89,0,,7.4,6511.0,7.4,7.932,1,documentation,2,US,1
tm332071,Velvet Buzzsaw,MOVIE,2019,2010,R,113,0,,5.7,60629.0,5.3,16.079,1,thriller,3,US,1
ts80709,Another Life,SHOW,2019,2010,TV-MA,42,0,2.0,5.2,35536.0,6.1,56.037,1,scifi,3,US,1
ts256007,Love & Anarchy,SHOW,2020,2020,TV-MA,31,0,2.0,7.4,7896.0,7.3,13.59,1,comedy,3,SE,1
ts86908,L.A.'s Finest,SHOW,2019,2010,TV-14,47,0,2.0,6.1,7000.0,7.3,21.788,1,crime,5,US,1
ts105441,Greatest Events of WWII in Colour,SHOW,2019,2010,Not Rated,50,0,1.0,8.7,8622.0,8.6,7.929,1,documentation,3,GB,1
ts227305,Tiger King,SHOW,2020,2020,TV-MA,44,0,2.0,7.5,77790.0,7.0,9.63,1,documentation,2,US,1
tm943774,The Old Ways,MOVIE,2020,2020,R,90,0,,5.4,6035.0,7.2,9.583,1,fantasy,4,US,1
ts88469,Undercover,SHOW,2019,2010,TV-MA,49,0,3.0,7.8,17005.0,8.0,17.659,1,drama,3,BE,1
tm824488,The Art of Incarceration,MOVIE,2019,2010,Not Rated,90,0,,8.6,25.0,,0.664,1,documentation,1,AU,1
tm428557,The Laundromat,MOVIE,2019,2010,R,96,0,,6.3,49391.0,6.0,10.319,1,drama,4,US,1
tm878333,Pokémon the Movie: Secrets of the Jungle,MOVIE,2020,2020,Not Rated,99,0,,6.4,1942.0,7.027,110.86,1,family,5,JP,1
tm893480,Project Power,MOVIE,2020,2020,R,113,0,,6.0,86407.0,6.5,22.48,1,crime,4,US,1
tm413660,In the Tall Grass,MOVIE,2019,2010,Not Rated,102,0,,5.4,55276.0,5.5,15.188,1,drama,4,CA,2
ts284800,Criminal: UK,SHOW,2019,2010,TV-MA,44,0,2.0,7.6,18213.0,7.429,12.302,1,crime,3,GB,1
tm820190,#Alive,MOVIE,2020,2020,Not Rated,98,0,,6.3,38313.0,7.3,58.967,1,horror,4,KR,1
tm853953,Tremors: Shrieker Island,MOVIE,2020,2020,PG-13,103,0,,,,6.3,21.871,1,action,2,US,1
ts88262,Traitors,SHOW,2019,2010,TV-MA,51,0,1.0,6.6,3130.0,6.8,4.526,1,war,4,GB,1
ts286390,Merli: Dare to Know,SHOW,2019,2010,TV-MA,48,0,2.0,7.6,1868.0,8.4,52.228,1,comedy,2,ES,1
ts224907,Backstreet Rookie,SHOW,2020,2020,TV-14,62,0,1.0,7.4,2216.0,7.5,29.819,1,drama,4,KR,1
ts161737,Dare Me,SHOW,2019,2010,TV-MA,43,0,1.0,6.6,5254.0,7.9,15.001,1,thriller,4,US,1
ts225867,The English Game,SHOW,2020,2020,TV-14,48,0,1.0,,,7.7,13.746,1,drama,1,GB,1
ts187541,Hotel Del Luna,SHOW,2019,2010,TV-14,80,0,1.0,8.2,8405.0,8.7,32.042,1,romance,7,KR,1
tm464662,Tread,MOVIE,2020,2020,Not Rated,88,0,,7.1,3074.0,6.7,2.637,1,crime,2,US,1
tm455568,Paddleton,MOVIE,2019,2010,R,89,0,,7.1,13791.0,7.0,7.339,1,drama,2,US,1
ts88283,Wu Assassins,SHOW,2019,2010,TV-MA,44,0,1.0,6.4,12921.0,7.3,15.475,1,scifi,5,US,1
tm471967,Lost Girls,MOVIE,2020,2020,R,95,0,,6.1,21588.0,6.1,12.547,1,thriller,3,US,1
tm447788,Fyre,MOVIE,2019,2010,Not Rated,98,0,,7.2,45728.0,6.9,9.805,1,documentation,3,US,1
ts215341,The Gentlemen's League,SHOW,2019,2010,TV-G,98,0,2.0,,,8.0,10.495,1,reality,1,KR,1
tm361998,The Wolf's Call,MOVIE,2019,2010,Not Rated,115,0,,6.9,17468.0,7.6,15.545,1,thriller,6,FR,1
ts105047,To the Lake,SHOW,2019,2010,TV-MA,51,0,2.0,7.2,12713.0,7.5,13.757,1,thriller,3,RU,1
tm451078,Pokemon the Movie: Mewtwo Strikes Back - Evolution,MOVIE,2019,2010,PG,98,0,,5.7,5475.0,6.7,146.188,1,animation,4,JP,1
tm414341,The Red Sea Diving Resort,MOVIE,2019,2010,R,129,0,,6.6,28051.0,6.9,14.205,1,history,3,CA,2
ts215691,Teenage Bounty Hunters,SHOW,2020,2020,TV-MA,49,0,1.0,7.6,11426.0,7.9,16.492,1,comedy,4,US,1
tm450375,Thackeray,MOVIE,2019,2010,Not Rated,139,0,,5.3,3365.0,5.3,2.821,1,drama,3,IN,1
ts90729,Away,SHOW,2020,2020,TV-14,50,0,1.0,6.6,23787.0,6.8,16.426,1,drama,3,US,1
tm437221,Charlie Says,MOVIE,2019,2010,R,104,0,,5.9,4474.0,5.9,11.349,1,drama,3,US,1
tm845496,Crip Camp: A Disability Revolution,MOVIE,2020,2020,R,107,0,,7.7,7428.0,7.3,10.547,1,documentation,2,US,1
ts242820,Floor is Lava,SHOW,2020,2020,TV-Y7,31,0,2.0,5.3,2429.0,7.8,9.617,1,reality,1,US,1
ts288350,Julie and the Phantoms,SHOW,2020,2020,TV-G,2,0,1.0,8.4,9725.0,8.584,13.926,1,scifi,7,US,1
tm449105,Polar,MOVIE,2019,2010,R,118,0,,6.3,88281.0,6.3,30.208,1,action,5,DE,2
tm418847,The Silence,MOVIE,2019,2010,PG-13,90,0,,5.3,44818.0,6.04,35.51,1,drama,6,DE,1
ts89744,How to Sell Drugs Online (Fast),SHOW,2019,2010,TV-MA,32,0,3.0,7.9,31516.0,8.3,26.381,1,comedy,4,DE,1
ts82361,Ultraman,SHOW,2019,2010,TV-14,24,0,3.0,6.8,2089.0,7.1,30.084,1,animation,5,JP,1
tm498803,Spenser Confidential,MOVIE,2020,2020,R,111,0,,6.2,86593.0,6.545,21.502,1,action,5,US,1
tm819950,Anima,MOVIE,2019,2010,Not Rated,15,0,,,,7.4,7.375,1,music,1,GB,3
ts250801,Dark Desire,SHOW,2020,2020,TV-MA,34,0,2.0,6.5,7420.0,7.3,122.06,1,thriller,2,MX,1
tm315255,Ip Man 4: The Finale,MOVIE,2019,2010,PG,107,0,,7.0,31692.0,7.2,19.541,1,action,3,CN,2
ts223986,The Circle,SHOW,2020,2020,TV-MA,52,0,5.0,7.2,6901.0,7.7,7.905,1,reality,1,US,1
tm853783,David Attenborough: A Life on Our Planet,MOVIE,2020,2020,PG,83,0,,8.9,31625.0,8.5,15.935,1,documentation,1,GB,1
ts216522,BEASTARS,SHOW,2019,2010,TV-MA,23,0,2.0,7.7,9782.0,8.7,66.572,1,animation,6,JP,1
ts82851,Messiah,SHOW,2020,2020,TV-MA,45,0,1.0,7.6,42667.0,7.4,19.659,1,drama,2,US,1
tm411750,Doom: Annihilation,MOVIE,2019,2010,R,96,0,,3.7,9281.0,4.9,29.955,1,action,4,US,1
ts252758,Get Organized with The Home Edit,SHOW,2020,2020,TV-PG,42,0,2.0,5.4,1506.0,6.7,6.857,1,reality,1,US,1
ts84993,Daybreak,SHOW,2019,2010,TV-MA,47,0,1.0,6.6,19654.0,7.3,18.304,1,scifi,7,US,1
ts224859,The Pharmacist,SHOW,2020,2020,TV-MA,54,0,1.0,7.7,7261.0,8.4,3.063,1,documentation,2,US,1
tm469991,I Lost My Body,MOVIE,2019,2010,Not Rated,81,0,,7.5,32380.0,7.5,11.079,1,fantasy,5,FR,1
tm877681,American Pie Presents: Girls' Rules,MOVIE,2020,2020,R,95,0,,,,6.3,50.358,1,comedy,1,US,1
tm434553,Cut Throat City,MOVIE,2020,2020,R,123,0,,4.8,2594.0,6.6,10.445,1,thriller,4,US,1
ts255427,Blood of Zeus,SHOW,2020,2020,TV-MA,31,0,1.0,,,8.1,27.566,1,scifi,3,US,1
ts269690,Schulz Saves America,SHOW,2020,2020,TV-MA,17,0,1.0,7.3,1086.0,7.3,1.4,1,comedy,1,US,1
tm428558,High Flying Bird,MOVIE,2019,2010,Not Rated,90,0,,6.2,8616.0,5.7,7.304,1,drama,2,US,1
tm927037,The Water Man,MOVIE,2020,2020,PG,92,0,,5.4,3880.0,6.2,13.201,1,action,5,US,1
ts88699,Northern Rescue,SHOW,2019,2010,TV-14,44,0,1.0,6.9,4202.0,7.0,9.477,1,drama,2,CA,1
ts223240,Itaewon Class,SHOW,2020,2020,TV-MA,70,0,1.0,8.2,12780.0,8.5,36.591,1,drama,2,KR,1
tm884511,The Lost Husband,MOVIE,2020,2020,PG-13,109,0,,6.1,4739.0,7.0,7.282,1,romance,2,US,1
tm285317,IO,MOVIE,2019,2010,PG-13,96,0,,4.7,34180.0,4.9,25.116,1,scifi,3,US,1
tm817709,Rocks,MOVIE,2019,2010,Not Rated,93,0,,7.4,4711.0,6.7,7.28,1,drama,1,GB,1
tm845512,Horse Girl,MOVIE,2020,2020,R,104,0,,,,5.6,14.15,1,drama,1,US,1
tm824477,Over the Moon,MOVIE,2020,2020,PG,95,0,,6.3,22034.0,7.3,75.251,1,comedy,6,CN,2
tm927480,Kiss the Ground,MOVIE,2020,2020,Not Rated,84,0,,8.2,6736.0,8.1,6.272,1,documentation,1,US,1
ts88151,Quicksand,SHOW,2019,2010,TV-MA,46,0,1.0,7.5,21276.0,7.3,16.469,1,drama,3,SE,1
tm444247,This Changes Everything,MOVIE,2019,2010,PG,97,0,,7.6,1580.0,6.5,4.764,1,documentation,1,US,1
tm355783,Eli,MOVIE,2019,2010,R,98,0,,5.8,35214.0,6.0,31.78,1,horror,3,US,1
tm449195,The Boy Who Harnessed the Wind,MOVIE,2019,2010,Not Rated,113,0,,7.6,37527.0,7.9,35.031,1,drama,2,US,3
tm925486,Jiu Jitsu,MOVIE,2020,2020,R,102,0,,2.9,8693.0,5.0,96.709,1,action,5,US,2
tm934040,American Murder: The Family Next Door,MOVIE,2020,2020,R,83,0,,7.2,27193.0,7.3,11.309,1,documentation,3,US,1
ts225101,Start-Up,SHOW,2020,2020,TV-14,80,0,1.0,8.1,9697.0,8.4,32.075,1,drama,3,KR,1
ts79695,Sintonia,SHOW,2019,2010,TV-MA,44,0,3.0,6.6,1172.0,8.2,42.611,1,drama,3,BR,1
tm469193,Atlantics,MOVIE,2019,2010,PG-13,106,0,,6.7,9405.0,6.7,11.349,1,fantasy,3,BE,3
ts223404,It's Okay to Not Be Okay,SHOW,2020,2020,TV-MA,76,0,1.0,8.6,22346.0,8.6,50.095,1,drama,3,KR,1
ts89075,Her Private Life,SHOW,2019,2010,TV-14,75,0,2.0,7.7,3826.0,7.933,14.707,1,comedy,3,KR,1
ts268799,Equinox,SHOW,2020,2020,Not Rated,46,0,1.0,,,7.4,15.497,1,scifi,2,DK,1
ts237499,The Woods,SHOW,2020,2020,TV-MA,51,0,1.0,,,7.1,6.208,1,drama,2,PL,1
tm420455,Rim of the World,MOVIE,2019,2010,PG,99,0,,5.2,23987.0,6.0,22.933,1,scifi,3,US,1
ts236747,Middleditch & Schwartz,SHOW,2020,2020,TV-MA,51,0,1.0,8.6,5310.0,8.0,2.329,1,comedy,1,US,1
tm925584,The Vanished,MOVIE,2020,2020,R,115,0,,5.7,10378.0,6.0,13.281,1,thriller,3,US,1
tm914535,2 Hearts,MOVIE,2020,2020,PG-13,100,0,,6.2,3801.0,7.7,16.578,1,drama,2,US,1
ts90019,Bonding,SHOW,2019,2010,TV-MA,17,0,2.0,7.1,16027.0,7.4,19.49,1,drama,2,US,1
tm423140,Avengement,MOVIE,2019,2010,Not Rated,90,0,,6.5,15685.0,6.8,17.407,1,action,3,GB,1
tm348403,A Shaun the Sheep Movie: Farmageddon,MOVIE,2019,2010,G,87,0,,6.8,13485.0,6.93,16.792,1,family,5,GB,2
ts87364,Conversations with a Killer: The Ted Bundy Tapes,SHOW,2019,2010,TV-MA,59,0,1.0,7.8,27439.0,7.6,14.137,1,documentation,3,US,1
tm878842,The Edge of All We Know,MOVIE,2020,2020,Not Rated,99,0,,6.6,2422.0,6.8,7.7,1,documentation,1,US,1
tm453099,Rolling Thunder Revue: A Bob Dylan Story by Martin Scorsese,MOVIE,2019,2010,Not Rated,142,0,,7.6,6730.0,7.2,9.859,1,documentation,3,US,1
tm446176,American Factory,MOVIE,2019,2010,Not Rated,110,0,,7.4,21694.0,7.2,12.978,1,documentation,1,US,1
ts250912,Fear City: New York vs The Mafia,SHOW,2020,2020,TV-MA,52,0,1.0,7.1,7354.0,6.9,10.282,1,crime,2,US,1
ts219162,Inside Bill's Brain: Decoding Bill Gates,SHOW,2019,2010,TV-14,53,0,1.0,7.9,10892.0,7.5,6.426,1,documentation,1,US,1
tm316311,Wasp Network,MOVIE,2020,2020,R,128,0,,5.9,10368.0,6.1,10.195,1,thriller,3,BR,4
tm375883,Klaus,MOVIE,2019,2010,PG,96,0,,8.1,143737.0,8.3,20.85,1,fantasy,5,ES,1
ts268560,The Uncanny Counter,SHOW,2020,2020,TV-14,64,0,1.0,8.1,6033.0,8.8,28.255,1,drama,5,KR,1
ts306090,GREAT PRETENDER,SHOW,2020,2020,TV-MA,23,0,1.0,7.9,4902.0,7.6,13.641,1,drama,5,JP,1
tm974366,We Can Be Heroes,MOVIE,2020,2020,PG,97,0,,4.7,14759.0,6.2,72.986,1,fantasy,5,US,1
tm443179,All the Bright Places,MOVIE,2020,2020,Not Rated,108,0,,6.5,28355.0,7.7,81.765,1,romance,2,US,1
tm498034,The Last Blockbuster,MOVIE,2020,2020,Not Rated,86,0,,6.7,5448.0,6.6,8.213,1,documentation,1,US,1
tm446609,The Great Hack,MOVIE,2019,2010,Not Rated,114,0,,7.1,22838.0,6.9,15.376,1,documentation,2,US,1
ts105542,The Baker and the Beauty,SHOW,2020,2020,TV-14,32,0,1.0,7.3,4270.0,8.1,8.545,1,comedy,3,US,1
ts83107,V Wars,SHOW,2019,2010,TV-MA,42,0,1.0,6.0,13745.0,7.7,19.7,1,scifi,3,US,1
ts251782,High Score,SHOW,2020,2020,TV-14,42,0,1.0,7.4,7912.0,7.6,13.282,1,documentation,2,US,1
tm810547,Night in Paradise,MOVIE,2020,2020,Not Rated,131,0,,6.7,6747.0,6.9,61.796,1,thriller,4,KR,1
tm919864,The Disciple,MOVIE,2020,2020,Not Rated,128,0,,7.1,2567.0,6.8,3.49,1,drama,2,IN,1
ts88721,Special,SHOW,2019,2010,TV-MA,22,0,2.0,7.6,9434.0,6.7,6.88,1,comedy,2,US,1
ts89347,Street Food,SHOW,2019,2010,TV-G,31,0,2.0,7.9,2760.0,7.9,4.101,1,documentation,1,US,1
ts236091,Oh My Baby,SHOW,2020,2020,TV-14,68,0,1.0,7.2,213.0,7.0,4.131,1,comedy,4,KR,1
tm827508,The Boys in the Band,MOVIE,2020,2020,R,121,0,,6.8,15376.0,6.8,11.082,1,drama,1,US,1
tm845415,Miss Americana,MOVIE,2020,2020,R,85,0,,7.4,19482.0,7.9,16.672,1,music,2,US,1
ts89747,High Seas,SHOW,2019,2010,TV-MA,42,0,4.0,6.8,7359.0,7.0,20.911,1,crime,3,ES,1
ts81646,Chambers,SHOW,2019,2010,TV-MA,44,0,1.0,6.4,8455.0,6.8,13.586,1,drama,4,US,1
tm822246,The Forty-Year-Old Version,MOVIE,2020,2020,R,123,0,,7.2,5003.0,6.9,11.646,1,comedy,3,US,1
ts108392,The Letter for the King,SHOW,2020,2020,TV-PG,47,0,1.0,5.9,7468.0,7.1,8.039,1,action,4,GB,1
ts236685,Lies and Deceit,SHOW,2020,2020,Not Rated,49,0,1.0,,,5.2,5.086,1,thriller,1,ES,1
ts227385,Transformers: War for Cybertron: Siege,SHOW,2020,2020,TV-14,19,0,3.0,,,7.6,30.394,1,scifi,3,US,1
tm948128,Audrey,MOVIE,2020,2020,PG,100,0,,7.1,1960.0,7.1,8.723,1,documentation,2,US,2
ts222455,The Devil Next Door,SHOW,2019,2010,TV-MA,46,0,1.0,7.6,13370.0,7.2,6.571,1,crime,3,US,2
tm828069,Calm with Horses,MOVIE,2020,2020,Not Rated,100,0,,6.8,5649.0,6.4,6.1,1,crime,2,IE,2
tm935309,Skylines,MOVIE,2020,2020,R,113,0,,4.7,8139.0,5.6,92.324,1,scifi,2,FR,3
ts106536,White Lines,SHOW,2020,2020,TV-MA,55,0,1.0,6.6,16768.0,6.8,14.393,1,drama,3,GB,1
tm458467,Girl on the Third Floor,MOVIE,2019,2010,Not Rated,93,0,,4.7,10005.0,5.3,10.168,1,horror,3,US,1
ts84586,Spinning Out,SHOW,2020,2020,TV-MA,49,0,1.0,7.6,14066.0,8.1,14.067,1,drama,2,US,1
ts89251,Tales of the City,SHOW,2019,2010,TV-MA,56,0,1.0,7.4,7930.0,7.5,10.445,1,drama,1,US,1
ts90937,Stateless,SHOW,2020,2020,TV-14,53,0,1.0,7.5,9327.0,6.8,8.085,1,drama,1,AU,1
ts86978,Power Rangers Beast Morphers,SHOW,2019,2010,TV-Y7,22,0,2.0,6.5,602.0,9.7,1.802,1,action,7,ES,1
tm426638,Vita & Virginia,MOVIE,2019,2010,Not Rated,110,0,,5.7,3823.0,6.9,8.037,1,drama,3,GB,2
tm852996,Captain Underpants: Epic Choice-o-rama,MOVIE,2020,2020,Not Rated,37,0,,6.4,80.0,8.0,4.5,1,comedy,6,US,1
ts87471,Darwin's Game,SHOW,2020,2020,TV-14,25,0,1.0,7.2,2440.0,7.86,14.208,1,action,5,JP,1
tm464557,The Perfect Date,MOVIE,2019,2010,PG-13,93,0,,5.8,38796.0,6.5,51.174,1,romance,2,US,1
ts86946,Osmosis,SHOW,2019,2010,TV-MA,42,0,1.0,5.7,3041.0,5.9,8.783,1,drama,3,FR,1
ts86726,Tidying Up with Marie Kondo,SHOW,2019,2010,TV-PG,40,0,1.0,6.6,3568.0,6.8,4.47,1,reality,1,US,1
tm554944,Love Wedding Repeat,MOVIE,2020,2020,Not Rated,100,0,,5.5,20412.0,5.66,10.708,1,comedy,2,GB,2
tm845437,Disclosure,MOVIE,2020,2020,Not Rated,107,0,,8.2,5421.0,8.2,13.019,1,documentation,1,US,1
tm463385,Framing John DeLorean,MOVIE,2019,2010,Not Rated,109,0,,6.5,2331.0,6.2,4.842,1,drama,2,US,1
tm856375,The Decline,MOVIE,2020,2020,R,83,0,,6.0,8782.0,6.2,7.679,1,thriller,2,CA,1
tm822907,Patsy & Loretta,MOVIE,2019,2010,Not Rated,88,0,,6.8,1062.0,6.6,4.824,1,music,2,US,1
tm952590,What Lies Below,MOVIE,2020,2020,Not Rated,87,0,,4.3,8290.0,5.4,35.418,1,horror,3,US,1
tm918706,The Sleepover,MOVIE,2020,2020,Not Rated,103,0,,5.6,10399.0,6.5,9.88,1,action,3,US,1
tm910040,Milkwater,MOVIE,2020,2020,Not Rated,102,0,,,,4.3,1.692,1,comedy,2,US,1
ts243036,Selena: The Series,SHOW,2020,2020,TV-PG,38,0,2.0,6.9,4505.0,7.5,45.91,1,drama,2,US,1
tm831061,Magamuni,MOVIE,2019,2010,PG-13,157,0,,7.8,2207.0,6.9,1.418,1,drama,3,IN,1
ts271247,LEGO City Adventures,SHOW,2019,2010,TV-Y7,13,0,4.0,6.7,194.0,7.4,7.24,1,animation,4,US,1
ts255926,Dash & Lily,SHOW,2020,2020,TV-14,25,0,1.0,7.5,16978.0,8.2,16.738,1,drama,3,US,1
tm827216,Bill Burr: Paper Tiger,MOVIE,2019,2010,Not Rated,67,0,,8.1,10979.0,7.3,6.16,1,comedy,1,GB,2
ts76382,Carmen Sandiego,SHOW,2019,2010,TV-Y7,25,0,4.0,7.9,5744.0,8.1,16.916,1,animation,4,US,1
ts89282,Toy Boy,SHOW,2019,2010,TV-MA,61,0,2.0,6.5,7526.0,7.7,23.996,1,drama,4,ES,1
tm497383,Sergio,MOVIE,2020,2020,R,118,0,,6.2,9698.0,6.7,11.893,1,drama,4,JO,4
tm475252,The Lift Boy,MOVIE,2019,2010,Not Rated,107,0,,7.1,2666.0,6.8,1.422,1,drama,2,IN,1
tm887450,Made You Look: A True Story About Fake Art,MOVIE,2020,2020,Not Rated,96,0,,7.0,4230.0,7.0,4.929,1,documentation,2,CA,1
ts321758,Vagabond,SHOW,2019,2010,TV-MA,63,0,1.0,8.2,7982.0,8.475,29.264,1,drama,4,KR,1
tm898474,The Swarm,MOVIE,2020,2020,Not Rated,101,0,,5.3,6892.0,5.817,11.418,1,horror,4,FR,1
tm852097,A Whisker Away,MOVIE,2020,2020,Not Rated,104,0,,6.7,9818.0,8.0,64.583,1,fantasy,5,JP,1
tm471878,Fatima,MOVIE,2020,2020,PG-13,113,0,,6.5,3232.0,7.2,8.184,1,drama,2,PT,2
tm827142,Dave Chappelle: Sticks & Stones,MOVIE,2019,2010,R,65,0,,8.4,26075.0,7.646,7.885,1,comedy,1,US,1
ts256309,Aunty Donna's Big Ol House of Fun,SHOW,2020,2020,TV-MA,20,0,1.0,7.9,6318.0,7.5,4.316,1,comedy,1,AU,1
ts219080,Caliphate,SHOW,2020,2020,TV-MA,48,0,1.0,8.2,18134.0,7.3,12.662,1,drama,4,SE,1
ts256764,Heaven Official's Blessing,SHOW,2020,2020,TV-14,24,0,1.0,8.2,1475.0,8.6,7.437,1,scifi,4,CN,2
tm828317,Tell Me Who I Am,MOVIE,2019,2010,Not Rated,85,0,,7.6,14466.0,7.5,6.542,1,thriller,3,GB,1
ts251157,Wizards: Tales of Arcadia,SHOW,2020,2020,TV-Y7,24,0,1.0,,,8.303,27.027,1,action,4,US,1
tm918734,Concrete Cowboy,MOVIE,2020,2020,R,111,0,,6.3,8660.0,6.2,8.139,1,western,2,US,2
tm818502,"Live Twice, Love Once",MOVIE,2019,2010,Not Rated,101,0,,7.2,6588.0,7.5,14.209,1,comedy,3,ES,1
ts223308,Astronomy Club: The Sketch Show,SHOW,2019,2010,TV-MA,20,0,1.0,6.9,598.0,7.2,1.4,1,comedy,1,US,1
tm926004,The Boss Baby: Get That Baby!,MOVIE,2020,2020,Not Rated,24,0,,,,7.0,56.526,1,animation,1,US,1
tm490222,Uncorked,MOVIE,2020,2020,Not Rated,104,0,,6.4,5588.0,6.1,8.757,1,drama,2,US,1
tm467579,The Last Summer,MOVIE,2019,2010,Not Rated,109,0,,,,6.0,20.86,1,romance,2,US,1
ts215178,Grand Army,SHOW,2020,2020,TV-MA,52,0,1.0,7.4,6723.0,8.0,9.697,1,drama,1,US,1
ts213820,Next in Fashion,SHOW,2020,2020,TV-14,50,0,1.0,7.3,3646.0,8.0,4.72,1,reality,1,US,1
ts89326,Persona,SHOW,2019,2010,TV-MA,22,0,2.0,6.6,1196.0,6.5,5.056,1,drama,1,KR,1
ts223759,Killer Inside: The Mind of Aaron Hernandez,SHOW,2020,2020,TV-MA,67,0,1.0,7.4,16934.0,7.4,7.173,1,documentation,3,US,1
tm452826,Poms,MOVIE,2019,2010,PG-13,91,0,,6.0,6274.0,6.6,9.696,1,comedy,3,GB,2
tm928541,Barbie: Princess Adventure,MOVIE,2020,2020,G,71,0,,5.5,474.0,7.3,79.617,1,animation,2,US,1
tm858954,Nobody Sleeps in the Woods Tonight,MOVIE,2020,2020,Not Rated,102,0,,4.9,11603.0,5.0,91.502,1,horror,6,PL,1
tm845549,The Reason I Jump,MOVIE,2020,2020,Not Rated,82,0,,7.5,835.0,7.2,2.638,1,documentation,2,US,2
tm432022,Violet Evergarden: The Movie,MOVIE,2020,2020,PG,140,0,,8.3,6099.0,8.5,19.795,1,fantasy,4,JP,1
ts192440,Garth Brooks: The Road I'm On,SHOW,2019,2010,TV-PG,86,0,1.0,7.4,287.0,10.0,0.699,1,documentation,2,US,1
ts225912,Biohackers,SHOW,2020,2020,TV-MA,42,0,2.0,6.8,9577.0,7.5,11.461,1,drama,4,DE,1
ts93066,The I-Land,SHOW,2019,2010,TV-MA,40,0,1.0,4.6,16918.0,5.66,16.064,1,drama,3,US,1
tm475783,Jo Koy: Comin’ In Hot,MOVIE,2019,2010,Not Rated,60,0,,7.3,1049.0,7.1,2.53,1,comedy,1,US,1
ts219561,"The Mind, Explained",SHOW,2019,2010,TV-14,22,0,2.0,8.0,5312.0,7.8,9.751,1,documentation,1,US,1
tm452851,The Operative,MOVIE,2019,2010,Not Rated,120,0,,5.7,6250.0,5.7,18.028,1,thriller,3,IL,4
ts85480,Carole & Tuesday,SHOW,2019,2010,TV-PG,24,0,1.0,7.8,2038.0,7.4,9.913,1,scifi,4,JP,1
ts89958,Arthdal Chronicles,SHOW,2019,2010,Not Rated,80,0,3.0,8.3,4351.0,8.114,16.156,1,drama,5,KR,1
ts88485,Green Eggs and Ham,SHOW,2019,2010,TV-Y7,28,0,2.0,8.1,2631.0,8.6,13.878,1,animation,7,US,1
ts252856,Challenger: The Final Flight,SHOW,2020,2020,TV-14,45,0,1.0,7.8,6927.0,7.1,14.707,1,documentation,2,US,1
tm465724,See You Yesterday,MOVIE,2019,2010,Not Rated,86,0,,5.2,10725.0,5.6,7.583,1,scifi,5,US,1
tm849005,The Willoughbys,MOVIE,2020,2020,PG,92,0,,6.3,18662.0,7.1,22.543,1,comedy,5,CA,1
ts225787,Unabomber: In His Own Words,SHOW,2020,2020,TV-MA,44,0,1.0,7.2,3446.0,7.4,4.465,1,crime,2,US,1
ts254592,Song Exploder,SHOW,2020,2020,TV-MA,25,0,2.0,7.4,776.0,8.0,1.366,1,documentation,2,US,1
ts218500,Dragons: Rescue Riders,SHOW,2019,2010,TV-Y,24,0,2.0,5.9,314.0,7.0,10.237,1,action,6,US,1
tm451512,Close,MOVIE,2019,2010,R,95,0,,5.7,24755.0,5.82,17.405,1,action,3,US,2
ts224796,The Ghost Bride,SHOW,2020,2020,TV-14,51,0,1.0,6.2,739.0,7.0,7.036,1,drama,1,TW,2
tm369389,The Silence of Others,MOVIE,2019,2010,Not Rated,95,0,,8.0,2096.0,8.2,9.886,1,documentation,3,US,4
tm933375,Cuties,MOVIE,2020,2020,NC-17,96,0,,3.4,30338.0,5.3,10.271,1,drama,2,FR,1
ts251420,Hoops,SHOW,2020,2020,Not Rated,26,0,1.0,,,7.226,7.627,1,comedy,2,US,1
tm471922,An Easy Girl,MOVIE,2019,2010,Not Rated,92,0,,5.6,5045.0,5.6,16.345,1,comedy,3,FR,1
tm465231,Nate Bargatze: The Tennessee Kid,MOVIE,2019,2010,Not Rated,60,0,,7.6,1835.0,7.5,2.578,1,comedy,1,US,1
tm922788,The Babysitter: Killer Queen,MOVIE,2020,2020,R,101,0,,5.8,38684.0,6.4,83.924,1,comedy,2,US,1
ts87473,7SEEDS,SHOW,2019,2010,TV-MA,25,0,2.0,6.3,1420.0,8.0,32.402,1,scifi,6,JP,1
ts89881,Mr. Iglesias,SHOW,2019,2010,TV-14,29,0,3.0,7.1,6857.0,7.7,7.974,1,comedy,1,US,1
ts251654,Paranormal,SHOW,2020,2020,TV-14,51,0,1.0,,,7.3,9.125,1,scifi,1,EG,1
ts237751,Gameboys,SHOW,2020,2020,TV-14,27,0,2.0,8.4,1118.0,8.5,8.164,1,drama,2,PH,1
ts104449,The Liberator,SHOW,2020,2020,TV-MA,49,0,1.0,7.5,6128.0,7.1,19.173,1,action,4,US,1
tm827501,Tall Girl,MOVIE,2019,2010,PG,101,0,,5.2,23452.0,6.4,25.358,1,comedy,4,US,1
tm936236,Cadaver,MOVIE,2020,2020,Not Rated,86,0,,5.1,9860.0,5.6,39.028,1,thriller,3,FI,2
ts251067,The Baby-Sitters Club,SHOW,2020,2020,TV-G,27,0,2.0,7.3,3966.0,8.0,29.598,1,comedy,3,US,1
ts225328,Get Even,SHOW,2020,2020,TV-PG,27,0,1.0,,,7.9,20.057,1,crime,2,GB,1
ts223344,The Gift,SHOW,2019,2010,TV-MA,43,0,3.0,7.0,21802.0,7.7,16.327,1,thriller,4,TR,1
ts214861,Prank Encounters,SHOW,2019,2010,TV-MA,23,0,2.0,5.2,2728.0,7.3,15.251,1,reality,4,US,1
tm120072,Let It Snow,MOVIE,2019,2010,PG-13,93,0,,5.8,21828.0,6.101,14.599,1,romance,2,US,1
ts93054,Trinkets,SHOW,2019,2010,TV-MA,26,0,2.0,7.0,10725.0,8.089,17.648,1,drama,3,US,1
tm936396,Holidate,MOVIE,2020,2020,Not Rated,104,0,,6.1,63070.0,7.1,13.344,1,romance,2,US,1
tm676311,Sightless,MOVIE,2020,2020,Not Rated,89,0,,5.5,8368.0,7.0,9.633,1,drama,2,US,1
tm464351,The Last Thing He Wanted,MOVIE,2020,2020,R,116,0,,4.3,15238.0,4.9,12.128,1,thriller,3,GB,2
tm493175,ZZ Top: That Little Ol' Band from Texas,MOVIE,2019,2010,Not Rated,91,0,,7.5,1732.0,7.5,4.222,1,music,2,GB,1
ts237513,Ju-On: Origins,SHOW,2020,2020,TV-MA,29,0,1.0,6.1,4546.0,6.8,20.607,1,drama,2,JP,1
ts87986,Dolly Parton's Heartstrings,SHOW,2019,2010,TV-14,66,0,1.0,7.6,2107.0,7.3,4.747,1,drama,3,US,1
ts252098,The Duchess,SHOW,2020,2020,TV-MA,24,0,1.0,,,7.1,5.557,1,comedy,2,GB,1
ts93611,October Faction,SHOW,2020,2020,TV-MA,41,0,1.0,6.1,10961.0,6.8,8.382,1,horror,4,US,1
ts85619,Hache,SHOW,2019,2010,TV-MA,45,0,2.0,6.5,1638.0,6.6,14.23,1,crime,3,ES,1
tm283581,Super Deluxe,MOVIE,2019,2010,NC-17,176,0,,8.4,13680.0,7.8,7.084,1,comedy,5,IN,1
tm447439,System Crasher,MOVIE,2019,2010,Not Rated,118,0,,7.8,12874.0,7.7,10.356,1,drama,2,DE,1
tm885775,Unbreakable Kimmy Schmidt: Kimmy vs. the Reverend,MOVIE,2020,2020,PG-13,80,0,,6.9,5376.0,6.4,8.317,1,comedy,3,US,1
ts100359,Medical Police,SHOW,2020,2020,TV-MA,24,0,1.0,5.9,4203.0,6.7,9.85,1,comedy,1,US,1
ts235862,My Unfamiliar Family,SHOW,2020,2020,TV-14,73,0,1.0,7.8,109.0,8.0,15.464,1,drama,1,KR,1
ts105608,Puerta 7,SHOW,2020,2020,TV-MA,41,0,1.0,5.6,560.0,7.1,6.19,1,crime,3,AR,1
ts93482,The Last Kids on Earth,SHOW,2019,2010,Not Rated,35,0,4.0,7.2,1358.0,8.4,13.206,1,animation,5,US,1
tm835486,Jenny Slate: Stage Fright,MOVIE,2019,2010,Not Rated,66,0,,5.8,1291.0,5.9,3.462,1,comedy,2,US,1
ts103360,The Barrier,SHOW,2020,2020,TV-MA,53,0,1.0,6.8,3506.0,7.1,21.052,1,scifi,6,ES,1
ts236501,Valeria,SHOW,2020,2020,TV-MA,41,0,2.0,6.5,5701.0,7.5,24.53,1,comedy,3,ES,1
ts256784,Trash Truck,SHOW,2020,2020,TV-Y,14,0,2.0,,,7.8,6.731,1,animation,1,US,1
tm511940,Lying and Stealing,MOVIE,2019,2010,R,100,0,,5.4,5818.0,6.0,20.588,1,crime,3,US,1
tm837756,I'm No Longer Here,MOVIE,2019,2010,Not Rated,112,0,,7.3,7918.0,7.7,17.342,1,drama,1,MX,2
tm460829,Children of the Sea,MOVIE,2019,2010,Not Rated,110,0,,6.5,2850.0,7.2,17.945,1,thriller,7,JP,1
tm853396,Dragonheart: Vengeance,MOVIE,2020,2020,PG-13,96,0,,,,7.0,35.14,1,action,2,US,1
ts106126,The Bonfire of Destiny,SHOW,2019,2010,TV-MA,50,0,1.0,7.6,4560.0,7.4,10.26,1,drama,2,FR,1
tm877456,9to5: The Story of A Movement,MOVIE,2020,2020,Not Rated,89,0,,7.4,238.0,6.8,1.777,1,documentation,2,US,1
ts190462,Gentefied,SHOW,2020,2020,TV-MA,30,0,2.0,7.3,2697.0,7.8,3.205,1,comedy,2,US,1
tm459512,To All the Boys: P.S. I Still Love You,MOVIE,2020,2020,PG-13,102,0,,6.0,37471.0,6.898,38.468,1,romance,3,US,1
ts225430,Mystic Pop-up Bar,SHOW,2020,2020,Not Rated,70,0,1.0,8.0,2073.0,8.286,7.735,1,drama,4,KR,1
ts218888,BNA,SHOW,2020,2020,TV-14,24,0,1.0,7.2,2605.0,8.4,18.263,1,scifi,4,JP,1
tm847998,Hubie Halloween,MOVIE,2020,2020,PG-13,103,0,,5.2,48575.0,6.0,18.454,1,horror,4,US,1
ts88352,Designated Survivor: 60 Days,SHOW,2019,2010,Not Rated,74,0,1.0,8.1,1274.0,8.4,7.252,1,thriller,4,KR,1
tm931686,Vampires vs. the Bronx,MOVIE,2020,2020,PG-13,86,0,,5.6,9815.0,5.9,11.147,1,comedy,2,US,1
ts237096,Trial by Media,SHOW,2020,2020,TV-MA,62,0,1.0,7.1,3172.0,7.3,2.792,1,crime,2,US,1
ts83810,Cannon Busters,SHOW,2019,2010,TV-MA,24,0,1.0,6.6,1200.0,6.4,4.263,1,scifi,4,US,3
tm461366,The Coldest Game,MOVIE,2019,2010,Not Rated,104,0,,6.2,10749.0,6.2,9.345,1,thriller,4,PL,1
tm467299,Anthony Jeselnik: Fire in the Maternity Ward,MOVIE,2019,2010,Not Rated,64,0,,7.2,3605.0,7.0,4.278,1,comedy,1,US,1
ts254537,"Good Morning, Verônica",SHOW,2020,2020,TV-MA,45,0,2.0,7.5,3673.0,7.4,13.922,1,crime,3,BR,1
ts86413,AJ and the Queen,SHOW,2020,2020,TV-14,51,0,1.0,7.4,8129.0,7.7,10.486,1,comedy,2,US,1
ts252341,Chef's Table: BBQ,SHOW,2020,2020,TV-14,44,0,1.0,7.8,1006.0,7.9,3.433,1,documentation,1,US,1
ts90413,Gigantosaurus,SHOW,2019,2010,TV-G,13,0,3.0,6.4,173.0,7.0,10.686,1,animation,1,FR,2
ts275111,Rainbow High,SHOW,2020,2020,TV-Y,6,0,3.0,5.8,141.0,9.8,2.632,1,comedy,3,US,1
ts87008,Turn Up Charlie,SHOW,2019,2010,TV-MA,27,0,1.0,7.0,7431.0,7.2,5.235,1,comedy,3,GB,1
tm855600,The Stand In,MOVIE,2020,2020,R,97,0,,4.7,3439.0,5.6,7.135,1,comedy,2,US,1
tm503508,Earthquake Bird,MOVIE,2019,2010,R,107,0,,5.9,14519.0,5.9,10.326,1,romance,4,GB,2
tm824165,Falling Inn Love,MOVIE,2019,2010,Not Rated,98,0,,5.6,19559.0,6.529,19.061,1,romance,2,US,1
tm425698,The Wedding Guest,MOVIE,2019,2010,R,96,0,,5.8,5678.0,5.7,6.608,1,thriller,1,IN,2
tm446625,Miles Davis: Birth of the Cool,MOVIE,2019,2010,Not Rated,116,0,,7.4,1771.0,7.4,4.877,1,documentation,2,US,1
ts254045,Sneakerheads,SHOW,2020,2020,Not Rated,30,0,1.0,,,7.5,8.927,1,comedy,1,US,1
ts225716,Family Business,SHOW,2019,2010,TV-MA,33,0,3.0,7.4,4051.0,7.3,12.624,1,comedy,2,FR,1
ts88312,The Eddy,SHOW,2020,2020,TV-MA,58,0,1.0,7.1,2926.0,6.6,8.046,1,drama,2,FR,2
ts222917,Kevin Hart: Don't F**k This Up,SHOW,2019,2010,TV-MA,32,0,1.0,6.4,2020.0,6.2,1.443,1,documentation,1,US,1
tm918701,Don't Listen,MOVIE,2020,2020,Not Rated,98,0,,,,6.5,33.329,1,thriller,3,ES,1
tm850723,Altered Carbon: Resleeved,MOVIE,2020,2020,Not Rated,75,0,,6.5,6127.0,6.5,81.179,1,scifi,6,JP,1
tm855483,Have a Good Trip: Adventures in Psychedelics,MOVIE,2020,2020,Not Rated,85,0,,6.8,7707.0,6.9,12.231,1,documentation,2,US,1
ts101408,The Mess You Leave Behind,SHOW,2020,2020,TV-MA,45,0,1.0,6.7,9053.0,6.916,27.981,1,crime,3,ES,1
ts189629,"Nisman. The Prosecutor, the President and the Spy",SHOW,2019,2010,Not Rated,62,0,1.0,7.6,581.0,6.6,1.923,1,history,4,AR,1
ts215378,Love 101,SHOW,2020,2020,TV-14,46,0,2.0,7.5,14206.0,8.1,14.642,1,drama,3,TR,1
tm475836,The Lonely Island Presents: The Unauthorized Bash Brothers Experience,MOVIE,2019,2010,Not Rated,30,0,,,,6.2,6.171,1,comedy,2,US,1
tm524282,Invader ZIM: Enter the Florpus,MOVIE,2019,2010,Not Rated,71,0,,7.4,5796.0,7.6,10.288,1,drama,9,US,1
tm857051,Forensic,MOVIE,2020,2020,PG-13,134,0,,6.8,5124.0,6.6,5.848,1,crime,2,IN,1
ts223126,The Confession Killer,SHOW,2019,2010,TV-14,48,0,1.0,7.4,8984.0,7.3,4.44,1,crime,2,US,1
ts90621,Kota Factory,SHOW,2019,2010,TV-MA,39,0,2.0,9.1,69316.0,8.3,9.584,1,drama,2,IN,1
tm451548,The Fable,MOVIE,2019,2010,Not Rated,123,0,,6.5,1838.0,6.5,3.501,1,comedy,2,JP,1
ts223077,Broken,SHOW,2019,2010,Not Rated,60,0,1.0,,,7.3,2.361,1,documentation,1,US,1
tm469008,How High 2,MOVIE,2019,2010,Not Rated,89,0,,3.0,1123.0,6.6,17.294,1,comedy,1,US,1
tm816038,Violet Evergarden: Eternity and the Auto Memories Doll,MOVIE,2019,2010,Not Rated,90,0,,7.4,4692.0,8.2,21.408,1,family,4,JP,1
ts357033,A Love So Beautiful,SHOW,2020,2020,Not Rated,23,0,1.0,,,8.4,73.064,1,comedy,2,KR,1
ts236725,Lenox Hill,SHOW,2020,2020,TV-MA,48,0,1.0,8.6,2311.0,6.8,6.268,1,documentation,1,US,1
tm812916,The Stronghold,MOVIE,2020,2020,Not Rated,105,0,,6.9,10013.0,7.479,100.742,1,crime,4,FR,1
ts255880,Dream Home Makeover,SHOW,2020,2020,TV-G,27,0,3.0,5.6,1101.0,7.6,8.584,1,reality,1,US,1
ts113637,The Alcàsser Murders,SHOW,2019,2010,TV-MA,61,0,1.0,7.1,2127.0,7.4,7.573,1,documentation,2,ES,1
tm845535,Coded Bias,MOVIE,2020,2020,Not Rated,86,0,,6.7,2311.0,7.3,3.365,1,documentation,1,US,3
tm447159,The Kindness of Strangers,MOVIE,2019,2010,Not Rated,114,0,,6.4,3747.0,6.5,8.158,1,drama,2,US,7
ts89119,The Disappearance of Madeleine McCann,SHOW,2019,2010,TV-14,55,0,1.0,6.6,10691.0,6.8,6.571,1,crime,2,GB,1
ts251617,Connected,SHOW,2020,2020,TV-14,44,0,1.0,7.5,1724.0,8.2,4.812,1,documentation,2,US,1
ts103890,The InBESTigators,SHOW,2019,2010,Not Rated,19,0,2.0,8.1,804.0,8.8,7.564,1,comedy,3,AU,1
tm938793,I Am Woman,MOVIE,2020,2020,Not Rated,116,0,,6.5,2296.0,6.9,15.377,1,drama,4,AU,1
tm897732,Bigfoot Family,MOVIE,2020,2020,G,97,0,,5.8,2723.0,7.1,12.91,1,animation,2,BE,2
ts225460,Freud,SHOW,2020,2020,TV-MA,53,0,1.0,,,7.4,11.518,1,drama,1,DE,2
tm924991,Death of Me,MOVIE,2020,2020,R,95,0,,4.4,6176.0,5.0,36.207,1,horror,2,US,2
ts277126,Black Space,SHOW,2020,2020,TV-MA,46,0,2.0,6.7,1834.0,7.3,4.268,1,crime,3,IL,1
ts110703,Interior Design Masters,SHOW,2019,2010,Not Rated,54,0,3.0,6.4,1420.0,6.9,3.167,1,reality,1,GB,1
ts84129,No Good Nick,SHOW,2019,2010,TV-PG,29,0,2.0,5.9,2920.0,7.1,11.386,1,comedy,3,US,1
tm893799,Lost Bullet,MOVIE,2020,2020,Not Rated,92,0,,6.3,9479.0,6.7,12.144,1,thriller,3,BE,2
ts237104,History 101,SHOW,2020,2020,TV-PG,22,0,2.0,6.8,4100.0,7.0,7.172,1,documentation,2,GB,1
tm430171,Screwball,MOVIE,2019,2010,Not Rated,105,0,,7.1,1713.0,6.2,4.692,1,history,2,US,1
tm848996,Tigertail,MOVIE,2020,2020,PG,91,0,,6.6,3589.0,6.9,6.618,1,drama,1,US,1
tm846964,A Fall from Grace,MOVIE,2020,2020,Not Rated,120,0,,5.8,15341.0,7.091,13.235,1,thriller,3,US,1
tm902330,Ghosts of War,MOVIE,2020,2020,R,94,0,,5.5,9953.0,6.0,37.368,1,war,4,GB,1
tm450478,Under the Eiffel Tower,MOVIE,2019,2010,Not Rated,87,0,,5.4,1031.0,5.9,4.634,1,romance,2,US,1
ts89583,Trailer Park Boys: The Animated Series,SHOW,2019,2010,TV-MA,25,0,2.0,7.5,2983.0,7.3,12.449,1,animation,2,CA,1
ts238242,The Great Heist,SHOW,2020,2020,TV-MA,42,0,1.0,7.3,2561.0,7.3,22.871,1,crime,3,CO,1
tm826563,A Cinderella Story: Christmas Wish,MOVIE,2019,2010,PG,93,0,,5.3,,6.4,22.154,1,music,4,US,1
tm500565,Friendsgiving,MOVIE,2020,2020,R,95,0,,4.4,2875.0,4.6,6.446,1,comedy,2,US,1
tm887369,Jerry Seinfeld: 23 Hours to Kill,MOVIE,2020,2020,Not Rated,60,0,,6.7,5128.0,6.2,4.296,1,comedy,1,US,1
tm844642,Michelle Wolf: Joke Show,MOVIE,2019,2010,Not Rated,59,0,,7.2,1621.0,6.8,3.234,1,comedy,1,US,1
tm981451,Death to 2020,MOVIE,2020,2020,Not Rated,71,0,,6.8,38522.0,6.6,10.954,1,comedy,1,GB,2
tm822832,Lingua Franca,MOVIE,2020,2020,Not Rated,95,0,,6.5,698.0,6.1,2.528,1,drama,1,PH,2
ts236051,The Least Expected Day: Inside the Movistar Team 2019,SHOW,2020,2020,TV-MA,30,0,3.0,7.4,765.0,7.1,3.051,1,documentation,2,ES,1
tm680024,Surviving R. Kelly: The Impact,MOVIE,2019,2010,Not Rated,120,0,,6.1,100.0,,,1,documentation,1,US,1
tm678851,Article 15,MOVIE,2019,2010,Not Rated,130,0,,8.2,33033.0,7.7,6.181,1,crime,3,IN,1
tm935895,The Life Ahead,MOVIE,2020,2020,PG-13,94,0,,6.8,14170.0,6.7,13.394,1,drama,2,IT,2
tm855535,The Hater,MOVIE,2020,2020,Not Rated,135,0,,,,6.9,12.908,1,drama,3,PL,1
tm893816,Desperados,MOVIE,2020,2020,Not Rated,105,0,,5.2,10269.0,6.1,8.691,1,comedy,2,US,1
ts223238,My Holo Love,SHOW,2020,2020,TV-14,53,0,1.0,7.6,2511.0,8.6,24.845,1,drama,3,KR,1
ts88296,Ares,SHOW,2020,2020,TV-MA,29,0,1.0,5.7,4389.0,6.9,7.928,1,thriller,3,NL,1
ts86744,Romance Is a Bonus Book,SHOW,2019,2010,Not Rated,63,0,1.0,8.0,5278.0,8.076,15.982,1,drama,3,KR,1
ts106141,The Chosen One,SHOW,2019,2010,TV-MA,44,0,2.0,5.7,701.0,8.2,7.873,1,thriller,2,BR,1
tm860965,Dave Chappelle: The Kennedy Center Mark Twain Prize,MOVIE,2020,2020,Not Rated,86,0,,7.4,2179.0,7.3,5.378,1,comedy,1,US,1
tm371882,Ne Zha,MOVIE,2019,2010,PG-13,110,0,,,,8.0,6.397,1,fantasy,1,CN,1
tm890674,Becoming,MOVIE,2020,2020,PG,89,0,,6.8,6349.0,7.5,9.982,1,documentation,1,US,1
ts189422,Home for Christmas,SHOW,2019,2010,TV-MA,29,0,2.0,7.7,13794.0,7.3,8.298,1,comedy,3,NO,1
tm447520,Sebastian Maniscalco: Stay Hungry,MOVIE,2019,2010,Not Rated,65,0,,7.0,1324.0,6.4,2.991,1,comedy,1,US,1
tm977997,Captain Underpants: Mega Blissmas,MOVIE,2020,2020,G,46,0,,5.2,160.0,5.8,18.41,1,animation,3,US,1
ts89028,Delhi Crime,SHOW,2019,2010,TV-MA,35,0,2.0,8.5,19158.0,8.2,11.392,1,drama,2,IN,1
ts187070,Pup Academy,SHOW,2019,2010,TV-Y,27,0,2.0,6.5,512.0,7.0,13.06,1,family,2,US,1
ts252122,The Possessed,SHOW,2020,2020,TV-MA,9,0,1.0,5.7,931.0,10.0,0.6,1,thriller,2,KR,1
ts111206,Fast & Furious Spy Racers,SHOW,2019,2010,TV-Y7,24,0,6.0,5.7,1467.0,6.946,57.899,1,family,6,US,1
ts90995,1994,SHOW,2019,2010,TV-MA,178,0,1.0,7.6,524.0,8.7,2.626,1,documentation,2,MX,1
tm812998,Miracle in Cell No. 7,MOVIE,2019,2010,Not Rated,132,0,,8.2,47771.0,8.3,65.548,1,drama,1,TR,1
ts223192,Hospital Playlist,SHOW,2020,2020,TV-14,93,0,2.0,8.8,5099.0,8.983,27.612,1,drama,2,KR,1
ts254600,The Playbook,SHOW,2020,2020,TV-MA,34,0,1.0,7.4,1395.0,6.8,8.281,1,documentation,2,US,1
tm857430,The Occupant,MOVIE,2020,2020,R,103,0,,6.4,17289.0,6.3,8.774,1,thriller,4,ES,1
ts226588,100 Humans: Life's Questions. Answered.,SHOW,2020,2020,TV-14,37,0,1.0,5.7,4055.0,6.4,3.447,1,documentation,2,US,1
ts242244,Japan Sinks: 2020,SHOW,2020,2020,TV-MA,26,0,1.0,6.4,2992.0,7.3,11.82,1,action,4,JP,1
ts268608,The Ripper,SHOW,2020,2020,TV-MA,49,0,1.0,7.1,9461.0,6.9,4.87,1,documentation,2,GB,1
ts189405,Killer Ratings,SHOW,2019,2010,TV-MA,50,0,1.0,7.6,1711.0,7.6,3.109,1,documentation,2,BR,1
tm452573,Gabriel Iglesias: One Show Fits All,MOVIE,2019,2010,Not Rated,90,0,,7.2,1830.0,6.8,5.845,1,comedy,2,US,1
ts254916,The Cabin with Bert Kreischer,SHOW,2020,2020,TV-MA,27,0,1.0,6.6,1637.0,8.8,4.845,1,comedy,2,,0
tm834664,Nikki Glaser: Bangin',MOVIE,2019,2010,Not Rated,63,0,,6.1,1669.0,6.6,4.226,1,comedy,1,US,1
ts251028,Detention,SHOW,2020,2020,TV-MA,49,0,1.0,6.3,512.0,7.9,4.759,1,drama,3,TW,1
ts103213,Queen Sono,SHOW,2020,2020,TV-MA,43,0,2.0,5.9,1240.0,7.5,2.243,1,thriller,4,ZA,1
tm493511,The Sky Is Pink,MOVIE,2019,2010,Not Rated,143,0,,7.5,8664.0,7.8,6.395,1,family,3,IN,1
ts268508,Alien Worlds,SHOW,2020,2020,TV-PG,44,0,1.0,6.5,3596.0,6.8,12.757,1,documentation,3,GB,1
ts92547,Rise of Empires: Ottoman,SHOW,2020,2020,Not Rated,45,0,2.0,7.9,22274.0,7.2,14.297,1,drama,5,TR,1
ts88744,Losers,SHOW,2019,2010,TV-MA,8,0,1.0,7.6,1766.0,7.4,1.065,1,documentation,4,GB,1
tm883441,Money Heist: The Phenomenon,MOVIE,2020,2020,Not Rated,57,0,,7.4,3482.0,7.5,43.094,1,documentation,1,ES,1
tm847430,Words Bubble Up Like Soda Pop,MOVIE,2020,2020,Not Rated,87,0,,,,7.4,19.969,1,animation,2,JP,1
tm922532,Freaks – You're One of Us,MOVIE,2020,2020,NC-17,93,0,,5.4,5809.0,5.7,11.865,1,fantasy,5,DE,1
ts221293,The King: Eternal Monarch,SHOW,2020,2020,Not Rated,71,0,1.0,,,8.47,32.989,1,drama,2,KR,1
ts217719,Basketball or Nothing,SHOW,2019,2010,TV-PG,34,0,1.0,7.4,623.0,8.3,3.315,1,documentation,2,US,1
ts226602,How to Fix a Drug Scandal,SHOW,2020,2020,TV-MA,53,0,1.0,7.0,3298.0,7.4,4.32,1,documentation,2,US,1
ts255104,Deaf U,SHOW,2020,2020,TV-MA,19,0,1.0,6.4,466.0,5.8,7.534,1,reality,3,US,1
tm885860,Hannah Gadsby: Douglas,MOVIE,2020,2020,Not Rated,72,0,,,,7.5,4.485,1,comedy,1,AU,1
ts101060,Merry Happy Whatever,SHOW,2019,2010,TV-PG,26,0,1.0,6.4,4542.0,6.6,4.855,1,comedy,1,US,1
ts222367,We Are the Wave,SHOW,2019,2010,Not Rated,49,0,1.0,6.2,2687.0,6.0,8.768,1,drama,1,DE,1
ts86365,Rilakkuma and Kaoru,SHOW,2019,2010,TV-PG,12,0,1.0,8.2,1616.0,7.4,8.237,1,animation,4,JP,1
tm453850,Time to Hunt,MOVIE,2020,2020,Not Rated,135,0,,6.3,5621.0,7.2,14.681,1,thriller,5,KR,1
ts91124,Love Alarm,SHOW,2019,2010,TV-MA,52,0,2.0,6.8,5534.0,8.5,106.624,1,scifi,4,KR,1
ts222634,Nobody's Looking,SHOW,2019,2010,TV-MA,26,0,1.0,7.7,2024.0,7.6,3.534,1,comedy,3,BR,1
ts223589,"Sex, Explained",SHOW,2020,2020,TV-MA,22,0,1.0,6.9,3215.0,6.6,63.817,1,documentation,1,US,1
tm472195,Almost Love,MOVIE,2019,2010,Not Rated,94,0,,5.7,1133.0,6.4,4.298,1,comedy,3,US,1
ts317497,The Neighbor,SHOW,2019,2010,TV-MA,29,0,2.0,6.5,2152.0,6.5,11.332,1,comedy,2,ES,1
ts256783,We Are the Champions,SHOW,2020,2020,TV-MA,32,0,1.0,7.1,1415.0,6.3,8.238,1,documentation,1,US,1
tm455059,We Die Young,MOVIE,2019,2010,R,93,0,,5.2,4181.0,6.9,17.605,1,thriller,5,BG,2
tm893680,Jo Koy: In His Elements,MOVIE,2020,2020,Not Rated,55,0,,5.4,469.0,5.6,3.871,1,comedy,1,US,1
tm888080,The Last Days of American Crime,MOVIE,2020,2020,Not Rated,149,0,,3.7,11465.0,6.7,9.916,1,action,5,US,1
tm854669,Taylor Tomlinson: Quarter-Life Crisis,MOVIE,2020,2020,Not Rated,61,0,,7.4,3791.0,7.266,4.627,1,comedy,1,US,1
ts222933,Who Killed Little Gregory?,SHOW,2019,2010,Not Rated,60,0,1.0,7.4,2952.0,7.6,3.312,1,documentation,4,FR,1
ts223982,Until Dawn,SHOW,2020,2020,Not Rated,21,0,1.0,2.4,149.0,2.8,1.727,1,reality,2,FR,1
ts89876,Lunatics,SHOW,2019,2010,TV-MA,36,0,1.0,6.5,3179.0,6.2,3.871,1,comedy,1,US,1
tm917036,The Speed Cubers,MOVIE,2020,2020,Not Rated,41,0,,,,7.6,6.921,1,documentation,1,US,1
ts218277,Apache: The Life of Carlos Tevez,SHOW,2019,2010,TV-MA,47,0,1.0,7.2,1616.0,7.6,15.604,1,crime,4,AR,1
ts315066,Vampires,SHOW,2020,2020,TV-MA,40,0,1.0,5.7,1289.0,7.5,14.702,1,scifi,4,FR,1
ts223659,Jamtara – Sabka Number Ayega,SHOW,2020,2020,Not Rated,27,0,1.0,7.2,6319.0,7.6,4.971,1,drama,2,IN,1
ts219422,When the Camellia Blooms,SHOW,2019,2010,Not Rated,55,0,1.0,7.9,2459.0,8.4,9.96,1,drama,4,KR,1
tm458127,Human Nature,MOVIE,2019,2010,Not Rated,107,0,,7.7,1608.0,7.2,3.416,1,documentation,2,US,1
ts225102,Record of Youth,SHOW,2020,2020,TV-14,73,0,1.0,7.2,2381.0,8.3,16.785,1,drama,2,KR,1
ts88336,Dating Around,SHOW,2019,2010,Not Rated,27,0,2.0,6.3,1208.0,5.5,5.019,1,reality,2,US,1
ts102933,Les de l'hoquei,SHOW,2019,2010,TV-MA,51,0,2.0,6.8,437.0,7.7,7.492,1,drama,2,ES,1
tm454375,Benchwarmers 2: Breaking Balls,MOVIE,2019,2010,PG-13,90,0,,4.1,967.0,4.5,6.37,1,comedy,2,US,1
tm838687,Holiday in the Wild,MOVIE,2019,2010,Not Rated,85,0,,6.1,15216.0,6.5,12.279,1,romance,3,US,1
ts224072,Self Made: Inspired by the Life of Madam C.J. Walker,SHOW,2020,2020,TV-MA,47,0,1.0,7.3,11711.0,7.5,10.598,1,drama,2,US,1
ts254568,The Last Word,SHOW,2020,2020,TV-MA,41,0,1.0,7.0,961.0,6.7,4.113,1,drama,2,DE,1
tm848995,Jingle Jangle: A Christmas Journey,MOVIE,2020,2020,PG,122,0,,6.4,18374.0,6.65,28.329,1,fantasy,3,US,1
ts105192,The Unlisted,SHOW,2019,2010,Not Rated,24,0,1.0,6.5,968.0,7.6,8.926,1,scifi,3,AU,1
tm470560,Circus of Books,MOVIE,2019,2010,Not Rated,92,0,,7.1,4624.0,6.9,7.515,1,documentation,2,US,1
ts272134,Transformers: War for Cybertron: Earthrise,SHOW,2020,2020,TV-Y7,24,0,1.0,,,8.0,8.514,1,animation,3,US,1
ts219895,Tiny Pretty Things,SHOW,2020,2020,TV-MA,56,0,1.0,5.9,9252.0,7.692,23.608,1,thriller,2,US,1
tm883189,Dangerous Lies,MOVIE,2020,2020,Not Rated,96,0,,5.3,16943.0,6.4,11.808,1,thriller,5,US,1
tm1127695,The Endless Trench,MOVIE,2019,2010,Not Rated,148,0,,7.2,6400.0,7.0,10.223,1,drama,6,ES,2
tm469400,Brené Brown: The Call to Courage,MOVIE,2019,2010,Not Rated,76,0,,7.7,1552.0,7.1,4.84,1,documentation,2,US,1
tm670553,Your Name Engraved Herein,MOVIE,2020,2020,Not Rated,118,0,,7.2,5938.0,8.2,9.885,1,drama,2,TW,1
tm942240,Dance of the Forty One,MOVIE,2020,2020,Not Rated,99,0,,6.8,4386.0,7.9,10.872,1,drama,2,BR,2
tm839411,Me Against You: Mr. S's Vendetta,MOVIE,2020,2020,Not Rated,64,0,,1.6,370.0,8.2,8.374,1,comedy,3,IT,1
ts226468,Summertime,SHOW,2020,2020,TV-MA,43,0,3.0,6.0,2732.0,6.9,54.788,1,drama,3,IT,1
tm823355,Inside Man: Most Wanted,MOVIE,2019,2010,R,106,0,,5.6,3967.0,6.6,19.139,1,action,3,US,1
ts110635,Luna Nera,SHOW,2020,2020,TV-MA,45,0,1.0,5.9,2996.0,7.7,17.252,1,drama,4,IT,1
ts215718,Extracurricular,SHOW,2020,2020,TV-MA,55,0,1.0,,,8.2,21.834,1,drama,2,KR,1
ts87224,Always a Witch,SHOW,2019,2010,TV-14,38,0,2.0,6.2,2474.0,7.1,18.361,1,scifi,3,CO,1
ts192297,Morphle,SHOW,2019,2010,TV-Y,10,0,5.0,5.2,83.0,10.0,0.832,1,animation,2,NL,2
tm857187,Tom Segura: Ball Hog,MOVIE,2020,2020,Not Rated,70,0,,7.3,2967.0,6.8,4.265,1,comedy,1,US,1
ts224198,Rugal,SHOW,2020,2020,TV-MA,60,0,1.0,,,7.8,10.021,1,action,5,KR,1
tm814671,Secret Obsession,MOVIE,2019,2010,Not Rated,97,0,,4.4,21578.0,5.5,18.658,1,drama,2,US,1
ts87372,Ultramarine Magmell,SHOW,2019,2010,TV-14,24,0,1.0,6.0,627.0,7.0,10.92,1,animation,3,JP,1
ts93981,Monarca,SHOW,2019,2010,TV-MA,44,0,2.0,7.8,3264.0,7.6,31.761,1,drama,1,MX,1
ts103209,Exhibit A,SHOW,2019,2010,TV-14,36,0,1.0,6.3,1055.0,7.4,7.419,1,documentation,4,US,1
ts218564,"Breakfast, Lunch & Dinner",SHOW,2019,2010,TV-MA,44,0,1.0,6.7,1066.0,8.0,1.067,1,documentation,1,US,1
tm472411,Iron Fists and Kung Fu Kicks,MOVIE,2019,2010,Not Rated,108,0,,6.6,1146.0,7.0,6.234,1,documentation,2,AU,1
tm826368,American Son,MOVIE,2019,2010,Not Rated,90,0,,5.8,7004.0,6.1,7.334,1,drama,1,US,1
tm824559,"Bikram: Yogi, Guru, Predator",MOVIE,2019,2010,Not Rated,86,0,,6.7,7525.0,6.4,8.238,1,crime,2,US,1
tm376739,Bethany Hamilton: Unstoppable,MOVIE,2019,2010,PG,99,0,,7.4,736.0,7.9,2.099,1,documentation,2,US,1
ts108593,The Unsettling,SHOW,2019,2010,TV-14,23,0,1.0,5.2,717.0,6.7,7.614,1,crime,5,US,1
ts223948,The Goop Lab,SHOW,2020,2020,TV-MA,33,0,1.0,2.5,3333.0,3.2,2.106,1,documentation,2,,0
ts223456,Pandemic: How to Prevent an Outbreak,SHOW,2020,2020,TV-14,48,0,1.0,6.3,2762.0,6.9,6.633,1,documentation,1,US,1
tm814644,Coffee & Kareem,MOVIE,2020,2020,Not Rated,88,0,,5.1,13535.0,5.5,11.17,1,crime,3,US,1
tm458326,Walk. Ride. Rodeo.,MOVIE,2019,2010,Not Rated,100,0,,6.4,2407.0,7.071,14.069,1,drama,1,US,1
tm449594,Brother,MOVIE,2019,2010,Not Rated,96,0,,6.7,1066.0,6.6,7.102,1,drama,2,FR,1
ts268551,Run On,SHOW,2020,2020,Not Rated,70,0,1.0,,,7.947,30.148,1,drama,1,KR,1
ts226617,The Innocence Files,SHOW,2020,2020,TV-MA,64,0,1.0,8.0,2622.0,7.4,3.368,1,documentation,3,US,1
tm454824,Silver Skates,MOVIE,2020,2020,Not Rated,136,0,,7.1,5946.0,7.9,13.837,1,history,5,RU,1
ts220248,Hyperdrive,SHOW,2019,2010,TV-PG,48,0,1.0,,,7.5,6.122,1,reality,1,US,1
ts270439,Best Leftovers Ever!,SHOW,2020,2020,TV-G,36,0,1.0,5.6,526.0,6.8,1.467,1,reality,1,US,1
tm853113,Thomas & Friends: Marvelous Machinery,MOVIE,2020,2020,Not Rated,59,0,,6.1,16.0,2.0,1.21,1,fantasy,4,,0
tm885805,Debt Collectors,MOVIE,2020,2020,R,97,0,,5.8,4347.0,6.1,15.007,1,action,3,US,1
ts91087,One Spring Night,SHOW,2019,2010,Not Rated,47,0,1.0,7.9,2601.0,8.4,14.852,1,drama,2,KR,1
ts90645,Drug Squad: Costa del Sol,SHOW,2019,2010,TV-MA,64,0,1.0,6.7,571.0,7.0,5.835,1,drama,5,ES,1
ts236033,#blackAF,SHOW,2020,2020,TV-MA,37,0,1.0,,,7.1,2.924,1,comedy,1,US,1
tm453994,The Body Remembers When the World Broke Open,MOVIE,2019,2010,Not Rated,105,0,,6.9,757.0,7.3,3.842,1,drama,2,NO,2
ts220552,Power Players,SHOW,2019,2010,Not Rated,11,0,1.0,6.0,90.0,,1.781,1,comedy,5,FR,2
ts254737,Mighty Express,SHOW,2020,2020,TV-Y,17,0,6.0,,,8.9,4.32,1,animation,1,CA,1
ts104483,Typewriter,SHOW,2019,2010,TV-MA,50,0,1.0,6.5,3887.0,6.6,7.08,1,thriller,3,IN,1
ts106015,Kengan Ashura,SHOW,2019,2010,TV-MA,25,0,2.0,8.0,4869.0,8.3,85.14,1,animation,3,JP,1
ts107963,Restaurants on the Edge,SHOW,2019,2010,TV-14,47,0,2.0,6.8,978.0,,,1,reality,1,,0
ts218803,Diagnosis,SHOW,2019,2010,Not Rated,48,0,2.0,,,7.9,2.191,1,documentation,2,US,1
tm458328,Badla,MOVIE,2019,2010,PG-13,120,0,,7.8,27539.0,7.4,10.588,1,thriller,3,IN,1
tm838869,Wonder Boy,MOVIE,2019,2010,Not Rated,99,0,,,,6.8,3.406,1,documentation,2,FR,1
tm470836,The Show Must Go On: The Queen + Adam Lambert Story,MOVIE,2019,2010,Not Rated,81,0,,7.8,1979.0,7.5,5.053,1,music,2,US,1
tm840438,Mike Birbiglia: The New One,MOVIE,2019,2010,Not Rated,85,0,,7.7,1845.0,7.4,1.696,1,comedy,1,,0
ts225860,Bloodride,SHOW,2020,2020,TV-MA,29,0,1.0,,,7.0,10.702,1,scifi,3,NO,1
ts89231,You vs. Wild,SHOW,2019,2010,TV-PG,19,0,2.0,6.6,2606.0,6.7,3.864,1,reality,2,US,1
tm495609,Game Over,MOVIE,2019,2010,Not Rated,102,0,,7.0,7402.0,6.3,3.286,1,drama,4,IN,1
ts225162,Babies,SHOW,2020,2020,TV-PG,39,0,2.0,,,7.6,3.115,1,documentation,2,US,1
ts105645,Historical Roasts,SHOW,2019,2010,TV-MA,29,0,1.0,5.3,1716.0,5.6,1.408,1,comedy,1,US,1
tm833638,The Forest of Love,MOVIE,2019,2010,Not Rated,151,0,,6.3,2522.0,6.5,13.715,1,drama,4,JP,1
ts288353,Omniscient,SHOW,2020,2020,Not Rated,46,0,1.0,6.5,2128.0,6.7,7.159,1,scifi,3,BR,1
ts110637,Mortel,SHOW,2019,2010,TV-MA,52,0,2.0,6.4,1452.0,7.5,8.205,1,horror,5,FR,1
tm453903,Elisa & Marcela,MOVIE,2019,2010,Not Rated,118,0,,6.6,4780.0,7.4,10.823,1,drama,3,ES,1
tm461829,The Hard Way,MOVIE,2019,2010,Not Rated,94,0,,4.8,3250.0,5.4,16.86,1,action,1,US,1
tm446581,The Edge of Democracy,MOVIE,2019,2010,Not Rated,121,0,,7.3,14758.0,7.8,6.333,1,documentation,2,BR,1
tm831873,The Crimes That Bind,MOVIE,2020,2020,Not Rated,99,0,,6.7,3973.0,6.4,10.408,1,crime,3,AR,1
ts90063,Put Your Head on My Shoulder,SHOW,2019,2010,TV-Y7,41,0,1.0,8.0,2191.0,8.4,29.769,1,drama,3,CN,1
tm868777,"Love, Guaranteed",MOVIE,2020,2020,Not Rated,90,0,,5.6,17352.0,6.5,12.174,1,comedy,2,US,1
tm483997,The Kissing Booth 2,MOVIE,2020,2020,Not Rated,134,0,,5.7,31123.0,7.793,57.949,1,comedy,2,GB,1
tm838876,Undercover Brother 2,MOVIE,2019,2010,R,85,0,,3.4,690.0,3.9,4.658,1,comedy,2,US,1
ts225718,La Révolution,SHOW,2020,2020,TV-MA,46,0,1.0,6.6,5598.0,6.9,8.472,1,drama,4,FR,1
ts222609,Chocolate,SHOW,2019,2010,Not Rated,55,0,1.0,,,7.3,6.901,1,drama,1,KR,1
tm819054,Dear Mother,MOVIE,2020,2020,Not Rated,98,0,,5.8,1425.0,5.9,7.182,1,comedy,2,BE,2
ts236388,The Circle France,SHOW,2020,2020,Not Rated,47,0,1.0,7.4,719.0,8.7,1.33,1,reality,1,FR,1
ts216474,The Trial,SHOW,2019,2010,TV-MA,50,0,1.0,7.2,3151.0,7.5,7.175,1,crime,3,IT,1
ts86927,Touch Your Heart,SHOW,2019,2010,TV-MA,63,0,1.0,7.6,3252.0,8.419,22.161,1,drama,3,KR,1
tm915043,The F**k-It List,MOVIE,2020,2020,R,103,0,,5.1,5866.0,6.2,12.194,1,comedy,1,US,1
ts187443,The Minions of Midas,SHOW,2020,2020,TV-MA,53,0,1.0,6.6,4134.0,7.0,17.311,1,crime,3,ES,1
tm827304,LEGO Marvel Spider-Man: Vexed by Venom,MOVIE,2019,2010,Not Rated,21,0,,5.6,311.0,7.2,9.62,1,animation,4,US,1
tm954303,Ni de coña,MOVIE,2020,2020,Not Rated,90,0,,2.8,387.0,4.8,4.509,1,comedy,2,CO,2
ts217356,Betaal,SHOW,2020,2020,TV-MA,47,0,1.0,5.4,8998.0,6.6,7.04,1,thriller,3,IN,1
ts220983,My Country: The New Age,SHOW,2019,2010,Not Rated,75,0,1.0,,,7.7,10.914,1,drama,2,KR,1
tm917846,The Letter Reader,MOVIE,2019,2010,Not Rated,29,0,,,,6.8,2.815,1,drama,1,ZA,1
ts213544,Rookie Historian Goo Hae-Ryung,SHOW,2019,2010,Not Rated,43,0,1.0,8.1,2060.0,8.333,24.761,1,romance,4,KR,1
ts251061,Legend of Exorcism,SHOW,2020,2020,TV-14,20,0,2.0,7.7,93.0,9.5,16.041,1,scifi,4,CN,1
tm467467,Homecoming: A Film by Beyoncé,MOVIE,2019,2010,PG-13,137,0,,7.5,7085.0,8.2,10.614,1,documentation,2,US,1
ts312044,Beyblade Burst Surge,SHOW,2020,2020,TV-Y,23,0,1.0,8.3,30.0,9.7,7.501,1,animation,1,JP,1
ts221174,Ricky Zoom,SHOW,2019,2010,TV-Y,12,0,2.0,6.3,95.0,7.2,1.375,1,animation,2,CN,1
tm467848,NiNoKuni,MOVIE,2019,2010,PG-13,106,0,,6.1,3338.0,6.7,19.73,1,family,5,JP,1
tm917974,Hard Kill,MOVIE,2020,2020,R,98,0,,3.3,19750.0,5.1,13.322,1,thriller,2,US,1
tm848443,World Famous Lover,MOVIE,2020,2020,Not Rated,156,0,,5.0,3206.0,6.0,2.038,1,romance,2,IN,1
ts223895,"Hi Bye, Mama!",SHOW,2020,2020,Not Rated,63,0,2.0,7.9,1639.0,8.1,27.87,1,scifi,4,KR,1
tm917822,The 2nd,MOVIE,2020,2020,Not Rated,93,0,,3.8,8590.0,5.5,12.089,1,action,2,US,1
ts269501,BREAK IT ALL: The History of Rock in Latin America,SHOW,2020,2020,TV-MA,50,0,1.0,7.6,1230.0,7.6,7.752,1,documentation,2,AR,1
ts269442,The Surgeon's Cut,SHOW,2020,2020,TV-14,54,0,1.0,8.5,1027.0,7.7,3.714,1,documentation,1,,0
tm889018,Nobody Knows I'm Here,MOVIE,2020,2020,Not Rated,91,0,,6.5,4148.0,6.9,12.69,1,drama,2,CL,1
tm843768,John Mulaney & The Sack Lunch Bunch,MOVIE,2019,2010,PG,70,0,,7.4,3532.0,7.1,5.581,1,comedy,2,US,1
tm846166,Pets United,MOVIE,2019,2010,Not Rated,89,0,,3.7,2754.0,5.9,65.129,1,comedy,2,CN,3
tm819107,Aziz Ansari: Right Now,MOVIE,2019,2010,Not Rated,65,0,,7.5,5161.0,7.4,4.989,1,comedy,1,US,1
tm886086,Seized,MOVIE,2020,2020,R,85,0,,5.3,2270.0,6.6,12.92,1,action,2,US,1
tm847629,Dolly Parton: Here I Am,MOVIE,2019,2010,Not Rated,89,0,,7.3,1502.0,7.7,3.26,1,documentation,2,GB,1
ts89048,My First First Love,SHOW,2019,2010,TV-PG,48,0,2.0,7.5,2246.0,8.3,25.264,1,drama,1,KR,1
ts88937,Shadow,SHOW,2019,2010,TV-MA,43,0,1.0,6.5,969.0,6.5,1.143,1,crime,4,ZA,1
ts82739,Women of the Night,SHOW,2019,2010,TV-MA,47,0,2.0,6.3,879.0,6.8,7.418,1,drama,2,NL,2
ts251615,(Un)Well,SHOW,2020,2020,TV-MA,52,0,1.0,6.4,1068.0,6.7,3.075,1,documentation,2,US,1
ts89832,Abyss,SHOW,2019,2010,TV-14,63,0,1.0,7.1,2324.0,8.3,15.15,1,scifi,5,KR,1
ts216493,The Naked Director,SHOW,2019,2010,TV-MA,50,0,2.0,7.7,6147.0,7.5,252.688,1,drama,2,JP,1
tm375446,Asphalt Burning,MOVIE,2020,2020,Not Rated,100,0,,5.1,2315.0,5.4,18.974,1,comedy,3,NO,2
tm881859,A Secret Love,MOVIE,2020,2020,Not Rated,83,0,,7.8,4409.0,7.4,12.806,1,documentation,2,US,1
ts217891,SAINT SEIYA: Knights of the Zodiac,SHOW,2019,2010,TV-14,24,0,2.0,4.5,1846.0,7.337,82.799,1,animation,4,US,1
tm986700,All My Friends Are Dead,MOVIE,2020,2020,Not Rated,95,0,,5.8,6299.0,5.9,9.518,1,comedy,4,PL,1
tm674099,Rose Island,MOVIE,2020,2020,Not Rated,117,0,,7.0,20555.0,7.1,12.682,1,drama,2,IT,1
tm434830,The Grizzlies,MOVIE,2019,2010,R,106,0,,7.4,2194.0,7.6,4.171,1,drama,2,CA,1
ts254982,Nadiya Bakes,SHOW,2020,2020,Not Rated,29,0,1.0,,,10.0,1.504,1,documentation,1,GB,1
tm473601,The Son,MOVIE,2019,2010,Not Rated,92,0,,,,5.4,8.664,1,thriller,1,AR,1
tm475162,American Woman,MOVIE,2019,2010,R,85,0,,,,5.3,3.54,1,drama,1,CA,2
ts88841,The School Nurse Files,SHOW,2020,2020,TV-14,51,0,1.0,6.4,1195.0,7.8,10.551,1,scifi,4,KR,1
ts104840,Skylines,SHOW,2019,2010,TV-MA,57,0,1.0,7.5,2658.0,7.1,3.678,1,crime,5,DE,1
tm814734,Kidnapping Stella,MOVIE,2019,2010,Not Rated,89,0,,4.9,6008.0,5.3,13.895,1,crime,2,DE,1
tm912373,Jim Jefferies: Intolerant,MOVIE,2020,2020,Not Rated,66,0,,7.2,2872.0,7.2,5.264,1,comedy,1,US,1
tm916997,Work It,MOVIE,2020,2020,PG-13,93,0,,6.1,13242.0,7.7,14.953,1,comedy,2,US,1
tm465408,Burning Cane,MOVIE,2019,2010,Not Rated,77,0,,5.5,633.0,5.8,2.604,1,drama,1,US,1
tm826473,A Sun,MOVIE,2019,2010,Not Rated,155,0,,,,7.639,8.081,1,crime,2,TW,1
tm932595,A Babysitter's Guide to Monster Hunting,MOVIE,2020,2020,PG,94,0,,5.4,4172.0,6.2,39.595,1,fantasy,3,US,1
tm454156,In Family I Trust,MOVIE,2019,2010,Not Rated,94,0,,6.2,3194.0,6.3,5.414,1,romance,3,ES,1
ts221365,Criminal: Spain,SHOW,2019,2010,TV-MA,40,0,1.0,,,6.6,6.569,1,crime,2,ES,1
tm889679,Roped,MOVIE,2020,2020,PG,90,0,,5.4,1436.0,6.3,10.847,1,drama,4,US,1
ts251560,Do Do Sol Sol La La Sol,SHOW,2020,2020,Not Rated,60,0,1.0,7.3,1539.0,7.8,5.02,1,comedy,4,KR,1
tm502151,A Remarkable Tale,MOVIE,2019,2010,PG,93,0,,5.3,1251.0,5.7,7.463,1,comedy,3,ES,1
ts223242,Was It Love?,SHOW,2020,2020,TV-MA,69,0,1.0,7.1,907.0,8.1,4.721,1,drama,3,KR,1
ts237773,Curon,SHOW,2020,2020,TV-MA,50,0,1.0,,,6.9,22.426,1,scifi,2,IT,1
ts268099,LEGO Marvel Avengers: Climate Conundrum,SHOW,2020,2020,TV-Y7,39,0,1.0,6.5,80.0,4.3,4.271,1,animation,3,US,1
tm927286,Making The Witcher,MOVIE,2020,2020,PG-13,37,0,,6.8,456.0,7.6,19.659,1,documentation,1,GB,1
tm881162,Athlete A,MOVIE,2020,2020,PG-13,104,0,,7.6,10861.0,7.7,11.88,1,documentation,3,US,1
tm319139,Saaho,MOVIE,2019,2010,Not Rated,171,0,,5.0,19610.0,6.1,7.256,1,thriller,5,IN,1
tm461159,Trouble,MOVIE,2019,2010,Not Rated,88,0,,5.8,3281.0,6.7,17.173,1,action,5,CA,1
tm305433,Rocko's Modern Life: Static Cling,MOVIE,2019,2010,Not Rated,45,0,,6.9,3865.0,6.5,10.256,1,animation,6,US,1
ts314529,Catch! Teenieping,SHOW,2020,2020,TV-Y,12,0,2.0,,,,0.6,0,,0,KR,1
tm980097,Holiday on Mars,MOVIE,2020,2020,Not Rated,93,0,,2.7,583.0,3.4,6.491,1,scifi,2,IT,1
ts237488,Blood & Water,SHOW,2020,2020,TV-MA,48,0,2.0,,,7.9,10.301,1,drama,1,ZA,1
tm485801,So My Grandma's a Lesbian!,MOVIE,2019,2010,Not Rated,94,0,,4.3,1122.0,5.3,6.736,1,comedy,3,ES,2
tm978401,Mosul,MOVIE,2019,2010,Not Rated,86,0,,,,6.7,7.95,1,drama,3,US,1
ts253722,Sing On!,SHOW,2020,2020,TV-G,36,0,1.0,6.4,399.0,8.5,2.441,1,reality,2,US,1
ts268890,Lovestruck in the City,SHOW,2020,2020,TV-14,30,0,1.0,7.6,2372.0,7.763,18.949,1,drama,2,KR,1
tm835869,Jarhead: Law of Return,MOVIE,2019,2010,R,103,0,,5.6,,6.543,21.561,1,war,1,IL,2
ts114080,Twice Upon a Time,SHOW,2019,2010,Not Rated,48,0,1.0,6.2,1020.0,6.6,13.245,1,drama,5,FR,1
ts219049,Til Death Do Us Part,SHOW,2019,2010,TV-MA,44,0,1.0,,,9.0,1.966,1,scifi,2,TW,1
ts251512,Immigration Nation,SHOW,2020,2020,TV-MA,63,0,1.0,7.4,1112.0,7.0,9.729,1,documentation,1,US,1
ts90356,Terrace House: Tokyo 2019-2020,SHOW,2019,2010,Not Rated,45,0,4.0,7.4,706.0,7.1,9.3,1,reality,2,JP,1
ts222325,Magical Andes,SHOW,2019,2010,Not Rated,34,0,2.0,7.8,538.0,8.7,1.813,1,documentation,1,DE,1
ts89291,Mythomaniac,SHOW,2019,2010,TV-MA,46,0,2.0,6.8,1303.0,6.3,3.965,1,comedy,2,FR,1
ts225544,The Trials of Gabriel Fernandez,SHOW,2020,2020,TV-MA,55,0,1.0,8.1,11276.0,7.5,9.821,1,crime,2,US,1
tm836662,Go!,MOVIE,2020,2020,Not Rated,102,0,,5.9,2913.0,6.8,9.409,1,family,2,AU,1
ts251618,Tiny Creatures,SHOW,2020,2020,TV-PG,25,0,1.0,5.0,1241.0,6.9,6.667,1,documentation,3,GB,1
ts85451,45 RPM,SHOW,2019,2010,TV-MA,57,0,1.0,7.1,513.0,6.9,3.804,1,drama,2,ES,1
tm457856,ReMastered: The Two Killings of Sam Cooke,MOVIE,2019,2010,Not Rated,74,0,,7.2,2269.0,6.9,3.611,1,documentation,2,,0
ts226403,The Circle Brazil,SHOW,2020,2020,TV-MA,50,0,1.0,6.8,785.0,7.3,2.586,1,reality,1,BR,1
ts90902,Search: WWW,SHOW,2019,2010,Not Rated,63,0,1.0,7.8,1405.0,8.4,24.844,1,drama,4,KR,1
tm464435,Grass Is Greener,MOVIE,2019,2010,Not Rated,97,0,,7.1,1345.0,6.9,2.882,1,documentation,1,US,1
ts224891,Followers,SHOW,2020,2020,TV-MA,40,0,1.0,,,7.2,5.149,1,drama,2,JP,1
ts218176,The Big Show Show,SHOW,2020,2020,TV-PG,26,0,1.0,6.3,2426.0,7.5,8.046,1,comedy,2,US,1
ts222380,Brotherhood,SHOW,2019,2010,TV-MA,51,0,2.0,7.5,1356.0,8.6,7.195,1,drama,4,BR,1
ts236653,Cooked With Cannabis,SHOW,2020,2020,TV-MA,35,0,1.0,6.6,351.0,10.0,1.517,1,reality,1,US,1
ts252166,Private Lives,SHOW,2020,2020,Not Rated,67,0,1.0,6.6,620.0,6.4,8.209,1,crime,6,KR,1
ts245653,The Club,SHOW,2019,2010,TV-MA,34,0,1.0,,,7.6,12.778,1,comedy,2,MX,1
tm823488,David Foster: Off the Record,MOVIE,2019,2010,Not Rated,98,0,,7.0,577.0,7.0,3.314,1,documentation,1,CA,1
tm816992,Double World,MOVIE,2020,2020,PG-13,110,0,,6.1,4160.0,6.7,14.66,1,fantasy,2,CN,2
ts225669,Dragon's Dogma,SHOW,2020,2020,Not Rated,26,0,1.0,,,7.2,16.589,1,action,3,JP,1
ts255809,Carmel: Who Killed Maria Marta?,SHOW,2020,2020,TV-14,58,0,1.0,7.0,2463.0,7.5,33.319,1,documentation,2,AR,1
ts237208,The Big Flower Fight,SHOW,2020,2020,Not Rated,39,0,1.0,7.4,1206.0,6.9,3.011,1,reality,1,US,2
ts88271,Flavorful Origins,SHOW,2019,2010,Not Rated,12,0,4.0,7.6,603.0,8.3,7.066,1,documentation,1,CN,1
ts256853,The King's Avatar,SHOW,2019,2010,TV-MA,36,0,1.0,8.2,1135.0,9.0,17.297,1,action,2,CN,1
ts87320,Can You Hear Me?,SHOW,2019,2010,TV-MA,23,0,3.0,7.6,697.0,9.0,6.936,1,comedy,2,CA,1
tm854278,Rogue City,MOVIE,2020,2020,PG-13,116,0,,,,5.863,10.026,1,crime,4,FR,1
tm467804,Watchman,MOVIE,2019,2010,Not Rated,140,0,,,,5.2,1.537,1,drama,3,IN,1
ts225410,Unstoppable,SHOW,2020,2020,TV-MA,38,0,1.0,,,8.5,9.733,1,drama,2,MX,1
tm451502,Kolaiyuthir Kaalam,MOVIE,2019,2010,Not Rated,109,0,,2.6,411.0,4.2,4.14,1,horror,3,IN,1
tm884369,"Best Wishes, Warmest Regards: A Schitt's Creek Farewell",MOVIE,2020,2020,Not Rated,44,0,,8.6,1445.0,8.9,3.016,1,documentation,1,CA,1
tm454096,Only Mine,MOVIE,2019,2010,Not Rated,87,0,,4.6,3165.0,5.3,14.846,1,drama,2,US,1
tm850454,Tom Papa: You're Doing Great!,MOVIE,2020,2020,Not Rated,60,0,,7.2,866.0,6.1,4.955,1,comedy,1,US,1
ts251272,Skin Decision: Before and After,SHOW,2020,2020,TV-MA,40,0,1.0,5.8,413.0,8.0,1.408,1,reality,1,US,1
tm814150,How I Became a Super Hero,MOVIE,2020,2020,Not Rated,97,0,,5.8,5194.0,6.2,125.201,1,action,5,FR,1
ts90980,It's Bruno!,SHOW,2019,2010,TV-MA,3,0,1.0,7.4,2922.0,6.9,3.208,1,comedy,2,US,1
ts185885,Oktoberfest: Beer & Blood,SHOW,2020,2020,TV-MA,48,0,1.0,6.8,2177.0,7.0,6.856,1,drama,3,DE,1
tm864480,Unknown Origins,MOVIE,2020,2020,Not Rated,96,0,,6.1,6769.0,6.1,8.534,1,crime,5,AR,2
ts227412,Shaun the Sheep: Adventures from Mossy Bottom,SHOW,2020,2020,TV-Y7,12,0,1.0,8.1,572.0,8.8,3.911,1,animation,3,GB,1
ts221366,Criminal: France,SHOW,2019,2010,TV-MA,40,0,1.0,,,7.1,7.258,1,crime,3,FR,1
ts91741,Three Days of Christmas,SHOW,2019,2010,Not Rated,58,0,1.0,6.8,1249.0,6.8,5.236,1,drama,1,,0
tm518467,Dragon Rider,MOVIE,2020,2020,Not Rated,91,0,,5.6,1597.0,7.3,14.144,1,animation,6,ES,3
ts254293,The American Barbecue Showdown,SHOW,2020,2020,TV-G,43,0,1.0,7.1,1207.0,6.2,9.677,1,reality,1,US,1
tm844250,Ala Vaikunthapurramuloo,MOVIE,2020,2020,PG-13,165,0,,7.3,17029.0,6.8,9.691,1,action,3,IN,1
tm816593,"Frankenstein's Monster's Monster, Frankenstein",MOVIE,2019,2010,Not Rated,32,0,,5.8,2198.0,6.0,4.051,1,comedy,1,US,1
ts251119,Hook,SHOW,2020,2020,TV-MA,43,0,1.0,6.5,25.0,6.3,2.137,1,drama,3,TH,1
ts237111,Almost Happy,SHOW,2020,2020,TV-MA,27,0,2.0,6.8,934.0,7.2,4.813,1,comedy,1,AR,1
ts233530,Win the Wilderness: Alaska,SHOW,2020,2020,Not Rated,59,0,1.0,6.9,739.0,7.0,1.889,1,documentation,2,,0
tm366245,Drive,MOVIE,2019,2010,Not Rated,147,0,,3.1,7671.0,5.4,19.937,1,thriller,4,IN,1
tm948100,Footfairy,MOVIE,2020,2020,Not Rated,115,0,,4.9,358.0,5.0,1.021,1,crime,2,IN,1
tm857399,Marc Maron: End Times Fun,MOVIE,2020,2020,Not Rated,71,0,,6.8,1934.0,7.0,2.864,1,comedy,2,US,1
ts237014,Her Mother's Killer,SHOW,2020,2020,Not Rated,45,0,1.0,,,7.5,12.245,1,drama,1,CO,1
tm941382,Stand by Me Doraemon 2,MOVIE,2020,2020,PG,96,0,,7.5,3791.0,7.6,17.83,1,scifi,6,JP,1
tm571805,Otherhood,MOVIE,2019,2010,R,100,0,,6.1,11275.0,6.2,9.31,1,comedy,1,US,2
tm931330,BLACKPINK: Light Up the Sky,MOVIE,2020,2020,PG-13,79,0,,7.3,6427.0,8.4,10.809,1,documentation,2,US,1
ts351349,Street Food: Latin America,SHOW,2020,2020,TV-PG,35,0,1.0,7.8,1313.0,7.2,8.231,1,documentation,1,US,1
tm981863,Ammar,MOVIE,2020,2020,Not Rated,90,0,,2.6,71.0,,5.376,1,horror,1,,0
tm932201,Hope Frozen,MOVIE,2019,2010,Not Rated,75,0,,,,8.2,2.206,1,documentation,1,TH,2
ts314647,Patton Oswalt: I Love Everything,SHOW,2020,2020,Not Rated,60,0,1.0,,,,,0,,0,,0
tm494731,Sextuplets,MOVIE,2019,2010,Not Rated,97,0,,4.4,8528.0,6.3,27.608,1,comedy,1,US,1
tm470378,ReMastered: Devil at the Crossroads,MOVIE,2019,2010,Not Rated,48,0,,7.0,2748.0,6.9,9.663,1,documentation,2,US,1
tm1081074,Justine,MOVIE,2019,2010,Not Rated,105,0,,6.7,719.0,6.8,2.418,1,drama,1,US,1
ts105601,Archibald's Next Big Thing,SHOW,2019,2010,TV-Y7,23,0,2.0,7.5,289.0,8.0,6.453,1,family,6,US,1
ts269844,Paava Kadhaigal,SHOW,2020,2020,Not Rated,37,0,1.0,8.1,6710.0,8.1,1.4,1,drama,2,IN,1
ts101874,Frontera Verde,SHOW,2019,2010,Not Rated,41,0,1.0,7.2,2523.0,6.8,8.869,1,crime,4,CO,1
ts89656,The Legend of White Snake,SHOW,2019,2010,TV-14,46,0,1.0,7.3,237.0,8.2,8.369,1,drama,3,CN,1
tm452962,Eye for an Eye,MOVIE,2019,2010,Not Rated,107,0,,6.6,7625.0,6.7,10.68,1,drama,5,US,3
ts267956,Ethos,SHOW,2020,2020,Not Rated,49,0,1.0,,,7.9,8.766,1,drama,2,TR,1
ts217389,Masaba Masaba,SHOW,2020,2020,TV-MA,28,0,2.0,6.7,1760.0,9.0,8.408,1,comedy,2,IN,1
ts236332,Absurd Planet,SHOW,2020,2020,TV-PG,20,0,1.0,3.9,1483.0,5.9,10.16,1,documentation,1,US,1
tm898169,If Anything Happens I Love You,MOVIE,2020,2020,PG,12,0,,,,7.8,10.718,1,drama,2,US,1
ts85510,Rhythm + Flow,SHOW,2019,2010,TV-MA,56,0,2.0,7.6,1600.0,8.2,4.572,1,reality,2,US,1
ts187386,My Perfect Landing,SHOW,2020,2020,TV-G,25,0,1.0,6.4,175.0,9.2,5.31,1,family,1,CA,1
tm894619,Feel the Beat,MOVIE,2020,2020,G,107,0,,6.3,10967.0,7.7,18.004,1,comedy,3,US,2
tm458893,"Oh, Ramona!",MOVIE,2019,2010,R,109,0,,4.8,8895.0,5.7,20.224,1,comedy,3,RO,1
tm897170,Furie,MOVIE,2019,2010,Not Rated,98,0,,5.6,2766.0,5.8,12.402,1,thriller,3,FR,1
ts254767,"Whose Vote Counts, Explained",SHOW,2020,2020,TV-PG,25,0,1.0,7.3,1158.0,7.6,4.924,1,documentation,1,,0
tm449590,Rattlesnake,MOVIE,2019,2010,Not Rated,85,0,,4.6,8629.0,5.2,14.704,1,horror,4,US,1
tm884581,Rich in Love,MOVIE,2020,2020,Not Rated,104,0,,6.0,2687.0,7.8,15.16,1,comedy,3,BR,1
ts104168,El Dragón: Return of a Warrior,SHOW,2019,2010,TV-MA,45,0,2.0,6.8,1872.0,7.4,36.514,1,action,2,US,1
ts221363,Criminal: Germany,SHOW,2019,2010,TV-MA,44,0,1.0,7.6,5209.0,7.1,6.928,1,drama,2,DE,1
ts222049,Who Killed Malcolm X?,SHOW,2019,2010,TV-MA,43,0,1.0,7.6,2152.0,7.5,2.1,1,crime,3,US,1
tm898262,Coven,MOVIE,2020,2020,Not Rated,92,0,,6.4,4754.0,6.752,7.981,1,drama,5,ES,3
tm462611,Ready to Mingle,MOVIE,2019,2010,Not Rated,97,0,,5.9,2370.0,6.8,9.653,1,romance,2,MX,1
tm844513,M8 - When Death Rescues Life,MOVIE,2019,2010,Not Rated,84,0,,7.0,630.0,7.8,2.772,1,thriller,2,BR,1
tm854876,Out of My League,MOVIE,2020,2020,Not Rated,90,0,,6.1,2734.0,7.0,12.019,1,romance,4,IT,1
ts237071,The Forest of Love: Deep Cut,SHOW,2020,2020,TV-MA,40,0,1.0,6.8,453.0,7.0,6.072,1,drama,4,JP,1
tm987599,Best of Stand-up 2020,MOVIE,2020,2020,Not Rated,76,0,,5.4,632.0,5.9,5.473,1,comedy,1,US,1
tm462778,Jimmy Carr: The Best of Ultimate Gold Greatest Hits,MOVIE,2019,2010,Not Rated,58,0,,7.3,2325.0,6.9,4.353,1,comedy,1,US,1
tm890660,The Paramedic,MOVIE,2020,2020,Not Rated,94,0,,5.7,12396.0,6.1,11.497,1,thriller,4,ES,1
tm421560,Let's Dance,MOVIE,2019,2010,Not Rated,109,0,,5.9,1412.0,6.5,6.772,1,drama,4,BE,2
tm857397,A Life of Speed: The Juan Manuel Fangio Story,MOVIE,2020,2020,Not Rated,92,0,,6.9,1854.0,7.2,5.826,1,documentation,2,AR,1
tm472766,Kardec,MOVIE,2019,2010,Not Rated,110,0,,6.1,1543.0,6.7,9.57,1,drama,1,BR,1
tm460360,4 latas,MOVIE,2019,2010,Not Rated,105,0,,5.9,3268.0,5.8,7.463,1,comedy,3,ES,2
tm973536,Kevin Hart: Zero F**ks Given,MOVIE,2020,2020,R,69,0,,6.0,3422.0,7.0,5.211,1,comedy,1,US,1
ts191121,Reality Z,SHOW,2020,2020,TV-MA,31,0,1.0,5.6,2487.0,6.8,11.161,1,comedy,3,BR,1
ts213232,Awake: The Million Dollar Game,SHOW,2019,2010,TV-PG,38,0,1.0,5.9,783.0,6.2,0.706,1,reality,1,US,1
tm462660,Inhuman Kiss,MOVIE,2019,2010,Not Rated,122,0,,6.4,1783.0,6.3,11.895,1,horror,3,TH,1
ts251378,Mystery Lab,SHOW,2020,2020,TV-PG,26,0,1.0,7.4,782.0,7.4,1.858,1,comedy,4,BR,1
ts218890,Drifting Dragons,SHOW,2020,2020,TV-14,24,0,1.0,6.0,591.0,7.7,6.905,1,animation,4,JP,1
ts268592,Beyblade Burst Rise,SHOW,2019,2010,Not Rated,23,0,1.0,6.0,175.0,,1.112,1,action,6,XX,1
ts216593,Taco Chronicles,SHOW,2019,2010,TV-MA,30,0,2.0,,,7.9,2.929,1,documentation,1,MX,1
ts241460,Whispers,SHOW,2020,2020,TV-PG,42,0,2.0,,,8.3,1.835,1,thriller,2,SA,1
ts88552,Go! Live Your Way,SHOW,2019,2010,TV-Y7,40,0,2.0,6.7,641.0,9.1,26.206,1,drama,4,AR,1
ts87361,Back with the Ex,SHOW,2019,2010,Not Rated,45,0,1.0,6.2,632.0,8.3,1.4,1,reality,2,AU,1
ts296153,Ashley Garcia: Genius in Love,SHOW,2020,2020,TV-PG,29,0,3.0,6.7,1211.0,7.8,11.279,1,comedy,1,US,1
tm946604,What We Wanted,MOVIE,2020,2020,Not Rated,94,0,,5.9,1808.0,6.0,4.668,1,drama,1,AT,1
tm514257,The Legacy of the Bones,MOVIE,2019,2010,Not Rated,121,0,,6.3,8876.0,6.6,11.988,1,crime,3,ES,1
tm933826,Serious Men,MOVIE,2020,2020,Not Rated,115,0,,6.8,7505.0,7.0,2.765,1,drama,2,IN,1
tm835432,Sky High,MOVIE,2020,2020,Not Rated,121,0,,5.6,3532.0,6.217,27.138,1,action,5,ES,1
tm933447,Michael McIntyre: Showman,MOVIE,2020,2020,Not Rated,62,0,,7.1,1255.0,7.7,2.023,1,comedy,1,,0
ts224164,Night on Earth,SHOW,2020,2020,TV-PG,49,0,1.0,,,7.4,10.309,1,documentation,1,GB,1
tm1147120,"The Witcher Bestiary Season 1, Part 2",MOVIE,2020,2020,Not Rated,10,0,,,,4.8,4.216,1,documentation,1,US,1
tm453098,Svaha: The Sixth Finger,MOVIE,2019,2010,Not Rated,122,0,,6.2,3947.0,6.6,12.74,1,thriller,3,KR,1
ts270465,SanPa: Sins of the Savior,SHOW,2020,2020,Not Rated,60,0,1.0,7.8,1526.0,7.6,1.775,1,documentation,3,IT,1
tm886283,Legacy of Lies,MOVIE,2020,2020,R,101,0,,5.0,3493.0,5.6,10.179,1,thriller,2,NL,5
ts214192,El Final del Paraíso,SHOW,2019,2010,TV-MA,50,0,1.0,5.1,221.0,4.0,105.774,1,drama,2,MX,1
tm920096,Definition Please,MOVIE,2020,2020,Not Rated,91,0,,5.5,168.0,1.0,1.785,1,drama,2,,0
ts250871,The Business of Drugs,SHOW,2020,2020,TV-MA,43,0,1.0,7.2,1671.0,7.0,5.588,1,documentation,2,US,1
ts252141,Alien TV,SHOW,2020,2020,TV-Y7,24,0,2.0,6.1,299.0,6.6,9.927,1,family,3,AU,1
ts87488,Malibu Rescue: The Series,SHOW,2019,2010,TV-G,24,0,1.0,5.4,993.0,7.7,12.306,1,comedy,3,US,1
ts222606,Black Dog,SHOW,2019,2010,TV-14,80,0,1.0,7.6,176.0,9.1,5.171,1,drama,2,KR,1
tm475501,Wanda Sykes: Not Normal,MOVIE,2019,2010,Not Rated,66,0,,7.2,1842.0,6.8,3.26,1,comedy,1,US,1
tm464888,Love Aaj Kal,MOVIE,2020,2020,PG-13,141,0,,6.8,16075.0,6.1,3.983,1,romance,3,IN,1
tm880059,All Day and a Night,MOVIE,2020,2020,R,121,0,,5.9,3752.0,6.2,7.586,1,drama,1,US,1
ts216744,Heroes of Goo Jit Zu,SHOW,2019,2010,TV-Y7,12,0,1.0,7.7,26.0,,,1,scifi,4,,0
ts251783,Emily's Wonder Lab,SHOW,2020,2020,Not Rated,0,1,1.0,,,9.3,3.324,1,family,1,US,1
tm933639,Wish Upon a Unicorn,MOVIE,2020,2020,PG,93,0,,5.3,183.0,7.1,22.103,1,fantasy,2,US,1
tm675171,The Black Godfather,MOVIE,2019,2010,Not Rated,118,0,,7.4,1363.0,6.8,3.454,1,documentation,2,US,1
ts314648,The Witcher: A Look Inside the Episodes,SHOW,2020,2020,Not Rated,6,0,1.0,7.1,158.0,5.3,9.73,1,documentation,1,GB,1
ts214579,Dino Girl Gauko,SHOW,2019,2010,Not Rated,9,0,2.0,6.9,71.0,9.0,5.127,1,fantasy,5,JP,1
ts270742,Korean Pork Belly Rhapsody,SHOW,2020,2020,Not Rated,48,0,1.0,7.8,67.0,8.5,2.067,1,documentation,1,KR,1
ts228502,The Iliza Shlesinger Sketch Show,SHOW,2020,2020,TV-MA,19,0,1.0,4.9,923.0,8.0,1.96,1,comedy,1,US,1
tm455410,Grand-Daddy Day Care,MOVIE,2019,2010,PG-13,91,0,,4.9,875.0,6.6,6.649,1,comedy,2,FR,1
ts214462,The Queen and the Conqueror,SHOW,2020,2020,TV-14,46,0,1.0,6.5,178.0,10.0,3.778,1,drama,2,CO,1
ts104485,The Stranded,SHOW,2019,2010,TV-MA,49,0,1.0,6.2,1279.0,7.2,14.772,1,drama,2,TH,1
ts214280,You Cannot Hide,SHOW,2019,2010,TV-MA,45,0,1.0,6.4,1121.0,7.1,33.416,1,action,2,MX,1
tm450673,The Last Laugh,MOVIE,2019,2010,Not Rated,98,0,,5.6,5859.0,5.4,9.83,1,comedy,1,US,1
tm855827,Pete Davidson: Alive from New York,MOVIE,2020,2020,Not Rated,49,0,,6.1,4212.0,6.1,4.737,1,comedy,1,US,1
tm1108868,Sin City,MOVIE,2019,2010,Not Rated,101,0,,3.1,32.0,3.7,1.43,1,thriller,2,,0
tm812781,Katherine Ryan: Glitter Room,MOVIE,2019,2010,Not Rated,65,0,,6.7,1956.0,6.8,2.821,1,comedy,1,US,1
ts88133,Well-Intended Love,SHOW,2019,2010,TV-14,45,0,2.0,7.2,1466.0,7.8,14.059,1,drama,2,CN,1
tm857921,The Present,MOVIE,2020,2020,PG-13,24,0,,,,7.0,2.628,1,drama,1,QA,2
tm494531,Seventeen,MOVIE,2019,2010,Not Rated,99,0,,7.2,3940.0,7.3,7.786,1,drama,2,ES,1
ts89361,The Idhun Chronicles,SHOW,2020,2020,TV-14,27,0,2.0,5.3,568.0,7.5,9.044,1,action,4,ES,1
ts268758,Mismatched,SHOW,2020,2020,TV-MA,33,0,1.0,5.5,3712.0,6.8,3.402,1,comedy,3,IN,1
tm912400,Jack Whitehall: I'm Only Joking,MOVIE,2020,2020,Not Rated,58,0,,6.6,1519.0,6.1,3.128,1,comedy,1,GB,1
tm465513,Bulletproof 2,MOVIE,2020,2020,Not Rated,97,0,,3.5,615.0,6.7,12.219,1,action,3,US,1
tm944331,Shawn Mendes: In Wonder,MOVIE,2020,2020,Not Rated,83,0,,6.4,2049.0,8.2,10.122,1,documentation,2,US,1
ts236769,"Coronavirus, Explained",SHOW,2020,2020,TV-PG,23,0,1.0,7.6,2254.0,7.4,5.929,1,documentation,1,US,1
tm823302,Alice Júnior,MOVIE,2019,2010,PG-13,90,0,,6.8,541.0,6.8,2.977,1,romance,4,BR,1
tm496648,School Life,MOVIE,2019,2010,Not Rated,111,0,,6.5,2592.0,7.0,11.031,1,drama,3,FR,1
tm430106,El Pepe: A Supreme Life,MOVIE,2019,2010,Not Rated,74,0,,7.1,1887.0,7.5,4.752,1,documentation,1,RS,3
ts225379,The Good Detective,SHOW,2020,2020,TV-MA,65,0,2.0,,,8.6,7.633,1,drama,2,KR,1
ts224794,Glitch Techs,SHOW,2020,2020,TV-G,26,0,2.0,,,8.3,15.021,1,animation,2,US,1
ts306187,Family Reunion,SHOW,2019,2010,TV-PG,29,0,5.0,6.4,2632.0,8.6,18.784,1,comedy,2,US,1
ts236182,Brews Brothers,SHOW,2020,2020,TV-MA,28,0,1.0,5.1,1966.0,5.2,2.033,1,comedy,2,US,1
ts231260,Last One Standing,SHOW,2019,2010,Not Rated,36,0,1.0,6.8,19.0,,,1,thriller,3,,0
ts188840,Seis Manos,SHOW,2019,2010,TV-MA,27,0,1.0,7.1,1607.0,6.9,9.498,1,crime,5,US,1
ts268648,Anitta: Made in Honório,SHOW,2020,2020,TV-MA,30,0,1.0,6.9,409.0,5.5,2.634,1,documentation,2,BR,1
tm817542,Hikaru Utada Laughter in the Dark Tour 2018,MOVIE,2019,2010,G,141,0,,8.2,92.0,8.0,2.275,1,music,3,JP,1
tm918043,Raat Akeli Hai,MOVIE,2020,2020,Not Rated,149,0,,7.3,17570.0,7.2,4.929,1,crime,3,IN,1
tm454861,Patria,MOVIE,2019,2010,Not Rated,89,0,,7.2,105.0,6.6,2.152,1,documentation,3,MX,1
tm450698,The Ruthless,MOVIE,2019,2010,Not Rated,111,0,,6.2,6237.0,6.2,12.973,1,crime,3,FR,2
ts103935,Bolívar: Una lucha admirable,SHOW,2019,2010,TV-MA,52,0,1.0,7.3,760.0,7.6,28.05,1,action,3,CO,1
tm889629,Lady Driver,MOVIE,2020,2020,PG,104,0,,5.7,1538.0,6.3,13.497,1,drama,2,US,1
tm895839,Under the Riccione Sun,MOVIE,2020,2020,Not Rated,101,0,,5.5,2463.0,6.2,13.561,1,romance,3,IT,1
ts89696,Tijuana,SHOW,2019,2010,TV-14,41,0,1.0,6.9,333.0,7.7,3.965,1,drama,2,MX,1
ts190452,Stolen Away,SHOW,2020,2020,TV-14,48,0,1.0,7.1,2344.0,7.1,14.787,1,thriller,4,ES,1
ts215869,Extreme Engagement,SHOW,2019,2010,Not Rated,38,0,1.0,5.6,384.0,8.0,1.128,1,reality,2,,0
ts90280,Yankee,SHOW,2019,2010,TV-MA,38,0,1.0,5.8,701.0,6.6,8.38,1,drama,2,MX,1
tm474548,Good Sam,MOVIE,2019,2010,PG,90,0,,5.7,2951.0,6.0,8.029,1,romance,3,US,1
tm946718,Funny Boy,MOVIE,2020,2020,Not Rated,109,0,,6.4,913.0,6.0,1.489,1,drama,1,CA,2
ts100354,Monzón: A Knockout Blow,SHOW,2019,2010,TV-MA,45,0,1.0,7.9,744.0,8.3,3.878,1,sport,4,AR,1
ts88471,Girls from Ipanema,SHOW,2019,2010,TV-MA,46,0,2.0,7.8,3483.0,7.2,10.758,1,drama,2,BR,1
tm466255,Kevin Hart: Irresponsible,MOVIE,2019,2010,Not Rated,60,0,,6.5,4506.0,6.7,6.514,1,comedy,1,US,1
tm832903,Airplane Mode,MOVIE,2020,2020,Not Rated,96,0,,5.1,2603.0,6.3,11.49,1,comedy,3,BR,1
tm450832,Paradise Beach,MOVIE,2019,2010,Not Rated,93,0,,4.6,2242.0,5.2,12.684,1,action,5,FR,1
tm450462,Petta,MOVIE,2019,2010,Not Rated,172,0,,7.3,9778.0,7.1,6.578,1,action,2,IN,1
tm882887,LA Originals,MOVIE,2020,2020,Not Rated,92,0,,7.2,1820.0,7.1,7.016,1,documentation,1,US,2
ts225647,Graceful Friends,SHOW,2020,2020,TV-MA,68,0,1.0,,,8.8,3.974,1,drama,2,KR,1
ts86928,The Crowned Clown,SHOW,2019,2010,TV-14,75,0,1.0,8.0,938.0,8.7,6.289,1,drama,4,KR,1
tm847678,Romance Doll,MOVIE,2020,2020,Not Rated,123,0,,,,5.4,3.275,1,romance,2,JP,1
tm960414,A California Christmas,MOVIE,2020,2020,PG-13,106,0,,5.8,9831.0,6.4,11.246,1,romance,3,US,1
ts90640,The Writer,SHOW,2019,2010,TV-14,37,0,1.0,8.2,32.0,10.0,1.771,1,drama,2,LB,1
tm945168,Secrets of the Saqqara Tomb,MOVIE,2020,2020,Not Rated,113,0,,7.2,6326.0,7.4,12.143,1,documentation,2,EG,2
tm889200,MOTHER,MOVIE,2020,2020,Not Rated,127,0,,,,6.9,8.383,1,drama,1,JP,1
ts84639,revisions,SHOW,2019,2010,TV-MA,23,0,1.0,5.9,612.0,7.0,4.35,1,animation,3,JP,1
ts251094,Indian Matchmaking,SHOW,2020,2020,TV-14,36,0,2.0,6.2,3085.0,8.8,3.863,1,reality,3,US,2
tm466954,Alien Warfare,MOVIE,2019,2010,Not Rated,88,0,,2.6,3527.0,4.1,18.55,1,action,3,US,1
tm857805,The Bridge Curse,MOVIE,2020,2020,Not Rated,87,0,,,,6.5,35.119,1,horror,2,TW,1
ts86940,COMEDIANS of the world,SHOW,2019,2010,TV-MA,30,0,1.0,6.5,450.0,6.7,3.703,1,comedy,1,,0
ts89315,Huge in France,SHOW,2019,2010,TV-MA,31,0,1.0,6.7,2832.0,5.4,1.672,1,comedy,1,FR,1
tm848663,Ghost Stories,MOVIE,2020,2020,Not Rated,144,0,,,,5.2,4.35,1,horror,1,IN,1
ts256898,Over Christmas,SHOW,2020,2020,Not Rated,48,0,1.0,,,6.1,2.008,1,comedy,2,DE,1
tm413558,Funan,MOVIE,2019,2010,Not Rated,82,0,,6.8,935.0,7.0,3.37,1,drama,5,FR,4
tm827168,Sturgill Simpson Presents Sound & Fury,MOVIE,2019,2010,Not Rated,40,0,,,,6.3,3.063,1,animation,2,JP,2
ts87698,Examination of Conscience,SHOW,2019,2010,TV-MA,52,0,1.0,7.8,427.0,8.8,2.183,1,documentation,3,ES,1
tm679284,The Knight Before Christmas,MOVIE,2019,2010,Not Rated,92,0,,5.5,17862.0,6.5,15.628,1,comedy,4,US,1
tm925858,Black Beach,MOVIE,2020,2020,Not Rated,115,0,,5.6,1572.0,6.0,6.955,1,drama,4,US,3
tm972010,Hospital,MOVIE,2020,2020,Not Rated,89,0,,3.1,383.0,6.0,8.015,1,horror,2,TW,1
tm483420,Ella Fitzgerald: Just One of Those Things,MOVIE,2019,2010,Not Rated,89,0,,6.9,447.0,7.1,2.938,1,documentation,2,GB,1
ts91034,Leila,SHOW,2019,2010,TV-MA,46,0,1.0,4.9,8906.0,7.0,2.799,1,scifi,3,IN,1
tm821164,Enter the Anime,MOVIE,2019,2010,Not Rated,58,0,,2.6,1647.0,5.7,4.75,1,documentation,1,US,2
tm514494,Offering to the Storm,MOVIE,2020,2020,Not Rated,139,0,,6.2,6391.0,6.5,18.674,1,crime,3,DE,2
ts87489,Trigger Warning with Killer Mike,SHOW,2019,2010,TV-MA,26,0,1.0,6.9,1254.0,7.1,1.353,1,documentation,2,US,1
tm825102,Our Planet: Behind the Scenes,MOVIE,2019,2010,Not Rated,63,0,,8.3,1723.0,7.8,10.121,1,documentation,1,US,2
ts217045,Levius,SHOW,2019,2010,Not Rated,25,0,1.0,6.9,539.0,7.9,7.629,1,animation,3,JP,1
ts235979,The Victims' Game,SHOW,2020,2020,TV-MA,59,0,1.0,7.3,1408.0,7.5,3.275,1,drama,3,TW,1
ts88169,Possessed,SHOW,2019,2010,Not Rated,64,0,1.0,6.7,784.0,7.5,8.09,1,thriller,6,KR,1
ts256297,The Devil Punisher,SHOW,2020,2020,Not Rated,70,0,1.0,5.8,161.0,9.0,5.671,1,scifi,3,TW,1
tm932609,The Binding,MOVIE,2020,2020,Not Rated,93,0,,4.8,4203.0,5.4,31.54,1,horror,3,IT,1
tm447755,Back of the Net,MOVIE,2019,2010,Not Rated,86,0,,5.1,704.0,6.8,9.121,1,drama,3,AU,1
tm448767,Knock Down the House,MOVIE,2019,2010,PG,86,0,,7.2,12496.0,7.4,8.876,1,documentation,1,US,1
tm462277,Romeo Akbar Walter,MOVIE,2019,2010,Not Rated,139,0,,6.6,5773.0,6.5,5.086,1,thriller,3,IN,1
ts253549,Izzy's Koala World,SHOW,2020,2020,Not Rated,16,0,2.0,,,10.0,2.184,1,documentation,2,AU,1
ts252661,La Línea: Shadow of Narco,SHOW,2020,2020,TV-MA,30,0,1.0,6.4,394.0,6.7,11.722,1,documentation,2,ES,1
tm970327,Seven,MOVIE,2019,2010,Not Rated,113,0,,7.3,31.0,,,1,drama,1,,0
tm814894,Parchís: the Documentary,MOVIE,2019,2010,PG-13,105,0,,6.8,542.0,6.7,2.838,1,documentation,2,ES,1
ts256606,Trial 4,SHOW,2020,2020,TV-MA,55,0,1.0,7.4,2083.0,7.1,6.71,1,documentation,2,US,1
tm843276,Memories of a Teenager,MOVIE,2019,2010,Not Rated,93,0,,6.5,816.0,7.9,10.489,1,drama,1,AR,1
tm949267,Notes for My Son,MOVIE,2020,2020,Not Rated,83,0,,6.4,928.0,7.6,5.006,1,drama,1,AR,1
tm919106,Rising Phoenix,MOVIE,2020,2020,PG-13,105,0,,8.1,1683.0,8.2,9.54,1,documentation,2,GB,1
tm850862,A Love Song for Latasha,MOVIE,2019,2010,Not Rated,18,0,,,,7.2,3.684,1,documentation,1,US,1
tm494847,Made in China,MOVIE,2019,2010,PG,128,0,,6.2,4382.0,6.5,4.416,1,comedy,6,IN,1
ts254817,A Perfect Crime,SHOW,2020,2020,Not Rated,43,0,1.0,7.3,1394.0,7.6,6.559,1,documentation,2,DE,1
ts215166,Scams,SHOW,2019,2010,Not Rated,24,0,1.0,6.4,384.0,6.8,3.322,1,action,3,JP,1
tm931436,Welcome to Sudden Death,MOVIE,2020,2020,R,80,0,,4.3,,6.3,10.589,1,action,1,CA,5
tm943718,Operation Christmas Drop,MOVIE,2020,2020,Not Rated,95,0,,5.8,11444.0,6.5,8.102,1,romance,3,US,1
ts251621,World's Most Wanted,SHOW,2020,2020,TV-14,47,0,1.0,7.1,2532.0,8.0,3.723,1,documentation,2,US,1
tm837690,Eeb Allay Ooo!,MOVIE,2020,2020,Not Rated,97,0,,7.2,1586.0,8.0,2.007,1,drama,2,IN,1
tm484989,The Influence,MOVIE,2019,2010,Not Rated,99,0,,4.6,3738.0,4.8,15.659,1,documentation,3,ES,1
ts216513,The Healing Powers of Dude,SHOW,2020,2020,TV-G,25,0,1.0,6.4,902.0,7.2,10.053,1,family,5,,0
tm879609,Brave Blue World,MOVIE,2019,2010,Not Rated,50,0,,6.7,791.0,6.5,5.305,1,documentation,1,CA,2
tm897418,DNA,MOVIE,2020,2020,Not Rated,90,0,,5.9,1052.0,6.2,5.874,1,drama,2,FR,1
tm863890,Rising High,MOVIE,2020,2020,Not Rated,94,0,,5.9,5029.0,6.7,10.793,1,comedy,2,DE,1
tm844497,The Irishman: In Conversation,MOVIE,2019,2010,Not Rated,23,0,,,,7.6,6.163,1,documentation,1,US,1
tm420181,Spelling the Dream,MOVIE,2020,2020,Not Rated,82,0,,6.9,720.0,7.7,2.957,1,documentation,1,US,1
tm847623,Rogue Warfare: Death of a Nation,MOVIE,2020,2020,R,103,0,,3.3,380.0,4.8,3.373,1,war,2,US,1
tm925218,Monster Run,MOVIE,2020,2020,Not Rated,104,0,,5.2,417.0,4.8,4.601,1,fantasy,5,CN,2
ts188991,Someone Has to Die,SHOW,2020,2020,TV-MA,50,0,1.0,6.3,4841.0,7.3,9.426,1,drama,3,ES,2
ts90511,Crime Diaries: Night Out,SHOW,2019,2010,TV-MA,44,0,1.0,7.3,865.0,7.3,11.376,1,crime,1,MX,1
ts237239,All For Love,SHOW,2020,2020,Not Rated,46,0,1.0,,,7.4,34.554,1,,0,CO,1
tm977464,Youth v Gov,MOVIE,2020,2020,Not Rated,110,0,,6.7,70.0,10.0,1.841,1,documentation,1,,0
ts191285,The Prince of Tennis,SHOW,2019,2010,TV-PG,45,0,1.0,7.6,216.0,9.2,3.97,1,drama,2,CN,1
tm946360,Really Love,MOVIE,2020,2020,Not Rated,95,0,,6.1,847.0,6.4,5.788,1,romance,2,US,1
tm858416,Guilty,MOVIE,2020,2020,Not Rated,119,0,,,,6.7,5.475,1,thriller,1,IN,1
tm984935,Rhys Nicholson: Live at the Athenaeum,MOVIE,2020,2020,Not Rated,65,0,,7.5,316.0,7.7,1.628,1,comedy,1,,0
tm917325,Dragons: Rescue Riders: Secrets of the Songwing,MOVIE,2020,2020,Not Rated,45,0,,5.0,181.0,8.0,15.106,1,animation,5,US,1
tm838954,Wira,MOVIE,2019,2010,Not Rated,108,0,,6.3,476.0,5.4,2.33,1,action,2,MY,1
tm675154,Malaal,MOVIE,2019,2010,Not Rated,136,0,,5.8,1066.0,5.3,1.644,1,drama,3,IN,1
ts91125,Chief of Staff,SHOW,2019,2010,Not Rated,66,0,2.0,,,8.5,6.992,1,drama,2,KR,1
tm844662,Ronny Chieng: Asian Comedian Destroys America!,MOVIE,2019,2010,Not Rated,63,0,,7.4,3224.0,7.0,3.464,1,comedy,1,US,1
tm918853,All Together Now,MOVIE,2020,2020,PG,92,0,,6.5,4388.0,6.8,7.402,1,drama,1,US,1
ts216698,Nadiya's Time to Eat,SHOW,2019,2010,Not Rated,29,0,1.0,,,10.0,1.96,1,reality,1,GB,1
tm460815,Luka Chuppi,MOVIE,2019,2010,Not Rated,126,0,,6.3,11345.0,6.1,7.384,1,comedy,3,IN,1
ts90466,Hong Kong West Side Stories,SHOW,2019,2010,TV-MA,23,0,2.0,5.7,6.0,8.3,1.541,1,drama,2,HK,1
tm856424,Bheeshma,MOVIE,2020,2020,Not Rated,151,0,,6.5,4028.0,6.6,2.2,1,comedy,3,IN,1
tm470252,Calum von Moger: Unbroken,MOVIE,2019,2010,Not Rated,93,0,,6.2,851.0,7.4,5.267,1,documentation,1,US,1
tm919082,Octonauts and the Caves of Sac Actun,MOVIE,2020,2020,Not Rated,72,0,,6.2,181.0,6.7,14.626,1,family,3,GB,1
tm843938,18 Presents,MOVIE,2020,2020,Not Rated,110,0,,6.9,3791.0,7.5,10.49,1,drama,3,IT,1
ts226410,Handsome Siblings,SHOW,2020,2020,Not Rated,46,0,1.0,7.9,629.0,8.3,8.864,1,comedy,5,CN,1
tm455161,Panipat,MOVIE,2019,2010,Not Rated,171,0,,5.2,5615.0,7.1,4.63,1,history,5,IN,1
tm869307,Three Thieves,MOVIE,2019,2010,Not Rated,108,0,,8.2,7.0,,0.659,1,comedy,1,NG,1
tm452440,Cinderela Pop,MOVIE,2019,2010,Not Rated,94,0,,4.5,1061.0,6.5,15.803,1,romance,4,BR,1
tm849407,Isi & Ossi,MOVIE,2020,2020,Not Rated,113,0,,6.4,8309.0,6.9,11.061,1,romance,2,DE,1
ts223690,Yanxi Palace: Princess Adventures,SHOW,2019,2010,Not Rated,45,0,1.0,,,10.0,4.541,1,drama,1,CN,1
tm898759,Fatal Affair,MOVIE,2020,2020,Not Rated,89,0,,,,5.8,20.151,1,thriller,1,US,1
tm831934,The Millions,MOVIE,2019,2010,Not Rated,94,0,,5.4,49.0,,1.898,1,comedy,4,NG,1
tm465427,Maria,MOVIE,2019,2010,Not Rated,89,0,,5.0,2065.0,6.3,9.293,1,action,4,PH,1
tm851346,Residue,MOVIE,2020,2020,Not Rated,90,0,,6.5,576.0,5.3,2.368,1,drama,1,US,1
tm834230,The Silence of the Marsh,MOVIE,2019,2010,Not Rated,92,0,,,,5.3,15.923,1,thriller,2,ES,1
tm475339,Beats,MOVIE,2019,2010,Not Rated,109,0,,6.3,5219.0,6.8,12.175,1,drama,1,US,1
tm892081,Eric Andre: Legalize Everything,MOVIE,2020,2020,R,51,0,,6.1,2535.0,6.3,2.704,1,comedy,1,US,1
ts78324,Pinky Malinky,SHOW,2019,2010,TV-Y7,13,0,3.0,5.5,1015.0,4.5,7.955,1,comedy,3,US,1
tm954543,Wheels of Fortune,MOVIE,2020,2020,R,107,0,,5.3,804.0,5.2,2.616,1,comedy,1,US,1
tm975398,Christmas Crossfire,MOVIE,2020,2020,Not Rated,106,0,,4.8,1373.0,4.5,6.882,1,thriller,3,DE,1
ts113748,Twelve Forever,SHOW,2019,2010,TV-PG,14,0,1.0,6.6,682.0,6.6,3.485,1,family,5,US,1
tm948916,The Scary House,MOVIE,2020,2020,Not Rated,100,0,,5.4,3787.0,5.6,6.883,1,thriller,6,AT,2
ts222625,A Little Thing Called First Love,SHOW,2019,2010,Not Rated,45,0,1.0,7.9,387.0,9.2,16.225,1,comedy,3,CN,1
ts90508,Flinch,SHOW,2019,2010,TV-PG,24,0,1.0,4.3,717.0,5.6,3.863,1,reality,1,GB,1
ts221041,My Dear Warrior,SHOW,2019,2010,TV-14,44,0,1.0,4.9,21.0,9.3,2.737,1,drama,3,TH,1
ts223084,Nowhere Man,SHOW,2019,2010,TV-MA,47,0,1.0,5.5,371.0,6.6,3.301,1,crime,4,TW,1
ts269157,Room 2806: The Accusation,SHOW,2020,2020,TV-MA,49,0,1.0,7.0,2327.0,7.3,2.939,1,documentation,2,FR,1
tm897771,Picture a Scientist,MOVIE,2020,2020,PG-13,92,0,,,,7.5,4.016,1,documentation,1,US,1
tm910999,Xico's Journey,MOVIE,2020,2020,Not Rated,85,0,,5.1,544.0,6.6,48.067,1,family,3,MX,1
ts101503,Team Kaylie,SHOW,2019,2010,TV-PG,29,0,3.0,4.1,347.0,8.2,9.46,1,comedy,2,US,1
tm830833,"Hello, Privilege. It's Me, Chelsea",MOVIE,2019,2010,Not Rated,64,0,,4.5,1993.0,5.6,3.819,1,documentation,1,US,1
tm819497,"Berlin, Berlin",MOVIE,2020,2020,Not Rated,80,0,,3.8,543.0,5.5,6.306,1,comedy,3,DE,1
tm836674,The Main Event,MOVIE,2020,2020,Not Rated,102,0,,4.8,2327.0,6.7,15.911,1,family,5,US,1
ts269740,How To Ruin Christmas,SHOW,2020,2020,TV-MA,50,0,2.0,6.0,503.0,10.0,2.344,1,drama,2,ZA,1
tm373452,Kannum Kannum Kollaiyadithaal,MOVIE,2020,2020,Not Rated,162,0,,7.7,6851.0,6.8,5.585,1,comedy,4,IN,1
tm982100,"ariana grande: excuse me, i love you",MOVIE,2020,2020,Not Rated,97,0,,6.3,2591.0,8.4,23.124,1,documentation,2,US,1
ts90789,Jailbirds,SHOW,2019,2010,TV-MA,41,0,1.0,7.0,1176.0,7.6,1.976,1,reality,3,US,1
tm945825,Bobbleheads: The Movie,MOVIE,2020,2020,PG,82,0,,2.3,366.0,5.3,12.656,1,animation,2,US,1
tm885669,The Christmas Chronicles: Part Two,MOVIE,2020,2020,PG,112,0,,6.0,29538.0,6.6,44.178,1,fantasy,3,US,1
tm945435,Octonauts and the Great Barrier Reef,MOVIE,2020,2020,Not Rated,47,0,,6.5,141.0,10.0,4.123,1,animation,4,XX,1
tm474061,Malibu Rescue,MOVIE,2019,2010,Not Rated,69,0,,4.9,1277.0,6.4,12.447,1,family,3,US,1
tm837843,It Takes a Lunatic,MOVIE,2019,2010,Not Rated,120,0,,6.6,174.0,5.6,4.07,1,documentation,2,US,3
tm840761,The Princess Switch: Switched Again,MOVIE,2020,2020,G,97,0,,,,6.9,21.463,1,comedy,2,GB,2
tm856593,Bert Kreischer: Hey Big Boy,MOVIE,2020,2020,Not Rated,62,0,,7.0,1973.0,7.2,3.936,1,comedy,1,US,1
tm948607,Midnight at the Magnolia,MOVIE,2020,2020,Not Rated,87,0,,5.8,5373.0,6.3,8.396,1,comedy,2,CA,1
tm351938,Girls with Balls,MOVIE,2019,2010,Not Rated,77,0,,3.9,3272.0,4.3,11.913,1,horror,3,FR,2
tm470597,A Kid from Coney Island,MOVIE,2019,2010,Not Rated,89,0,,7.0,554.0,6.8,2.112,1,documentation,2,US,2
tm426630,Soni,MOVIE,2019,2010,Not Rated,97,0,,7.1,2788.0,6.9,2.862,1,crime,2,IN,1
tm483602,Malang,MOVIE,2020,2020,Not Rated,135,0,,6.5,10490.0,7.4,4.904,1,romance,5,IN,1
tm886214,Mrs. Serial Killer,MOVIE,2020,2020,Not Rated,106,0,,4.2,19484.0,6.4,5.325,1,thriller,3,IN,1
tm919903,Tragic Jungle,MOVIE,2020,2020,Not Rated,96,0,,5.6,937.0,6.2,3.58,1,drama,2,FR,3
tm835305,Dancing with the Birds,MOVIE,2019,2010,Not Rated,51,0,,,,7.9,7.111,1,documentation,1,US,1
tm455981,Rubaru Roshni,MOVIE,2019,2010,Not Rated,110,0,,8.6,591.0,7.7,1.489,1,documentation,1,IN,1
tm836638,The Man Without Gravity,MOVIE,2019,2010,Not Rated,107,0,,5.8,2547.0,7.2,5.813,1,fantasy,3,BE,3
ts59542,The Search,SHOW,2020,2020,Not Rated,41,0,1.0,,,7.2,9.917,1,crime,3,MX,1
ts105589,Rhyme Time Town,SHOW,2020,2020,TV-Y,21,0,2.0,7.6,78.0,8.2,3.171,1,animation,3,US,1
tm847008,Shine Your Eyes,MOVIE,2020,2020,Not Rated,102,0,,6.5,321.0,7.0,3.042,1,drama,2,BR,2
ts222438,Cagaster of an Insect Cage,SHOW,2020,2020,TV-14,28,0,1.0,,,8.1,17.526,1,drama,4,JP,1
tm452929,The Little Switzerland,MOVIE,2019,2010,PG-13,86,0,,4.8,1260.0,4.6,4.751,1,comedy,2,ES,1
tm845532,Mucho Mucho Amor: The Legend of Walter Mercado,MOVIE,2020,2020,Not Rated,96,0,,7.2,3312.0,7.5,7.262,1,documentation,1,US,1
tm818786,Menendez: The Day of the Lord,MOVIE,2020,2020,Not Rated,93,0,,4.9,1008.0,5.8,4.112,1,drama,3,ES,2
tm834715,Single Slipper Size - 7,MOVIE,2019,2010,Not Rated,120,0,,8.4,3143.0,8.3,1.938,1,thriller,2,IN,1
tm830795,Happy Old Year,MOVIE,2019,2010,Not Rated,113,0,,7.2,2245.0,6.8,4.183,1,drama,2,TH,1
tm450095,37 Seconds,MOVIE,2019,2010,Not Rated,115,0,,7.4,2713.0,7.4,6.572,1,drama,1,JP,1
tm833382,Keeping the Bees,MOVIE,2019,2010,PG-13,93,0,,5.8,834.0,6.0,1.779,1,drama,1,TR,1
ts222802,Once Upon a Time in Lingjian Mountain,SHOW,2019,2010,TV-14,44,0,2.0,7.4,280.0,7.4,6.064,1,action,6,CN,1
tm477006,Psycho,MOVIE,2020,2020,Not Rated,134,0,,6.2,4153.0,4.6,3.872,1,drama,3,IN,1
ts243256,Social Distance,SHOW,2020,2020,TV-MA,20,0,1.0,5.7,664.0,6.8,12.324,1,drama,2,US,1
ts250803,Say I Do,SHOW,2020,2020,TV-14,54,0,1.0,7.7,531.0,7.7,1.323,1,reality,1,GB,2
tm825952,Simon Amstell: Set Free,MOVIE,2019,2010,Not Rated,51,0,,6.5,815.0,6.1,1.823,1,comedy,1,US,1
tm863992,The Most Dangerous Man in Europe,MOVIE,2020,2020,Not Rated,68,0,,6.8,215.0,6.9,4.58,1,documentation,3,ES,1
ts112733,Bard of Blood,SHOW,2019,2010,TV-MA,44,0,2.0,6.8,13005.0,7.4,4.509,1,action,3,IN,1
ts90095,Jinn,SHOW,2019,2010,TV-14,32,0,1.0,3.4,10097.0,6.5,4.756,1,drama,5,JO,1
tm466832,Dragon Quest: Your Story,MOVIE,2019,2010,PG,102,0,,6.5,2831.0,6.8,13.817,1,action,5,JP,1
tm845020,Jack Whitehall: Christmas with my Father,MOVIE,2019,2010,Not Rated,64,0,,6.0,951.0,6.4,0.761,1,comedy,2,,0
tm871330,Full Out 2: You Got This!,MOVIE,2020,2020,Not Rated,90,0,,4.6,521.0,6.5,7.344,1,family,1,US,1
tm458418,Tune in for Love,MOVIE,2019,2010,Not Rated,122,0,,7.1,4102.0,7.9,31.093,1,romance,2,KR,1
tm817087,#AnneFrank. Parallel Stories,MOVIE,2019,2010,Not Rated,92,0,,6.5,1548.0,7.1,8.19,1,drama,3,IT,1
tm461827,Who Would You Take to a Deserted Island?,MOVIE,2019,2010,Not Rated,90,0,,5.3,2487.0,5.0,9.328,1,comedy,3,ES,1
tm947555,Sarah Cooper: Everything's Fine,MOVIE,2020,2020,Not Rated,49,0,,5.5,1726.0,5.3,3.177,1,comedy,1,US,1
tm372035,Paris Is Us,MOVIE,2019,2010,Not Rated,84,0,,4.6,1425.0,4.3,7.113,1,drama,2,FR,1
ts250920,Home Game,SHOW,2020,2020,TV-MA,29,0,1.0,7.0,855.0,6.4,2.907,1,documentation,2,US,1
tm819016,The Path of the Anaconda,MOVIE,2019,2010,Not Rated,73,0,,6.7,279.0,6.1,3.686,1,documentation,1,CO,1
tm838765,A Christmas Prince: The Royal Baby,MOVIE,2019,2010,Not Rated,84,0,,5.4,6764.0,6.4,15.638,1,romance,2,US,1
tm818588,All the Freckles in the World,MOVIE,2019,2010,Not Rated,90,0,,5.2,1290.0,6.1,12.438,1,comedy,3,MX,1
tm811971,Oprah Winfrey Presents: When They See Us Now,MOVIE,2019,2010,Not Rated,61,0,,7.7,2350.0,8.1,4.98,1,documentation,1,,0
ts112667,Go! Go! Cory Carson,SHOW,2020,2020,TV-Y,9,0,6.0,7.9,242.0,8.7,7.048,1,comedy,3,US,1
tm845850,Out of the Clear Blue Sky,MOVIE,2019,2010,Not Rated,112,0,,6.5,1447.0,8.2,16.945,1,drama,4,MX,2
ts104507,Triad Princess,SHOW,2019,2010,Not Rated,43,0,1.0,6.7,699.0,7.1,3.771,1,drama,2,TW,1
tm884616,Quiet,MOVIE,2020,2020,Not Rated,102,0,,6.4,325.0,6.8,2.508,1,drama,1,CL,1
tm850822,Fortune Feimster: Sweet & Salty,MOVIE,2020,2020,Not Rated,61,0,,6.8,997.0,6.2,1.835,1,comedy,2,,0
tm931158,Gather,MOVIE,2020,2020,Not Rated,74,0,,7.8,202.0,7.4,2.187,1,documentation,1,US,1
ts223062,ปริศนาล่าข้ามเวลา,SHOW,2019,2010,TV-14,60,0,1.0,,,7.0,1.473,1,,0,TH,1
tm898180,Sitting in Limbo,MOVIE,2020,2020,Not Rated,89,0,,,,7.8,2.015,1,drama,1,GB,1
tm677746,Bombay Rose,MOVIE,2019,2010,PG-13,97,0,,6.2,608.0,6.7,5.39,1,drama,3,FR,3
tm452867,Jo Pil-ho: The Dawning Rage,MOVIE,2019,2010,Not Rated,127,0,,6.3,2193.0,6.0,10.819,1,drama,4,KR,1
ts222803,Maradona in Mexico,SHOW,2019,2010,TV-MA,33,0,1.0,7.3,1124.0,7.1,3.572,1,documentation,4,AR,2
tm464527,ReMastered: The Miami Showband Massacre,MOVIE,2019,2010,Not Rated,70,0,,7.0,1400.0,7.0,1.698,1,documentation,3,,0
tm458721,Amy Schumer: Growing,MOVIE,2019,2010,Not Rated,61,0,,5.4,3872.0,6.2,5.334,1,comedy,1,US,1
tm492043,Motichoor Chaknachoor,MOVIE,2019,2010,Not Rated,150,0,,5.8,2856.0,6.7,1.56,1,comedy,2,IN,1
tm881891,Chris D'Elia: No Pain,MOVIE,2020,2020,Not Rated,55,0,,5.9,1789.0,6.5,2.862,1,comedy,1,US,1
tm929630,A New York Christmas Wedding,MOVIE,2020,2020,Not Rated,88,0,,5.3,1123.0,5.8,3.965,1,drama,2,US,1
tm935993,Classmates Minus,MOVIE,2020,2020,R,122,0,,7.1,1625.0,7.5,8.326,1,drama,2,TW,1
tm901947,Little Big Women,MOVIE,2020,2020,Not Rated,123,0,,7.2,2330.0,7.8,8.954,1,drama,1,TW,1
ts88821,I Hear You,SHOW,2019,2010,TV-14,44,0,1.0,7.2,601.0,7.9,10.936,1,drama,3,CN,1
ts89336,Charlie's Colorforms City,SHOW,2019,2010,TV-Y,23,0,4.0,6.7,154.0,8.5,3.312,1,animation,2,US,1
ts250800,Kissing Game,SHOW,2020,2020,Not Rated,42,0,1.0,,,7.1,27.118,1,drama,2,BR,1
ts223078,Nailed It! Spain,SHOW,2019,2010,TV-PG,33,0,1.0,,,7.1,1.972,1,family,2,US,1
tm843944,"Lorena, Light-footed Woman",MOVIE,2019,2010,Not Rated,28,0,,,,6.4,3.067,1,documentation,1,MX,1
tm850730,Adú,MOVIE,2020,2020,Not Rated,119,0,,,,6.9,10.695,1,drama,2,ES,1
ts87680,Playing with Fire,SHOW,2019,2010,TV-14,43,0,1.0,5.9,965.0,6.2,20.807,1,drama,1,MX,1
ts89331,My Husband Won't Fit,SHOW,2019,2010,TV-MA,35,0,1.0,6.7,818.0,6.3,8.368,1,drama,2,JP,1
tm976632,Indoo Ki Jawani,MOVIE,2020,2020,Not Rated,115,0,,3.0,6075.0,4.4,2.121,1,comedy,2,IN,1
tm469025,Franco Escamilla: bienvenido al mundo,MOVIE,2019,2010,Not Rated,54,0,,7.0,231.0,8.6,13.43,1,comedy,1,,0
tm857873,Door Ke Darshan,MOVIE,2020,2020,Not Rated,114,0,,,,4.8,3.273,1,drama,1,IN,1
tm890591,"Sí, Mi Amor",MOVIE,2020,2020,Not Rated,107,0,,,,6.8,9.023,1,romance,1,PE,1
tm921416,Class of '83,MOVIE,2020,2020,Not Rated,98,0,,5.8,5628.0,5.8,3.481,1,drama,4,IN,1
ts87599,Somewhere Only We Know,SHOW,2019,2010,TV-MA,58,0,1.0,7.2,167.0,9.0,6.808,1,drama,2,CN,1
tm849937,Jungle Beat: The Movie,MOVIE,2020,2020,G,84,0,,5.4,1029.0,7.0,21.935,1,family,5,MU,1
tm861718,Villain,MOVIE,2020,2020,R,97,0,,5.9,3324.0,5.9,4.029,1,crime,4,GB,1
tm937044,Bigflo & Oli: Hip Hop Frenzy,MOVIE,2020,2020,Not Rated,100,0,,6.7,122.0,7.1,4.118,1,documentation,2,FR,1
ts252318,Million Dollar Beach House,SHOW,2020,2020,TV-MA,28,0,1.0,4.2,816.0,5.7,1.672,1,reality,1,US,1
tm442199,Shanghai Fortress,MOVIE,2019,2010,Not Rated,107,0,,4.3,2383.0,5.6,27.126,1,scifi,3,CN,1
tm455197,Kabir Singh,MOVIE,2019,2010,Not Rated,172,0,,7.0,31918.0,6.9,7.633,1,drama,4,IN,1
tm840224,Seth Meyers: Lobby Baby,MOVIE,2019,2010,Not Rated,61,0,,7.4,2592.0,7.0,3.921,1,comedy,1,US,1
tm459329,Firebrand,MOVIE,2019,2010,Not Rated,116,0,,5.1,280.0,7.3,2.824,1,drama,1,IN,1
tm453727,Deadly Switch,MOVIE,2019,2010,Not Rated,86,0,,4.5,1374.0,5.6,7.914,1,thriller,1,US,1
tm818154,Whitney Cummings: Can I Touch It?,MOVIE,2019,2010,Not Rated,59,0,,6.5,1751.0,6.7,2.961,1,comedy,1,US,1
ts225539,Hyena,SHOW,2020,2020,Not Rated,62,0,1.0,7.7,793.0,8.7,4.022,1,drama,3,KR,1
ts89330,Stay Tuned!,SHOW,2019,2010,TV-14,44,0,1.0,7.5,357.0,9.0,1.89,1,comedy,1,JP,1
tm832843,Jeff Dunham: Beside Himself,MOVIE,2019,2010,Not Rated,58,0,,6.9,1102.0,7.5,4.022,1,comedy,1,US,1
tm919210,Uma Maheswara Ugra Roopasya,MOVIE,2020,2020,Not Rated,136,0,,7.7,1663.0,6.8,2.026,1,comedy,2,IN,1
tm851912,Gunjan Saxena: The Kargil Girl,MOVIE,2020,2020,Not Rated,112,0,,5.6,34567.0,7.4,6.318,1,action,3,IN,1
tm941531,The Beast,MOVIE,2020,2020,Not Rated,90,0,,5.2,4323.0,6.3,9.785,1,crime,4,IT,1
tm938466,Kitty Love: An Homage to Cats,MOVIE,2020,2020,Not Rated,60,0,,5.1,472.0,4.4,1.932,1,documentation,2,NL,1
ts251616,Sing On! Germany,SHOW,2020,2020,Not Rated,38,0,1.0,5.5,138.0,8.7,1.597,1,reality,2,DE,1
tm977478,Nate: A One Man Show,MOVIE,2020,2020,Not Rated,59,0,,6.6,346.0,6.2,1.634,1,comedy,1,US,1
tm912190,Cargo,MOVIE,2019,2010,PG-13,113,0,,5.6,2929.0,5.6,3.503,1,fantasy,3,IN,1
tm873159,The Yin-Yang Master: Dream of Eternity,MOVIE,2020,2020,PG-13,132,0,,6.4,4751.0,7.5,30.086,1,drama,4,CN,1
tm957567,Hazel Brugger: Tropical,MOVIE,2020,2020,Not Rated,59,0,,6.2,419.0,5.9,1.981,1,comedy,1,DE,1
tm468200,Uyare,MOVIE,2019,2010,Not Rated,125,0,,8.0,3612.0,7.7,4.094,1,drama,1,IN,1
ts222835,Holiday Secrets,SHOW,2019,2010,Not Rated,38,0,1.0,6.5,1156.0,6.4,5.508,1,drama,1,DE,1
ts236197,StarBeam,SHOW,2020,2020,TV-Y,13,0,4.0,,,6.9,6.803,1,,0,CA,1
tm893874,Choked: Paisa Bolta Hai,MOVIE,2020,2020,Not Rated,114,0,,5.7,5380.0,6.7,3.885,1,thriller,2,IN,1
tm931701,Òlòtūré,MOVIE,2019,2010,Not Rated,106,0,,5.5,791.0,6.2,3.649,1,drama,2,NG,1
tm885470,My Next Guest with David Letterman and Shah Rukh Khan,MOVIE,2019,2010,Not Rated,61,0,,,,8.0,0.6,1,,0,,0
tm827640,Travis Scott: Look Mom I Can Fly,MOVIE,2019,2010,Not Rated,85,0,,6.3,4629.0,7.0,11.767,1,documentation,2,US,1
tm908529,Tell Me When,MOVIE,2020,2020,Not Rated,95,0,,5.7,1002.0,6.4,4.971,1,romance,3,MX,1
ts238316,Twogether,SHOW,2020,2020,Not Rated,58,0,1.0,8.4,477.0,,5.852,1,reality,1,,0
tm817284,Bridezilla,MOVIE,2019,2010,Not Rated,93,0,,6.1,53.0,5.8,1.35,1,romance,3,ID,1
tm979689,Canvas,MOVIE,2020,2020,G,9,0,,,,6.4,7.13,1,animation,3,US,1
ts268997,Futmalls.com,SHOW,2020,2020,TV-14,40,0,1.0,6.5,186.0,8.5,1.965,1,scifi,2,TW,1
tm975765,Emicida: AmarElo - It's All for Yesterday,MOVIE,2020,2020,Not Rated,89,0,,8.5,1510.0,8.8,4.381,1,music,2,BR,1
tm977782,Shawn Mendes: Live in Concert,MOVIE,2020,2020,PG,87,0,,7.1,327.0,7.9,6.757,1,music,2,CA,1
tm429172,The (Silent) War,MOVIE,2019,2010,Not Rated,123,0,,5.5,681.0,5.9,4.766,1,thriller,6,ES,1
tm849131,I Am Vengeance: Retaliation,MOVIE,2020,2020,R,90,0,,3.4,3075.0,6.1,10.168,1,action,1,GB,1
tm854749,The Match,MOVIE,2020,2020,Not Rated,96,0,,,,5.7,5.668,1,drama,2,IT,1
ts223098,Lugar de Mulher,SHOW,2019,2010,Not Rated,15,0,1.0,4.7,39.0,10.0,1.396,1,comedy,1,BR,1
ts221851,The Lies Within,SHOW,2019,2010,Not Rated,60,0,1.0,7.0,383.0,7.4,3.998,1,drama,2,KR,1
tm929600,Afonso Padilha: Classless,MOVIE,2020,2020,Not Rated,63,0,,6.8,197.0,8.4,2.426,1,comedy,1,BR,1
ts222599,Queer Eye: We're in Japan!,SHOW,2019,2010,TV-14,50,0,1.0,8.2,2608.0,7.2,1.716,1,reality,1,US,1
tm977952,Fierce,MOVIE,2020,2020,Not Rated,118,0,,5.5,1234.0,6.3,7.706,1,comedy,2,PL,1
tm824560,The Lost Okoroshi,MOVIE,2020,2020,Not Rated,94,0,,5.8,175.0,6.6,1.196,1,action,2,NG,1
tm920320,Lift Like a Girl,MOVIE,2020,2020,Not Rated,93,0,,7.8,213.0,7.0,1.029,1,documentation,1,DE,3
tm466426,The Trap,MOVIE,2019,2010,Not Rated,90,0,,4.3,1625.0,5.1,12.64,1,comedy,1,US,1
tm853910,Road to Roma,MOVIE,2020,2020,Not Rated,73,0,,7.7,656.0,8.1,2.964,1,documentation,1,MX,1
tm898699,Larry the Cable Guy: Remain Seated,MOVIE,2020,2020,R,67,0,,6.6,268.0,6.8,2.336,1,comedy,1,US,1
tm854682,Asphalt Goddess,MOVIE,2020,2020,Not Rated,126,0,,4.9,177.0,6.8,5.8,1,drama,1,MX,1
tm828326,The Crystal Calls - Making The Dark Crystal: Age of Resistance,MOVIE,2019,2010,Not Rated,83,0,,7.6,534.0,7.4,9.235,1,documentation,1,US,1
tm835512,The Spooky Tale of Captain Underpants Hack-a-Ween,MOVIE,2019,2010,Not Rated,45,0,,5.9,208.0,6.2,6.989,1,action,4,US,1
tm841239,The Road to El Camino: Behind the Scenes of El Camino: A Breaking Bad Movie,MOVIE,2019,2010,PG-13,13,0,,7.1,1415.0,7.0,2.744,1,documentation,1,US,1
ts241246,The Smart Money Woman,SHOW,2020,2020,TV-MA,48,0,1.0,6.2,112.0,2.0,1.4,1,drama,1,,0
ts189314,Tiffany Haddish Presents: They Ready,SHOW,2019,2010,TV-14,23,0,2.0,6.5,563.0,6.2,0.961,1,comedy,2,US,1
ts233367,Sing On! Spain,SHOW,2020,2020,TV-G,39,0,1.0,6.1,133.0,8.5,1.795,1,music,2,ES,1
tm446480,Cemara's Family,MOVIE,2019,2010,Not Rated,110,0,,7.7,787.0,8.4,3.707,1,family,2,ID,1
tm423624,Ek Ladki Ko Dekha Toh Aisa Laga,MOVIE,2019,2010,Not Rated,121,0,,5.6,4378.0,5.8,3.371,1,drama,4,IN,1
ts214463,"Los Briceño, una familia todo terreno",SHOW,2019,2010,Not Rated,46,0,2.0,7.8,136.0,,2.754,1,drama,1,US,1
ts89679,A Thousand Goodnights,SHOW,2019,2010,Not Rated,71,0,1.0,8.0,94.0,4.9,6.367,1,family,2,TW,1
tm889390,Ben Platt: Live from Radio City Music Hall,MOVIE,2020,2020,Not Rated,85,0,,,,8.1,5.334,1,documentation,2,US,1
tm912327,The Larva Island Movie,MOVIE,2020,2020,Not Rated,89,0,,5.1,655.0,7.2,71.987,1,animation,3,KR,1
tm852662,Ultras,MOVIE,2020,2020,Not Rated,109,0,,6.2,4892.0,6.1,6.74,1,drama,1,IT,1
tm452996,"Ken Jeong: You Complete Me, Ho",MOVIE,2019,2010,Not Rated,62,0,,5.7,2402.0,6.0,4.573,1,comedy,1,US,1
ts88146,Larry Charles' Dangerous World of Comedy,SHOW,2019,2010,TV-MA,59,0,1.0,7.3,576.0,6.0,1.513,1,documentation,2,US,1
tm889647,The Stand at Paxton County,MOVIE,2020,2020,R,102,0,,6.3,1103.0,6.0,5.838,1,thriller,2,US,1
ts266898,A Queen Is Born,SHOW,2020,2020,Not Rated,44,0,1.0,6.0,151.0,10.0,2.435,1,reality,1,BR,1
tm1079495,A Second Chance: Rivals!,MOVIE,2019,2010,PG,89,0,,4.6,394.0,7.3,7.151,1,drama,3,AU,1
ts89363,YooHoo to the Rescue,SHOW,2019,2010,TV-Y,13,0,3.0,6.8,54.0,8.0,2.196,1,animation,2,KR,1
tm885845,Murder to Mercy - The Cyntoia Brown Story,MOVIE,2020,2020,Not Rated,96,0,,6.3,2776.0,7.1,10.875,1,documentation,1,US,1
tm851860,Alex Fernández: The Best Comedian in the World,MOVIE,2020,2020,Not Rated,51,0,,6.1,142.0,7.5,0.741,1,comedy,1,MX,1
tm943771,Angela's Christmas Wish,MOVIE,2020,2020,G,47,0,,7.1,1451.0,6.3,27.407,1,animation,4,US,2
tm1005077,Strain,MOVIE,2020,2020,Not Rated,106,0,,5.6,25.0,,,1,drama,1,,0
tm462551,"¡Ay, mi madre!",MOVIE,2019,2010,Not Rated,81,0,,3.9,404.0,4.3,4.204,1,comedy,2,ES,1
tm840723,Ramprasad Ki Tehrvi,MOVIE,2019,2010,Not Rated,106,0,,7.5,5385.0,6.1,2.54,1,drama,3,IN,1
tm898773,Bulbbul,MOVIE,2020,2020,Not Rated,94,0,,6.5,11844.0,6.7,23.407,1,fantasy,3,IN,1
ts222942,Narcoworld: Dope Stories,SHOW,2019,2010,TV-MA,40,0,1.0,6.6,323.0,9.1,4.774,1,documentation,2,US,1
tm908777,Thiago Ventura: POKAS,MOVIE,2020,2020,Not Rated,82,0,,6.4,196.0,7.1,3.815,1,comedy,1,BR,1
tm1028083,Red Snow,MOVIE,2019,2010,Not Rated,100,0,,4.5,157.0,5.0,2.503,1,drama,1,CA,1
tm938227,Dolly Parton's Christmas on the Square,MOVIE,2020,2020,PG,98,0,,5.2,2686.0,5.9,4.223,1,comedy,3,US,1
tm937265,You've Got This,MOVIE,2020,2020,Not Rated,111,0,,5.8,1297.0,7.9,9.708,1,romance,2,MX,1
tm917999,"Rob Schneider: Asian Momma, Mexican Kids",MOVIE,2020,2020,Not Rated,44,0,,5.5,716.0,6.4,3.231,1,comedy,1,US,1
tm832684,Los Tigres del Norte at Folsom Prison,MOVIE,2019,2010,Not Rated,64,0,,7.0,174.0,6.4,3.246,1,documentation,2,US,1
tm463038,Despite Everything,MOVIE,2019,2010,Not Rated,75,0,,5.3,4956.0,6.0,14.306,1,comedy,2,ES,1
ts213071,Sleepless Society NYCTOPHOBIA,SHOW,2019,2010,TV-MA,46,0,1.0,5.6,46.0,9.3,2.664,1,thriller,2,TH,1
tm845117,Tiffany Haddish: Black Mitzvah,MOVIE,2019,2010,Not Rated,55,0,,6.3,967.0,6.3,1.91,1,comedy,1,US,1
tm822596,Into the Beat,MOVIE,2020,2020,Not Rated,102,0,,5.3,1345.0,6.4,7.671,1,music,4,DE,1
tm837648,Blanche Gardin - Bonne nuit Blanche,MOVIE,2019,2010,Not Rated,95,0,,,,7.6,3.751,1,comedy,1,FR,1
tm844208,What the F* Is Going On?,MOVIE,2019,2010,Not Rated,86,0,,7.4,173.0,7.2,1.009,1,documentation,1,ES,1
tm824858,Cuddle Weather,MOVIE,2019,2010,Not Rated,95,0,,6.0,413.0,4.6,3.347,1,drama,3,PH,1
ts222838,I'm with the Band: Nasty Cherry,SHOW,2019,2010,TV-MA,33,0,1.0,,,7.2,4.229,1,documentation,2,US,1
tm944631,The Three Deaths of Marisela Escobedo,MOVIE,2020,2020,Not Rated,109,0,,8.1,1683.0,9.0,19.571,1,crime,2,MX,1
tm843958,Rogue Warfare: The Hunt,MOVIE,2019,2010,R,103,0,,3.1,590.0,5.6,8.239,1,action,1,US,1
ts225377,Taj Mahal 1989,SHOW,2020,2020,Not Rated,34,0,1.0,7.4,1542.0,7.3,2.624,1,drama,3,IO,1
tm511991,99 Songs,MOVIE,2019,2010,Not Rated,128,0,,6.6,2275.0,7.0,3.039,1,romance,2,IN,1
ts266966,Juman,SHOW,2019,2010,TV-PG,39,0,1.0,5.0,120.0,,,1,romance,2,KW,1
tm1149814,Uncovered,MOVIE,2019,2010,Not Rated,95,0,,4.6,24.0,,0.887,1,crime,3,ZA,1
ts235689,J-Style Trip,SHOW,2020,2020,TV-14,64,0,1.0,5.0,114.0,7.5,1.879,1,reality,1,TW,2
tm846941,John Was Trying to Contact Aliens,MOVIE,2020,2020,Not Rated,16,0,,,,6.5,3.332,1,documentation,1,US,1
tm957792,The Rope Curse 2,MOVIE,2020,2020,Not Rated,104,0,,4.7,354.0,,,1,horror,1,,0
tm474862,Bennett's War,MOVIE,2019,2010,PG-13,94,0,,6.0,899.0,7.1,6.412,1,drama,2,US,1
tm853485,Night on Earth: Shot in the Dark,MOVIE,2020,2020,Not Rated,59,0,,7.7,306.0,7.2,1.982,1,documentation,1,,0
tm849323,Shikara,MOVIE,2020,2020,Not Rated,118,0,,3.3,15092.0,4.2,2.403,1,drama,3,IN,1
tm425944,A Land Imagined,MOVIE,2019,2010,Not Rated,95,0,,6.2,1297.0,5.9,3.057,1,thriller,3,FR,3
tm469432,Hating Peter Tatchell,MOVIE,2020,2020,Not Rated,91,0,,7.6,787.0,6.5,2.761,1,documentation,1,AU,2
tm501222,Twin Murders: The Silence of the White City,MOVIE,2019,2010,Not Rated,110,0,,5.3,5307.0,5.6,11.036,1,action,6,ES,1
ts251072,The Underclass,SHOW,2020,2020,TV-MA,55,0,1.0,6.5,64.0,6.7,2.426,1,drama,1,TH,1
tm428506,The Man Who Feels No Pain,MOVIE,2019,2010,PG,136,0,,7.3,7761.0,6.8,2.934,1,comedy,2,IN,1
tm957903,The Boys in the Band: Something Personal,MOVIE,2020,2020,Not Rated,28,0,,7.2,362.0,8.5,2.267,1,documentation,1,US,1
tm923612,Any Crybabies Around?,MOVIE,2020,2020,Not Rated,106,0,,6.0,168.0,5.0,1.529,1,drama,1,JP,1
tm838705,Holiday Rush,MOVIE,2019,2010,Not Rated,94,0,,4.9,2723.0,5.6,10.776,1,drama,4,US,1
ts252015,GAME ON: A Comedy Crossover Event,SHOW,2020,2020,TV-G,30,0,2.0,5.5,219.0,7.7,3.255,1,comedy,2,US,1
tm946277,Love,MOVIE,2020,2020,Not Rated,91,0,,7.0,1544.0,5.9,2.055,1,thriller,2,IN,1
tm884531,Making Unorthodox,MOVIE,2020,2020,Not Rated,21,0,,,,8.0,1.767,1,documentation,1,DE,1
tm973335,The Body,MOVIE,2019,2010,Not Rated,104,0,,5.5,3321.0,5.7,3.311,1,thriller,2,IN,1
tm847212,Thambi,MOVIE,2019,2010,Not Rated,150,0,,,,6.4,2.896,1,thriller,2,IN,1
tm822099,The Blue Elephant 2,MOVIE,2019,2010,Not Rated,130,0,,8.2,9475.0,,,1,horror,4,,0
tm234980,A Choo,MOVIE,2020,2020,Not Rated,101,0,,5.5,378.0,5.0,3.187,1,romance,4,TW,1
tm910612,The Claus Family,MOVIE,2020,2020,Not Rated,96,0,,5.5,2022.0,5.7,6.659,1,comedy,3,BE,1
tm850382,Sillu Karupatti,MOVIE,2019,2010,G,138,0,,8.0,1748.0,7.4,3.546,1,drama,2,IN,1
tm464509,K. D.,MOVIE,2019,2010,Not Rated,119,0,,8.4,1787.0,7.6,1.848,1,drama,1,IN,1
tm820116,Street Flow,MOVIE,2019,2010,Not Rated,96,0,,6.4,1527.0,7.1,13.211,1,drama,2,FR,1
tm856945,Carmen Sandiego: To Steal or Not to Steal,MOVIE,2020,2020,Not Rated,31,0,,,,6.4,5.246,1,animation,3,CA,1
tm859143,Torbaaz,MOVIE,2020,2020,Not Rated,132,0,,6.9,17892.0,7.6,2.797,1,drama,4,IN,1
tm918026,Sam Jay: 3 in the Morning,MOVIE,2020,2020,Not Rated,64,0,,6.4,520.0,6.4,3.01,1,comedy,1,,0
tm1096875,Ma Rainey's Black Bottom: A Legacy Brought to Screen,MOVIE,2020,2020,PG,31,0,,,,6.5,3.231,1,documentation,1,US,1
tm918960,The Magic School Bus Rides Again: Kids in Space,MOVIE,2020,2020,Not Rated,45,0,,6.1,86.0,7.6,3.821,1,action,5,CA,1
ts89340,Crime Diaries: The Candidate,SHOW,2019,2010,TV-MA,42,0,1.0,7.5,813.0,7.4,9.173,1,thriller,4,MX,1
ts103574,Sakho & Mangane,SHOW,2019,2010,TV-MA,51,0,1.0,6.3,135.0,7.0,3.577,1,action,3,SN,1
ts218367,Secreto bien guardado,SHOW,2019,2010,TV-MA,30,0,1.0,5.0,195.0,10.0,2.832,1,drama,2,AR,1
tm840216,Iliza Shlesinger: Unveiled,MOVIE,2019,2010,Not Rated,78,0,,6.5,1688.0,6.5,4.031,1,comedy,1,US,1
tm938048,Michelle Buteau: Welcome to Buteaupia,MOVIE,2020,2020,Not Rated,58,0,,7.0,589.0,6.9,2.939,1,comedy,1,,0
tm821662,Vikruthi,MOVIE,2019,2010,Not Rated,123,0,,7.4,1574.0,6.8,2.141,1,drama,2,IN,1
tm540277,Nasha Natasha,MOVIE,2020,2020,Not Rated,83,0,,6.3,305.0,6.7,2.051,1,documentation,2,UY,1
tm810642,Manmadhudu 2,MOVIE,2019,2010,Not Rated,155,0,,4.8,708.0,6.0,2.4,1,comedy,3,IN,1
tm984018,Cops and Robbers,MOVIE,2020,2020,PG-13,8,0,,6.9,,7.0,4.414,1,animation,1,US,1
tm946801,Just Another Christmas,MOVIE,2020,2020,Not Rated,101,0,,6.7,4506.0,7.4,7.195,1,comedy,2,BR,1
ts221891,Legend Quest: Masters of Myth,SHOW,2019,2010,TV-Y7,25,0,1.0,7.5,128.0,10.0,5.398,1,animation,2,MX,1
tm1172010,The Lockdown Plan,MOVIE,2020,2020,Not Rated,49,0,,6.5,,,,1,,0,,0
tm950808,Miss India,MOVIE,2020,2020,Not Rated,136,0,,,,5.2,4.163,1,drama,1,IN,1
tm847630,The App,MOVIE,2019,2010,Not Rated,79,0,,2.7,1347.0,2.9,7.473,1,drama,3,IT,1
ts89531,Once Upon A Time,SHOW,2019,2010,TV-14,39,0,1.0,,,8.0,0.884,1,drama,1,EG,1
tm946927,Dance Dreams: Hot Chocolate Nutcracker,MOVIE,2020,2020,Not Rated,80,0,,7.0,341.0,7.8,4.109,1,documentation,2,US,1
tm883113,Earth and Blood,MOVIE,2020,2020,Not Rated,80,0,,,,6.2,17.451,1,action,2,BE,2
ts218504,Hello Ninja,SHOW,2019,2010,TV-Y,13,0,4.0,6.8,119.0,7.0,7.582,1,family,5,CA,1
tm431769,Once Again,MOVIE,2019,2010,Not Rated,101,0,,7.0,980.0,6.1,1.484,1,drama,3,DE,3
tm849251,So Much Love to Give,MOVIE,2020,2020,Not Rated,108,0,,,,6.3,8.255,1,comedy,1,AR,1
ts237487,True: Terrific Tales,SHOW,2020,2020,Not Rated,8,0,1.0,6.2,24.0,9.0,2.148,1,animation,2,US,1
tm878995,Dragons: Rescue Riders: Hunt for the Golden Dragon,MOVIE,2020,2020,Not Rated,46,0,,5.1,155.0,6.8,7.16,1,animation,5,US,1
tm856545,Intuition,MOVIE,2020,2020,Not Rated,116,0,,5.5,2663.0,6.3,15.292,1,thriller,3,AR,1
tm474263,Still Laugh-In: The Stars Celebrate,MOVIE,2019,2010,Not Rated,60,0,,5.2,590.0,5.5,2.988,1,comedy,2,,0
tm462037,Mi amigo Alexis,MOVIE,2019,2010,Not Rated,100,0,,5.1,346.0,6.3,5.082,1,drama,4,CL,1
tm851499,Vir Das: For India,MOVIE,2020,2020,Not Rated,75,0,,7.7,1260.0,8.3,2.277,1,comedy,1,IN,1
tm927033,True: Friendship Day,MOVIE,2020,2020,Not Rated,23,0,,6.9,23.0,10.0,1.845,1,animation,2,CA,1
tm849102,Shimla Mirchi,MOVIE,2020,2020,Not Rated,129,0,,4.6,1537.0,,2.477,1,romance,2,IN,1
tm810836,Oh! Baby,MOVIE,2019,2010,Not Rated,161,0,,,,6.8,2.882,1,drama,1,IN,1
tm954606,Felix Lobrecht: Hype,MOVIE,2020,2020,Not Rated,59,0,,5.8,261.0,6.7,1.144,1,comedy,1,DE,1
tm431810,Evelyn,MOVIE,2019,2010,Not Rated,95,0,,7.2,772.0,6.8,4.313,1,documentation,1,GB,1
tm469966,The Unknown Saint,MOVIE,2020,2020,Not Rated,100,0,,6.5,1127.0,6.4,2.526,1,comedy,3,MA,3
tm818239,Penalty,MOVIE,2019,2010,Not Rated,128,0,,5.3,878.0,5.0,1.904,1,sport,2,IN,1
ts222980,Singapore Social,SHOW,2019,2010,Not Rated,38,0,1.0,4.7,2197.0,10.0,1.797,1,reality,1,US,1
ts221151,Living Undocumented,SHOW,2019,2010,TV-MA,43,0,1.0,6.6,580.0,6.0,1.19,1,documentation,1,US,1
tm468724,All in My Family,MOVIE,2019,2010,Not Rated,39,0,,,,6.3,3.534,1,documentation,1,US,2
tm469510,Albert  Pinto Ko Gussa Kyun Aata Hai?,MOVIE,2019,2010,Not Rated,94,0,,5.5,1922.0,4.0,0.717,1,crime,2,IN,1
tm845607,Spirit Riding Free: Spirit of Christmas,MOVIE,2019,2010,PG,45,0,,5.2,124.0,6.9,8.492,1,animation,5,US,1
tm926528,AK vs AK,MOVIE,2020,2020,Not Rated,108,0,,6.9,14195.0,7.3,3.757,1,drama,5,IN,1
tm1013697,Nneka the Pretty Serpent,MOVIE,2020,2020,Not Rated,140,0,,3.7,126.0,3.8,2.577,1,horror,3,NG,1
tm854454,Varane Avashyamund,MOVIE,2020,2020,Not Rated,145,0,,6.9,2803.0,7.0,3.258,1,comedy,4,IN,1
ts269085,Oldsters,SHOW,2020,2020,TV-MA,50,0,1.0,,,,2.576,0,comedy,1,CL,1
ts269073,The Fabulous Lives of Bollywood Wives,SHOW,2020,2020,TV-MA,37,0,1.0,4.7,9695.0,5.5,1.363,1,reality,3,IN,1
tm473813,Chopsticks,MOVIE,2019,2010,Not Rated,100,0,,6.5,4729.0,5.9,4.727,1,comedy,2,IN,1
tm1226722,U-Turn,MOVIE,2020,2020,Not Rated,120,0,,4.4,272.0,5.7,1.68,1,thriller,2,PS,2
tm863611,Kappela,MOVIE,2020,2020,Not Rated,113,0,,7.5,3289.0,,,1,romance,2,IN,1
tm998899,The Fisherman's Diary,MOVIE,2020,2020,Not Rated,142,0,,6.4,631.0,7.1,4.522,1,drama,1,CM,1
tm826875,Back to School,MOVIE,2019,2010,Not Rated,83,0,,5.3,1267.0,5.4,5.563,1,comedy,1,FR,1
ts258169,Holiday Home Makeover with Mr. Christmas,SHOW,2020,2020,TV-G,44,0,1.0,5.8,293.0,6.7,5.464,1,reality,1,US,1
tm845370,After the Raid,MOVIE,2019,2010,Not Rated,25,0,,,,5.4,2.196,1,documentation,1,MX,2
ts92405,Hasmukh,SHOW,2020,2020,TV-MA,32,0,1.0,5.3,2680.0,7.0,2.372,1,comedy,3,IN,1
tm452900,ReMastered: Massacre at the Stadium,MOVIE,2019,2010,Not Rated,64,0,,7.2,787.0,7.7,2.55,1,documentation,2,CL,1
tm918962,Fearless,MOVIE,2020,2020,PG,89,0,,4.9,1735.0,6.2,17.412,1,animation,5,CA,1
tm908128,Chaman Bahar,MOVIE,2020,2020,Not Rated,111,0,,6.9,6926.0,5.3,1.967,1,drama,2,IN,1
tm1026231,Reframe THEATER EXPERIENCE with you,MOVIE,2020,2020,Not Rated,84,0,,,,7.0,1.554,1,music,1,JP,1
ts223110,Sugar Rush Christmas,SHOW,2019,2010,TV-PG,51,0,2.0,6.8,590.0,7.7,2.274,1,reality,1,US,1
tm882606,Sethum Aayiram Pon,MOVIE,2019,2010,G,102,0,,7.2,349.0,6.0,1.974,1,drama,2,IN,1
ts218776,Happy Jail,SHOW,2019,2010,Not Rated,34,0,1.0,6.9,249.0,10.0,1.225,1,documentation,1,,0
tm473647,ReMastered: The Lion's Share,MOVIE,2019,2010,PG-13,84,0,,6.9,637.0,7.0,2.952,1,music,2,US,1
tm830994,Thomas & Friends: Digs & Discoveries,MOVIE,2019,2010,Not Rated,64,0,,,,7.5,1.425,1,family,2,,0
tm452574,"Ray Romano: Right Here, Around the Corner",MOVIE,2019,2010,Not Rated,58,0,,7.2,1693.0,6.8,2.483,1,comedy,2,US,1
tm840242,Arsenio Hall: Smart and Classy,MOVIE,2019,2010,Not Rated,63,0,,6.0,460.0,5.9,3.367,1,comedy,1,US,1
ts88608,Cricket Fever: Mumbai Indians,SHOW,2019,2010,TV-MA,38,0,1.0,7.2,710.0,9.0,1.4,1,documentation,2,IN,1
tm115973,Guna 369,MOVIE,2019,2010,Not Rated,146,0,,6.7,19.0,5.0,2.278,1,romance,3,IN,1
ts234501,Buddi,SHOW,2020,2020,TV-Y,10,0,2.0,7.2,58.0,10.0,1.032,1,family,4,US,1
tm869373,High & Low: The Worst,MOVIE,2019,2010,Not Rated,125,0,,6.7,516.0,7.1,4.017,1,action,2,JP,1
tm843143,Whipped,MOVIE,2020,2020,Not Rated,97,0,,4.0,642.0,6.4,2.293,1,drama,3,ID,1
ts237304,Chico Bon Bon: Monkey with a Tool Belt,SHOW,2020,2020,Not Rated,14,0,4.0,,,8.7,7.69,1,animation,1,US,1
ts253288,Felipe Esparza: Bad Decisions,SHOW,2020,2020,TV-MA,63,0,1.0,5.3,176.0,10.0,1.061,1,comedy,1,US,1
tm848444,Masameer: The Movie,MOVIE,2020,2020,Not Rated,112,0,,5.9,2274.0,6.2,2.473,1,animation,4,SA,1
ts89895,Mighty Little Bheem,SHOW,2019,2010,TV-Y,6,0,3.0,6.4,252.0,8.4,8.586,1,animation,4,US,1
tm823350,Luccas Neto in: Summer Camp,MOVIE,2019,2010,G,87,0,,2.8,54.0,8.4,2.99,1,comedy,1,BR,1
ts262228,Tobot Galaxy Detectives,SHOW,2020,2020,TV-Y7,13,0,2.0,6.7,14.0,,0.6,1,animation,1,,0
tm431349,Bulbul Can Sing,MOVIE,2019,2010,Not Rated,95,0,,7.0,390.0,7.8,0.638,1,drama,1,IN,1
tm881984,Maska,MOVIE,2020,2020,Not Rated,111,0,,5.9,1451.0,6.0,1.752,1,comedy,3,IN,1
tm451852,The 3rd Eye 2,MOVIE,2019,2010,Not Rated,115,0,,5.4,596.0,5.7,12.245,1,thriller,4,ID,1
tm842829,Dead Kids,MOVIE,2019,2010,Not Rated,94,0,,5.3,494.0,5.9,3.644,1,crime,3,PH,1
tm451584,Too Handsome To Handle,MOVIE,2019,2010,Not Rated,106,0,,6.7,564.0,6.0,5.718,1,comedy,3,ID,1
tm935388,Ginny Weds Sunny,MOVIE,2020,2020,Not Rated,125,0,,5.7,4776.0,6.3,3.782,1,comedy,3,IN,1
tm907704,Dark City Beneath the Beat,MOVIE,2020,2020,Not Rated,65,0,,6.6,141.0,7.0,2.303,1,documentation,2,US,1
tm452237,The Car: Road to Revenge,MOVIE,2019,2010,Not Rated,89,0,,4.0,1096.0,6.6,20.461,1,action,4,US,1
tm456074,Jezebel,MOVIE,2020,2020,Not Rated,88,0,,6.6,931.0,6.6,1.22,1,drama,1,US,1
tm894241,Kenny Sebastian: The Most Interesting Person in the Room,MOVIE,2020,2020,Not Rated,67,0,,6.0,1007.0,6.9,3.062,1,comedy,1,IN,1
ts224906,Find Yourself,SHOW,2020,2020,TV-14,45,0,1.0,7.7,212.0,7.7,14.895,1,drama,2,CN,1
tm887052,Father Soldier Son,MOVIE,2020,2020,R,99,0,,7.3,952.0,6.2,10.385,1,war,2,US,1
tm458363,Juanita,MOVIE,2019,2010,Not Rated,90,0,,6.0,2362.0,5.25,6.815,1,drama,1,US,1
tm845942,A Family Reunion Christmas,MOVIE,2019,2010,Not Rated,29,0,,5.8,219.0,6.1,7.028,1,comedy,2,US,1
tm498444,Nimbe: The Movie,MOVIE,2019,2010,Not Rated,110,0,,5.9,57.0,,,1,drama,1,,0
tm824324,Scarecrow,MOVIE,2019,2010,Not Rated,126,0,,,,5.6,2.04,1,comedy,1,EG,1
tm831196,Chippa,MOVIE,2019,2010,G,90,0,,6.5,1103.0,5.0,1.315,1,drama,1,IN,1
tm819841,Isa Pa with Feelings,MOVIE,2019,2010,Not Rated,102,0,,7.8,344.0,7.4,2.73,1,comedy,3,PH,1
tm841410,Fire in Paradise,MOVIE,2019,2010,Not Rated,39,0,,,,6.7,4.532,1,documentation,1,US,1
tm996316,Omo Ghetto: The Saga,MOVIE,2020,2020,Not Rated,110,0,,7.5,60.0,5.5,1.4,1,comedy,3,,0
ts262037,Bread Barbershop,SHOW,2020,2020,TV-Y,11,0,2.0,7.4,132.0,,,1,animation,1,KR,1
tm845588,Spookley and the Christmas Kittens,MOVIE,2019,2010,Not Rated,44,0,,,,,2.287,0,music,1,US,1
ts255867,뽀로로 동화나라,SHOW,2020,2020,TV-Y,14,0,1.0,,,,0.6,0,animation,1,KR,1
tm834653,The Knight and the Princess,MOVIE,2019,2010,PG,97,0,,5.5,394.0,,1.209,1,comedy,6,EG,2
tm894858,The End,MOVIE,2019,2010,Not Rated,97,0,,,,,0.675,0,crime,1,KW,1
tm971431,Ari Eldjárn: Pardon My Icelandic,MOVIE,2020,2020,Not Rated,54,0,,,,7.9,2.271,1,comedy,1,IS,1
tm465984,Boi,MOVIE,2019,2010,Not Rated,111,0,,,,5.0,3.617,1,thriller,2,ES,2
tm863280,Showtime 1958,MOVIE,2020,2020,Not Rated,110,0,,5.6,25.0,6.5,1.275,1,drama,1,MY,1
ts225708,Six Windows in the Desert,SHOW,2020,2020,TV-14,21,0,1.0,4.3,3104.0,10.0,1.176,1,drama,4,SA,1
tm866782,One-Way to Tomorrow,MOVIE,2020,2020,Not Rated,90,0,,5.6,4819.0,5.8,3.827,1,comedy,3,TR,1
tm810423,"Colin Quinn: Red State, Blue State",MOVIE,2019,2010,Not Rated,65,0,,7.6,727.0,7.5,2.538,1,comedy,1,US,1
tm918373,Malibu Rescue: The Next Wave,MOVIE,2020,2020,Not Rated,70,0,,4.8,841.0,6.5,8.488,1,comedy,3,US,1
tm457410,Money Trap,MOVIE,2019,2010,Not Rated,121,0,,6.0,14565.0,5.6,9.695,1,action,4,TR,1
tm940566,Kaali Khuhi,MOVIE,2020,2020,Not Rated,90,0,,3.5,1230.0,4.8,1.95,1,thriller,3,IN,1
tm825210,Nothing to Lose 2,MOVIE,2019,2010,PG-13,96,0,,3.0,655.0,,,1,drama,1,BR,1
tm460259,Blood Will Tell,MOVIE,2019,2010,Not Rated,113,0,,6.1,831.0,6.0,2.268,1,thriller,2,CL,3
tm896246,George Lopez: We'll Do It for Half,MOVIE,2020,2020,Not Rated,51,0,,5.7,452.0,5.6,2.137,1,comedy,1,US,1
ts217553,Sexy Central,SHOW,2019,2010,TV-MA,27,0,1.0,,,5.0,1.722,1,comedy,1,HK,1
tm483190,Time Out,MOVIE,2019,2010,Not Rated,93,0,,5.9,47.0,,,1,comedy,3,,0
tm925785,Dark Forces,MOVIE,2020,2020,Not Rated,81,0,,2.7,597.0,4.3,4.03,1,horror,3,MX,1
tm454464,Pegasus,MOVIE,2019,2010,Not Rated,98,0,,6.3,1813.0,6.3,5.369,1,comedy,4,CN,1
tm484173,Bhangra Paa Le,MOVIE,2020,2020,Not Rated,131,0,,6.2,361.0,5.8,3.101,1,music,3,IN,1
tm919920,Milestone,MOVIE,2020,2020,Not Rated,98,0,,6.6,634.0,6.1,1.579,1,drama,1,IN,1
ts269283,Bhaag Beanie Bhaag,SHOW,2020,2020,Not Rated,29,0,1.0,,,7.7,1.187,1,drama,1,IN,1
tm405637,122,MOVIE,2019,2010,R,95,0,,6.0,5563.0,6.0,3.717,1,horror,2,EG,1
tm478962,Saavat,MOVIE,2019,2010,Not Rated,117,0,,6.5,176.0,7.0,0.974,1,thriller,3,IN,1
tm813634,Dorasani,MOVIE,2019,2010,Not Rated,130,0,,5.8,199.0,4.0,2.545,1,drama,2,IN,1
tm877746,Krishna and His Leela,MOVIE,2020,2020,Not Rated,125,0,,5.6,1579.0,,,1,comedy,2,,0
tm938333,A Go! Go! Cory Carson Halloween,MOVIE,2020,2020,G,21,0,,6.4,51.0,7.3,2.048,1,animation,3,,0
ts89182,Green Door,SHOW,2019,2010,Not Rated,49,0,1.0,6.4,131.0,8.3,2.114,1,drama,4,TW,1
tm828318,Axone,MOVIE,2019,2010,Not Rated,96,0,,6.9,2213.0,5.6,1.895,1,comedy,2,IN,1
tm455715,Dilan 1991,MOVIE,2019,2010,Not Rated,118,0,,6.5,1071.0,6.8,3.22,1,drama,2,ID,1
ts243189,Booba: Food Puzzle,SHOW,2020,2020,TV-Y,3,0,1.0,8.3,30.0,,,1,comedy,3,,0
tm977184,A Go! Go! Cory Carson Christmas,MOVIE,2020,2020,Not Rated,21,0,,6.1,50.0,6.9,14.016,1,animation,2,US,1
tm474695,Dying to Tell,MOVIE,2019,2010,Not Rated,87,0,,6.8,351.0,7.1,1.881,1,documentation,2,ES,1
tm845616,Tootsies & The Fake,MOVIE,2019,2010,Not Rated,108,0,,5.9,485.0,4.6,3.134,1,comedy,1,TH,1
tm826677,Tee Shot: Ariya Jutanugarn,MOVIE,2019,2010,Not Rated,103,0,,,,6.2,2.757,1,drama,1,TH,1
ts234505,Fary: Hexagone,SHOW,2020,2020,TV-MA,51,0,1.0,6.2,129.0,7.0,1.41,1,comedy,1,FR,1
ts224261,Nailed It! Germany,SHOW,2020,2020,TV-14,0,1,1.0,5.7,102.0,10.0,2.157,1,reality,1,DE,1
tm1000551,Namaste Wahala,MOVIE,2020,2020,Not Rated,106,0,,5.1,1557.0,7.7,2.696,1,comedy,3,NG,1
tm943808,Guillermo Vilas: Settling the Score,MOVIE,2020,2020,Not Rated,94,0,,7.1,655.0,8.1,1.754,1,documentation,2,AR,1
tm975616,The Beginning of Life 2: Outside,MOVIE,2020,2020,G,92,0,,8.0,20.0,8.5,1.29,1,documentation,1,BR,1
tm373471,90 ML,MOVIE,2019,2010,Not Rated,125,0,,3.3,577.0,5.2,1.81,1,drama,3,IN,1
tm936519,Soulmate,MOVIE,2020,2020,Not Rated,106,0,,,,5.8,1.4,1,drama,1,EG,1
tm946795,Citation,MOVIE,2020,2020,Not Rated,151,0,,6.1,970.0,7.4,4.944,1,thriller,2,NG,1
tm813936,Adam Devine: Best Time of Our Lives,MOVIE,2019,2010,PG-13,58,0,,5.9,959.0,6.5,2.486,1,comedy,1,US,1
ts88166,Nailed It! Mexico,SHOW,2019,2010,TV-PG,33,0,3.0,6.2,308.0,7.1,4.224,1,reality,1,MX,1
tm918258,Dogwashers,MOVIE,2020,2020,Not Rated,107,0,,5.8,601.0,6.313,29.101,1,crime,3,AR,2
tm1047951,Small Chops,MOVIE,2020,2020,Not Rated,98,0,,3.0,31.0,,1.2,1,drama,1,NG,1
tm493556,Kaagar,MOVIE,2019,2010,Not Rated,129,0,,6.2,64.0,,1.4,1,crime,2,IN,1
tm882875,Sol Levante,MOVIE,2020,2020,Not Rated,4,0,,,,5.4,2.659,1,fantasy,2,JP,1
ts221472,Valentino,SHOW,2020,2020,TV-14,37,0,1.0,5.2,225.0,6.5,6.16,1,comedy,1,EG,1
tm460411,Stunt School,MOVIE,2019,2010,Not Rated,95,0,,4.4,1141.0,4.1,1.509,1,comedy,1,TR,1
tm816432,Bypass Road,MOVIE,2019,2010,Not Rated,137,0,,5.4,1022.0,5.3,1.523,1,thriller,2,IN,1
tm1020701,La Vocera,MOVIE,2020,2020,Not Rated,82,0,,7.2,55.0,6.5,1.679,1,documentation,1,MX,1
tm839479,Fan Girl,MOVIE,2020,2020,Not Rated,100,0,,6.6,382.0,7.6,2.273,1,drama,1,PH,1
tm828570,Ahaan,MOVIE,2019,2010,Not Rated,81,0,,7.0,327.0,,1.017,1,comedy,2,IN,1
tm466850,Ricardo Quevedo: los amargados somos más,MOVIE,2019,2010,Not Rated,58,0,,7.3,97.0,7.7,2.175,1,comedy,1,,0
tm835445,Deon Cole: Cole Hearted,MOVIE,2019,2010,Not Rated,69,0,,6.9,895.0,6.5,3.008,1,comedy,1,US,1
tm1004219,Who's the Boss,MOVIE,2020,2020,Not Rated,105,0,,5.7,39.0,4.0,2.236,1,comedy,2,,0
tm435327,27 Steps of May,MOVIE,2019,2010,Not Rated,112,0,,8.0,492.0,8.6,1.857,1,drama,1,ID,1
tm435836,Mere Pyare Prime Minister,MOVIE,2019,2010,Not Rated,104,0,,6.8,646.0,7.2,1.988,1,drama,1,IN,1
tm983091,The Netflix Afterparty: The Best Shows of The Worst Year,MOVIE,2020,2020,Not Rated,59,0,,,,6.0,1.492,1,documentation,1,US,1
ts222687,No hay tiempo para la vergüenza,SHOW,2019,2010,Not Rated,43,0,1.0,5.8,82.0,10.0,1.008,1,reality,1,,0
tm674135,Brother in Love,MOVIE,2019,2010,Not Rated,115,0,,7.0,6337.0,6.9,3.146,1,comedy,2,TR,1
tm938434,All Because of You,MOVIE,2020,2020,Not Rated,101,0,,3.9,218.0,6.6,2.519,1,romance,3,MY,1
tm912415,Urzila Carlson: Overqualified Loser,MOVIE,2020,2020,Not Rated,62,0,,6.3,366.0,4.9,2.95,1,comedy,1,,0
tm992712,From Stress to Happiness,MOVIE,2020,2020,PG-13,60,0,,6.3,208.0,6.0,2.581,1,documentation,1,,0
ts298837,Badanamu Stories,SHOW,2020,2020,TV-Y,10,0,1.0,5.6,9.0,,,1,animation,1,,0
tm475638,Luccas Neto em: Uma Babá Muito Esquisita,MOVIE,2019,2010,Not Rated,75,0,,3.0,36.0,7.1,2.143,1,comedy,2,BR,1
ts251607,Word Party Songs,SHOW,2020,2020,TV-Y,4,0,1.0,3.6,18.0,10.0,2.346,1,animation,2,,0
ts213611,Bangkok Love Stories: Plead,SHOW,2019,2010,Not Rated,42,0,1.0,7.2,58.0,9.0,1.82,1,drama,1,TH,1
tm980358,You Are My Home,MOVIE,2020,2020,Not Rated,92,0,,,,7.3,4.44,1,family,1,US,1
tm483511,Jai Mummy Di,MOVIE,2020,2020,Not Rated,103,0,,3.7,946.0,6.6,2.23,1,comedy,3,IN,1
ts101042,The 43,SHOW,2019,2010,TV-MA,66,0,1.0,7.1,143.0,6.9,2.828,1,documentation,2,MX,1
ts269280,Kings of Jo'Burg,SHOW,2020,2020,TV-MA,53,0,1.0,5.0,499.0,7.9,5.53,1,crime,2,ZA,1
ts255418,Bad Boy Billionaires: India,SHOW,2020,2020,TV-14,59,0,1.0,7.9,3057.0,8.3,1.974,1,crime,2,XX,1
tm830151,One Day We'll Talk About Today,MOVIE,2020,2020,Not Rated,121,0,,7.4,1155.0,7.8,2.614,1,drama,4,ID,1
tm1026240,Perfume Imaginary Museum “Time Warp”,MOVIE,2020,2020,Not Rated,53,0,,6.5,24.0,7.0,1.555,1,music,1,JP,1
tm885938,Mauricio Meirelles: Generating Chaos,MOVIE,2020,2020,Not Rated,63,0,,,,7.7,2.182,1,comedy,1,BR,1
ts225513,Spectros,SHOW,2020,2020,TV-MA,44,0,1.0,,,6.9,7.354,1,scifi,1,BR,1
tm838007,Dolly Kitty and Those Twinkling Stars,MOVIE,2019,2010,R,120,0,,5.5,7580.0,5.9,2.456,1,drama,2,IN,1
tm845552,Giving Voice,MOVIE,2020,2020,PG-13,90,0,,,,6.3,2.685,1,documentation,1,US,1
ts237556,The Unremarkable Juanquini,SHOW,2020,2020,TV-MA,29,0,2.0,4.3,191.0,7.0,7.945,1,comedy,1,CO,1
tm873357,Mariposa,MOVIE,2020,2020,Not Rated,117,0,,6.9,725.0,,,1,comedy,3,,0
tm810357,True: Happy Hearts Day,MOVIE,2019,2010,G,23,0,,,,7.0,2.006,1,action,3,CA,1
tm1062350,Kedibone,MOVIE,2020,2020,Not Rated,94,0,,4.5,174.0,10.0,2.368,1,drama,1,ZA,1
tm457296,Kevin Hart's Guide to Black History,MOVIE,2019,2010,PG,60,0,,5.5,1347.0,5.4,3.248,1,comedy,1,US,1
tm982569,London Hughes: To Catch A D*ck,MOVIE,2020,2020,Not Rated,60,0,,4.7,326.0,6.6,3.879,1,comedy,1,US,1
tm840208,Jeff Garlin: Our Man in Chicago,MOVIE,2019,2010,Not Rated,58,0,,5.9,425.0,6.3,2.251,1,comedy,1,GB,1
ts229700,Encounters,SHOW,2019,2010,TV-PG,22,0,1.0,,,,0.6,0,comedy,1,,0
tm840236,Milea,MOVIE,2020,2020,Not Rated,99,0,,6.1,564.0,5.7,3.228,1,drama,2,ID,1
tm844978,Guatemala: Heart of the Mayan World,MOVIE,2019,2010,Not Rated,66,0,,6.6,224.0,5.8,2.275,1,documentation,1,GT,2
tm885364,The House of Flowers Presents: The Funeral,MOVIE,2019,2010,Not Rated,35,0,,,,6.9,10.517,1,comedy,1,MX,1
ts45322,"Wait, My Youth",SHOW,2019,2010,TV-PG,36,0,1.0,8.0,122.0,9.0,4.459,1,drama,2,CN,1
tm849599,Furtive,MOVIE,2020,2020,Not Rated,84,0,,5.1,328.0,6.5,1.945,1,thriller,1,AR,1
ts257243,Voices of Fire,SHOW,2020,2020,TV-PG,37,0,1.0,6.8,388.0,8.0,1.137,1,music,2,US,1
tm981475,Illegal Woman,MOVIE,2020,2020,Not Rated,119,0,,6.1,201.0,6.6,1.65,1,drama,3,ES,1
tm882700,Not a Game,MOVIE,2020,2020,Not Rated,32,0,,,,3.6,3.061,1,documentation,2,ES,1
ts89740,The Defected,SHOW,2019,2010,TV-14,42,0,1.0,7.4,70.0,9.0,6.024,1,drama,2,HK,1
tm850176,Leslie Jones: Time Machine,MOVIE,2020,2020,Not Rated,66,0,,,,5.9,1.762,1,comedy,1,,0
tm945831,The Magic School Bus Rides Again: The Frizz Connection,MOVIE,2020,2020,Not Rated,44,0,,,,7.7,2.052,1,animation,2,US,1
ts256134,Country Ever After,SHOW,2020,2020,TV-PG,24,0,1.0,6.4,170.0,9.7,1.11,1,reality,2,US,1
tm862830,Seriously Single,MOVIE,2020,2020,Not Rated,107,0,,4.4,1266.0,7.0,7.403,1,comedy,2,ZA,1
tm971819,Four Sisters Before the Wedding,MOVIE,2020,2020,Not Rated,116,0,,6.2,186.0,,,1,comedy,2,,0
tm915354,Girl's Revenge,MOVIE,2020,2020,Not Rated,81,0,,5.7,204.0,5.1,12.91,1,drama,1,TW,1
tm881575,Velvet Colección: Grand Finale,MOVIE,2020,2020,Not Rated,82,0,,7.2,8.0,4.0,2.102,1,comedy,2,US,2
ts218000,Dollar,SHOW,2019,2010,Not Rated,41,0,1.0,6.6,602.0,8.0,2.16,1,action,3,LB,1
tm848261,Aaviri,MOVIE,2019,2010,Not Rated,113,0,,3.5,104.0,4.0,0.994,1,drama,2,IN,1
tm454431,A Home with a View,MOVIE,2019,2010,Not Rated,92,0,,5.9,301.0,6.0,2.904,1,comedy,2,HK,1
tm890479,The Claudia Kishi Club,MOVIE,2020,2020,Not Rated,17,0,,,,4.7,1.135,1,documentation,1,US,1
tm982018,A Trash Truck Christmas,MOVIE,2020,2020,G,28,0,,5.5,214.0,6.5,17.611,1,action,4,US,1
tm1015303,RattleSnake: The Ahanna Story,MOVIE,2020,2020,Not Rated,135,0,,4.7,110.0,,,1,drama,1,,0
tm813231,The Bling Lagosians,MOVIE,2019,2010,Not Rated,97,0,,6.4,94.0,6.0,2.214,1,drama,1,NG,1
tm835414,Sitara,MOVIE,2019,2010,Not Rated,128,0,,8.0,5.0,7.1,1.115,1,drama,2,IN,1
tm823459,Léa & I,MOVIE,2019,2010,Not Rated,84,0,,6.5,215.0,5.9,3.101,1,documentation,1,US,1
tm832463,Mundina Nildana,MOVIE,2019,2010,Not Rated,106,0,,6.2,364.0,6.0,1.453,1,drama,3,IN,1
ts252695,Bookmarks: Celebrating Black Voices,SHOW,2020,2020,TV-G,7,0,1.0,5.0,163.0,8.0,3.313,1,family,1,US,1
tm836449,Tuna Girl,MOVIE,2019,2010,Not Rated,89,0,,6.1,148.0,6.5,1.508,1,drama,2,JP,1
tm832844,Mo Gilligan: Momentum,MOVIE,2019,2010,Not Rated,64,0,,6.3,439.0,5.3,2.839,1,comedy,1,GB,1
tm898322,This Lady Called Life,MOVIE,2020,2020,Not Rated,120,0,,6.7,65.0,,1.709,1,drama,1,NG,1
tm925702,Andre and His Olive Tree,MOVIE,2020,2020,Not Rated,104,0,,6.7,207.0,5.0,1.519,1,documentation,1,SG,1
tm887376,Go! Go! Cory Carson: The Chrissy,MOVIE,2020,2020,G,42,0,,,,6.0,4.428,1,animation,2,US,3
tm472999,Guddiyan Patole,MOVIE,2019,2010,Not Rated,127,0,,7.0,740.0,9.3,2.072,1,comedy,2,IN,1
tm859424,Maradona's Legs,MOVIE,2019,2010,Not Rated,24,0,,,,8.5,1.25,1,drama,2,AF,3
tm863879,Kaamyaab,MOVIE,2020,2020,PG,109,0,,,,6.8,3.602,1,comedy,2,IN,1
tm925186,Santana,MOVIE,2020,2020,Not Rated,106,0,,3.8,984.0,5.6,7.095,1,action,3,ZA,2
tm852728,Hunter in the Blue Side of Manchester,MOVIE,2020,2020,Not Rated,89,0,,5.7,46.0,,1.488,1,drama,1,ID,1
ts283159,A Perfect Day for Arsenide,SHOW,2020,2020,TV-MA,23,0,1.0,5.0,18.0,2.0,1.4,1,drama,2,HK,1
tm846630,Tarung Sarung,MOVIE,2020,2020,Not Rated,115,0,,5.9,196.0,7.4,3.165,1,drama,4,ID,1
tm918959,A Go! Go! Cory Carson Summer Camp,MOVIE,2020,2020,Not Rated,20,0,,,,2.7,2.143,1,animation,1,US,1
tm881973,True: Wuzzle Wegg Day,MOVIE,2020,2020,Not Rated,23,0,,,,,1.197,0,animation,1,CA,1
ts90648,I Have A Script,SHOW,2019,2010,TV-14,45,0,1.0,,,10.0,2.143,1,drama,1,KW,1
tm813929,Gold Statue,MOVIE,2019,2010,Not Rated,145,0,,6.2,52.0,4.0,1.306,1,drama,2,NG,1
tm475815,The Zoya Factor,MOVIE,2019,2010,Not Rated,134,0,,4.3,2451.0,5.8,3.737,1,romance,4,IN,1
tm683841,"Hello, Love, Goodbye",MOVIE,2019,2010,Not Rated,118,0,,7.3,1050.0,6.1,9.819,1,drama,2,HK,2
tm468824,Super Monsters Furever Friends,MOVIE,2019,2010,Not Rated,58,0,,5.7,70.0,6.2,22.32,1,fantasy,2,,0
tm474647,Hot Gimmick: Girl Meets Boy,MOVIE,2019,2010,Not Rated,119,0,,4.4,454.0,6.1,4.889,1,drama,2,JP,1
tm854786,Yeh Ballet,MOVIE,2020,2020,PG-13,117,0,,7.5,1335.0,7.7,5.098,1,drama,1,IN,1
ts222901,糖糖Online,SHOW,2019,2010,TV-MA,24,0,1.0,5.4,22.0,10.0,0.6,1,drama,2,TW,1
tm973704,Andhaghaaram,MOVIE,2020,2020,Not Rated,171,0,,7.6,3746.0,7.7,2.54,1,thriller,2,IN,1
tm467735,Liss Pereira: Reteniendo Liquidos,MOVIE,2019,2010,Not Rated,59,0,,6.4,94.0,7.1,1.161,1,comedy,1,,0
ts250872,Southern Survival,SHOW,2020,2020,Not Rated,29,0,1.0,5.2,462.0,8.3,1.847,1,reality,1,US,1
ts90568,Answer for Heaven,SHOW,2019,2010,Not Rated,42,0,1.0,,,9.0,1.568,1,drama,3,TH,1
tm1036794,Wave of Cinema: Filosofi Kopi,MOVIE,2020,2020,Not Rated,90,0,,,,,0.908,0,documentation,2,ID,1
tm676905,Hire a Woman,MOVIE,2019,2010,Not Rated,109,0,,7.1,32.0,,,1,romance,2,,0
tm844201,Super Monsters Save Christmas,MOVIE,2019,2010,G,24,0,,4.8,57.0,6.0,2.865,1,family,3,US,1
tm833361,True: Tricky Treat Day,MOVIE,2019,2010,Not Rated,23,0,,,,7.0,2.308,1,animation,2,,0
tm437379,I'm Leaving Now,MOVIE,2019,2010,Not Rated,74,0,,6.6,111.0,6.0,1.517,1,documentation,2,MX,2
tm847805,Ludo,MOVIE,2020,2020,PG-13,150,0,,7.6,37528.0,7.5,10.329,1,crime,4,IN,1
tm814652,Mallesham,MOVIE,2019,2010,Not Rated,131,0,,8.3,1045.0,7.6,1.915,1,drama,1,IN,1
tm920599,Super Monsters: The New Class,MOVIE,2020,2020,Not Rated,24,0,,,,6.5,2.7,1,animation,1,CA,1
tm813938,Mike Epps: Only One Mike,MOVIE,2019,2010,Not Rated,63,0,,4.7,306.0,6.6,2.06,1,comedy,1,US,1
tm461532,Kill Me If You Dare,MOVIE,2019,2010,Not Rated,104,0,,4.4,1764.0,4.2,3.102,1,romance,2,TR,1
tm820338,The 9th Precinct,MOVIE,2019,2010,Not Rated,94,0,,5.6,535.0,6.1,14.932,1,crime,5,TW,1
tm844236,True: Winter Wishes,MOVIE,2019,2010,G,45,0,,,,6.4,3.056,1,action,3,CA,1
tm822502,Whindersson Nunes: Adulto,MOVIE,2019,2010,Not Rated,68,0,,7.0,362.0,8.0,4.076,1,comedy,1,BR,1
tm989205,Ratones Paranoicos: The Band That Rocked Argentina,MOVIE,2019,2010,Not Rated,76,0,,,,,1.237,0,documentation,2,AR,1
ts218307,Styling Hollywood,SHOW,2019,2010,TV-14,36,0,1.0,6.6,361.0,10.0,1.289,1,reality,1,US,1
tm839761,"Kalel, 15",MOVIE,2019,2010,Not Rated,104,0,,7.2,276.0,9.3,2.69,1,drama,1,PH,1
tm468651,Kandasamys: The Wedding,MOVIE,2019,2010,Not Rated,98,0,,6.0,232.0,8.4,2.263,1,comedy,1,ZA,1
tm834121,Birders,MOVIE,2019,2010,Not Rated,37,0,,,,6.8,2.791,1,documentation,1,MX,2
tm474618,A Tale of Two Kitchens,MOVIE,2019,2010,Not Rated,29,0,,6.5,145.0,6.6,2.511,1,documentation,1,MX,2
tm474496,Mujeres arriba,MOVIE,2020,2020,Not Rated,100,0,,3.8,471.0,7.5,5.945,1,comedy,2,CL,1
tm677904,2 Weeks in Lagos,MOVIE,2019,2010,Not Rated,107,0,,6.5,36.0,,1.223,1,romance,3,NG,1
tm476708,Kids on the Block,MOVIE,2019,2010,Not Rated,103,0,,5.6,361.0,5.0,2.383,1,comedy,2,TR,1
tm822210,Eggnoid: Love & Time Portal,MOVIE,2019,2010,Not Rated,102,0,,6.1,86.0,,,1,romance,4,,0
tm949905,Asura Guru,MOVIE,2020,2020,Not Rated,120,0,,3.2,322.0,,,1,action,3,IN,1
ts223121,Bangkok Buddies,SHOW,2019,2010,TV-MA,40,0,1.0,6.8,17.0,10.0,3.237,1,drama,2,TH,1
tm477403,Kaake Da Viyah,MOVIE,2019,2010,Not Rated,133,0,,5.1,74.0,6.0,0.999,1,comedy,2,IN,1
tm935941,Horrid Henry's Gross Day Out,MOVIE,2020,2020,Not Rated,61,0,,5.9,47.0,1.0,2.448,1,family,4,GB,1
tm863514,House Arrest,MOVIE,2019,2010,Not Rated,104,0,,5.5,1655.0,6.4,3.176,1,comedy,1,IN,1
tm922943,Beyond the Boundary: ICC Women's T20 World Cup Australia 2020,MOVIE,2020,2020,Not Rated,59,0,,6.0,6.0,,0.67,1,documentation,2,AU,1
tm439365,Bombairiya,MOVIE,2019,2010,Not Rated,108,0,,4.5,423.0,7.5,2.423,1,drama,3,IN,1
tm927926,Dad Wanted,MOVIE,2020,2020,Not Rated,102,0,,5.7,1075.0,7.6,8.354,1,drama,3,MX,1
tm944561,Rooting for Roona,MOVIE,2020,2020,Not Rated,40,0,,,,7.4,4.306,1,documentation,1,IN,1
tm818499,Revenge of the Pontianak,MOVIE,2019,2010,Not Rated,92,0,,5.3,273.0,5.2,4.274,1,horror,2,SG,2
tm476922,Wanted - Matloubin,MOVIE,2019,2010,Not Rated,90,0,,4.5,615.0,,,1,comedy,2,LB,1
tm822272,Love for Sale 2,MOVIE,2019,2010,Not Rated,92,0,,7.0,558.0,7.1,2.626,1,drama,2,ID,1
tm466854,Uriyadi 2,MOVIE,2019,2010,G,119,0,,7.1,888.0,6.9,2.803,1,action,2,IN,1
tm940835,Chhota Bheem Ka Roosi Romanch,MOVIE,2019,2010,G,62,0,,,,,0.619,0,animation,1,,0
tm845594,Irandam Ulagaporin Kadaisi Gundu,MOVIE,2019,2010,Not Rated,141,0,,7.2,970.0,6.2,1.87,1,drama,2,IN,1
tm1088545,Unroyal,MOVIE,2020,2020,Not Rated,97,0,,,,,0.981,0,drama,3,NG,1
tm530822,Carlos Almaraz: Playing with Fire,MOVIE,2019,2010,Not Rated,82,0,,7.5,62.0,7.0,0.896,1,documentation,1,US,1
tm463217,Hamid,MOVIE,2019,2010,Not Rated,108,0,,7.7,1211.0,7.0,1.578,1,drama,1,IN,1
tm467116,Life Overtakes Me,MOVIE,2019,2010,Not Rated,39,0,,5.0,45.0,6.4,8.087,1,documentation,1,SE,2
tm879556,David A. Arnold Fat Ballerina,MOVIE,2020,2020,Not Rated,60,0,,7.3,75.0,4.7,1.859,1,comedy,1,US,1
tm838022,Upstarts,MOVIE,2019,2010,Not Rated,112,0,,6.7,869.0,7.1,1.86,1,drama,1,IN,1
tm468811,Mehandi Circus,MOVIE,2019,2010,Not Rated,135,0,,7.3,557.0,6.1,2.967,1,drama,1,IN,1
tm812593,Feo pero Sabroso,MOVIE,2019,2010,Not Rated,90,0,,4.3,173.0,6.9,8.017,1,comedy,1,CO,1
tm814953,This Earth of Mankind,MOVIE,2019,2010,Not Rated,181,0,,6.8,747.0,7.3,2.346,1,drama,2,ID,1
tm853091,The American Game,MOVIE,2019,2010,Not Rated,92,0,,,,5.0,1.773,1,comedy,1,EG,1
tm467955,Francesco De Carlo: Cose di Questo Mondo,MOVIE,2019,2010,Not Rated,61,0,,6.3,111.0,6.8,2.359,1,comedy,1,,0
tm846354,#FriendButMarried 2,MOVIE,2020,2020,Not Rated,104,0,,6.9,311.0,7.5,2.063,1,drama,3,ID,1
tm953122,Elf Pets: Santa's Reindeer Rescue,MOVIE,2020,2020,Not Rated,26,0,,,,5.0,1.028,1,animation,1,,0
tm373655,Sarvam Thaala Mayam,MOVIE,2019,2010,PG,133,0,,7.6,1231.0,7.2,2.903,1,drama,2,IN,1
tm896976,True: Rainbow Rescue,MOVIE,2020,2020,Not Rated,23,0,,,,10.0,2.41,1,animation,1,US,1
tm981956,Spirit Riding Free: Ride Along Adventure,MOVIE,2020,2020,Not Rated,22,0,,6.1,61.0,8.7,1.52,1,animation,6,US,1
tm842869,Fadily Camara: La plus drôle de tes copines,MOVIE,2019,2010,Not Rated,54,0,,5.7,50.0,6.3,2.2,1,comedy,1,FR,1
tm918894,Anelka: Misunderstood,MOVIE,2020,2020,Not Rated,94,0,,6.4,3174.0,6.5,7.071,1,documentation,2,FR,1
tm823848,Mohamed Hussein,MOVIE,2019,2010,Not Rated,96,0,,,,7.2,1.906,1,comedy,1,EG,1
tm831125,American Factory: A Conversation with the Obamas,MOVIE,2019,2010,Not Rated,10,0,,,,5.5,2.344,1,documentation,1,US,1
tm843222,Cultivating the Seas: History and Future of the Full-Cycle Cultured Kindai Tuna,MOVIE,2019,2010,Not Rated,45,0,,,,6.0,0.72,1,documentation,1,JP,1
tm675214,Mokalik (Mechanic),MOVIE,2019,2010,Not Rated,100,0,,6.2,151.0,5.3,1.325,1,comedy,2,NG,1
tm852775,Amit Tandon: Family Tandoncies,MOVIE,2020,2020,Not Rated,72,0,,7.1,255.0,6.7,1.388,1,comedy,1,IN,1
tm822167,The Panti Sisters,MOVIE,2019,2010,PG-13,108,0,,5.5,272.0,4.6,3.741,1,comedy,3,PH,1
tm461427,15 August,MOVIE,2019,2010,Not Rated,124,0,,5.7,273.0,7.0,2.559,1,romance,2,IN,1
tm464212,Antoine Griezmann: The Making of a Legend,MOVIE,2019,2010,Not Rated,60,0,,6.5,1157.0,7.1,5.362,1,documentation,2,FR,1
tm1041549,Dear Affy,MOVIE,2020,2020,Not Rated,126,0,,5.2,5.0,,0.939,1,romance,2,NG,1
tm471802,Sur Sapata,MOVIE,2019,2010,Not Rated,128,0,,7.3,45.0,8.5,1.295,1,comedy,3,IN,1
tm837802,Luccas Neto in: Children's Day,MOVIE,2019,2010,Not Rated,81,0,,2.5,12.0,8.5,2.23,1,comedy,2,BR,1
tm849871,Death Can Wait,MOVIE,2020,2020,Not Rated,91,0,,4.6,105.0,6.2,4.115,1,comedy,1,CO,1
tm825934,Super Monsters Back to School,MOVIE,2019,2010,Not Rated,23,0,,6.2,29.0,6.3,2.472,1,animation,1,US,2
tm866495,Love Like the Falling Rain,MOVIE,2020,2020,Not Rated,86,0,,4.7,205.0,6.2,3.639,1,drama,3,ID,1
tm813423,Marjoun and the Flying Headscarf,MOVIE,2019,2010,Not Rated,84,0,,6.8,42.0,,1.61,1,drama,1,LB,4
tm922407,Kilometers and Kilometers,MOVIE,2020,2020,Not Rated,129,0,,6.3,1592.0,5.6,2.453,1,action,3,IN,1
tm461726,Ghosts of Sugar Land,MOVIE,2019,2010,Not Rated,21,0,,,,5.8,3.349,1,documentation,1,US,1
tm843345,Pinkfong & Baby Shark's Space Adventure,MOVIE,2019,2010,Not Rated,66,0,,5.1,74.0,4.0,3.193,1,animation,4,KR,2
tm901961,One Take,MOVIE,2020,2020,Not Rated,85,0,,5.9,52.0,,0.6,1,documentation,3,DE,1
tm483103,Ali & Alia,MOVIE,2019,2010,PG-13,105,0,,5.0,33.0,,0.604,1,drama,2,EG,1
tm898285,Love and Fury,MOVIE,2020,2020,Not Rated,93,0,,6.6,28.0,,0.865,1,documentation,1,,0
tm924556,Maniyarayile Ashokan,MOVIE,2020,2020,Not Rated,110,0,,4.7,1261.0,3.6,2.534,1,drama,3,IN,1
tm976168,Gone,MOVIE,2020,2020,Not Rated,15,0,,7.4,19.0,,0.6,1,horror,2,AU,1
tm1073424,Motu Patlu the Superheroes – Super Villains from Mars,MOVIE,2019,2010,G,79,0,,,,10.0,0.89,1,animation,3,,0
tm451269,Born Beautiful,MOVIE,2019,2010,Not Rated,96,0,,5.4,119.0,5.7,2.213,1,comedy,1,PH,1
tm840152,Amsterdam to Anatolia,MOVIE,2019,2010,Not Rated,6,0,,,,6.0,1.017,1,thriller,2,NL,4
tm1080109,Quam's Money,MOVIE,2020,2020,Not Rated,114,0,,,,4.0,1.91,1,crime,1,NG,1
tm813075,To Be of Service,MOVIE,2019,2010,Not Rated,88,0,,7.3,99.0,5.7,1.499,1,documentation,1,US,1
tm893510,What are the Odds?,MOVIE,2019,2010,Not Rated,92,0,,5.2,840.0,6.0,1.097,1,drama,3,IN,1
tm475254,"Sincerely Yours, Dhaka",MOVIE,2019,2010,Not Rated,134,0,,6.9,673.0,8.0,1.277,1,drama,1,BD,1
tm976797,Fukrey Boyzzz: Space Mein Fukrapanti,MOVIE,2020,2020,G,74,0,,7.8,14.0,,1.215,1,animation,3,,0
ts251929,DeMarcus Family Rules,SHOW,2020,2020,TV-14,28,0,1.0,6.4,112.0,5.5,1.532,1,reality,1,US,1
tm873354,Si Doel the Movie 3,MOVIE,2020,2020,Not Rated,93,0,,6.5,132.0,,,1,drama,2,,0
tm938186,Zulu Man in Japan,MOVIE,2020,2020,Not Rated,44,0,,,,,0.623,0,documentation,1,ZA,1
tm852060,Grego Rossello: Disculpe las molestias,MOVIE,2019,2010,Not Rated,65,0,,4.5,25.0,,1.703,1,comedy,1,AR,1
ts252977,Baewatch: Parental Guidance,SHOW,2019,2010,TV-MA,47,0,1.0,,,,0.606,0,,0,,0
tm942492,Super Monsters: Dia de los Monsters,MOVIE,2020,2020,G,25,0,,,,7.6,3.052,1,animation,1,US,2
tm888850,"Blue, Painful, and Brittle",MOVIE,2020,2020,Not Rated,118,0,,,,6.0,3.108,1,action,1,JP,1
tm882222,Kalek Shanab,MOVIE,2019,2010,PG-13,80,0,,,,,1.399,0,comedy,1,AE,1
tm907872,Sky Tour: The Movie,MOVIE,2020,2020,Not Rated,94,0,,5.5,1041.0,,2.554,1,music,2,,0
ts223115,The Charming Stepmom,SHOW,2019,2010,TV-14,46,0,1.0,7.9,18.0,10.0,5.114,1,family,3,TH,1
tm474721,Saverio Raimondo: Il Satiro Parlante,MOVIE,2019,2010,PG-13,53,0,,5.7,54.0,5.9,1.235,1,comedy,1,,0
tm824855,Lola Igna,MOVIE,2019,2010,Not Rated,114,0,,7.2,188.0,8.0,2.141,1,drama,2,PH,1
tm849565,Generasi 90an: Melankolia,MOVIE,2020,2020,Not Rated,94,0,,,,7.0,3.285,1,drama,1,ID,1
tm851862,Mutiny of the Worker Bees,MOVIE,2020,2020,Not Rated,100,0,,4.1,478.0,7.2,6.093,1,comedy,1,MX,1
tm944307,I'm Glad I Did,MOVIE,2020,2020,Not Rated,123,0,,8.4,1416.0,9.1,1.424,1,documentation,1,TR,1
tm510525,RK Nagar,MOVIE,2019,2010,Not Rated,110,0,,5.1,137.0,4.0,1.69,1,comedy,2,IN,1
tm835958,"Martin Matte: La vie, la mort... eh la la..!",MOVIE,2019,2010,Not Rated,61,0,,6.5,103.0,7.5,1.513,1,comedy,1,CA,1
tm852207,3 Logical Exits,MOVIE,2020,2020,Not Rated,15,0,,,,,1.447,0,documentation,1,DK,3
tm883070,David Batra: Elephant in The Room,MOVIE,2020,2020,Not Rated,77,0,,5.9,197.0,8.0,2.333,1,comedy,1,SE,1
tm855232,Luccas Neto in: The End of Christmas,MOVIE,2019,2010,Not Rated,71,0,,,,7.8,1.603,1,,0,,0
ts230973,Arashi's Diary: Voyage,SHOW,2019,2010,TV-Y7,30,0,1.0,7.8,44.0,9.5,3.2,1,documentation,2,JP,1
tm679270,Evvarikee Cheppoddu,MOVIE,2019,2010,Not Rated,133,0,,7.2,412.0,7.0,1.938,1,drama,2,IN,1
ts255823,The House Arrest of Us,SHOW,2020,2020,TV-MA,26,0,1.0,5.5,116.0,,1.852,1,comedy,2,PH,1
tm837042,"Hoshino Gen Dome Tour ""POP VIRUS"" at Tokyo Dome",MOVIE,2019,2010,G,120,0,,,,7.0,1.515,1,documentation,2,JP,1
tm435295,Ave Maryam,MOVIE,2019,2010,Not Rated,74,0,,6.9,489.0,6.1,2.006,1,romance,2,ID,1
tm678035,Uncle Naji in UAE,MOVIE,2019,2010,PG-13,95,0,,5.0,60.0,10.0,1.272,1,comedy,2,AE,1
tm958984,Voiceless,MOVIE,2020,2020,Not Rated,120,0,,6.7,32.0,,0.6,1,thriller,1,,0
tm507191,Mayday Life,MOVIE,2019,2010,Not Rated,112,0,,6.7,129.0,8.0,16.787,1,music,2,TW,1
tm836501,Super Monsters: Vida's First Halloween,MOVIE,2019,2010,Not Rated,24,0,,5.9,37.0,5.0,2.494,1,comedy,2,,0
ts236850,Children of Adam,SHOW,2020,2020,TV-14,40,0,1.0,7.7,186.0,8.5,3.843,1,drama,2,LB,1
tm977772,40 Sticks,MOVIE,2020,2020,Not Rated,93,0,,5.7,103.0,6.0,0.84,1,thriller,1,,0
tm430120,Belmonte,MOVIE,2019,2010,Not Rated,75,0,,6.1,382.0,5.5,2.003,1,drama,3,UY,3
tm981770,An Unremarkable Christmas,MOVIE,2020,2020,Not Rated,83,0,,3.2,141.0,6.5,3.963,1,comedy,2,CO,1
ts222512,Nailed It! France,SHOW,2019,2010,TV-14,34,0,1.0,6.5,112.0,8.5,1.4,1,reality,1,,0
tm878495,Kambili: The Whole 30 Yards,MOVIE,2020,2020,Not Rated,119,0,,6.8,43.0,,2.103,1,romance,2,,0
tm1000166,Wave of Cinema: Surat Dari Timur,MOVIE,2020,2020,Not Rated,57,0,,,,,0.66,0,music,1,ID,1
tm929614,GIMS: On the Record,MOVIE,2020,2020,Not Rated,96,0,,6.8,209.0,7.3,4.812,1,music,2,FR,1
ts233732,Mighty Little Bheem: Festival of Colors,SHOW,2020,2020,Not Rated,7,0,1.0,7.2,36.0,,0.648,1,animation,2,,0
tm474405,Between Maybes,MOVIE,2019,2010,Not Rated,107,0,,6.2,173.0,4.0,1.939,1,drama,2,PH,2
tm454338,Alone/Together,MOVIE,2019,2010,Not Rated,103,0,,6.6,466.0,6.8,1.6,1,romance,2,PH,1
tm941493,StarBeam: Halloween Hero,MOVIE,2020,2020,Not Rated,33,0,,,,8.0,2.429,1,animation,1,CA,1
tm885948,"Yours Sincerely, Kanan Gill",MOVIE,2020,2020,Not Rated,72,0,,7.1,969.0,6.1,2.638,1,comedy,1,IN,1
ts235916,Ladies Up,SHOW,2020,2020,Not Rated,17,0,1.0,4.3,237.0,8.0,1.598,1,reality,2,IN,1
tm1068745,Finding Hubby,MOVIE,2020,2020,Not Rated,104,0,,,,3.0,1.597,1,comedy,2,NG,1
tm912399,We Are One,MOVIE,2020,2020,Not Rated,86,0,,4.7,93.0,5.8,3.168,1,documentation,1,FR,1
ts90696,In the Bosom of a Thorn,SHOW,2019,2010,TV-14,46,0,1.0,7.2,50.0,,0.675,1,drama,1,,0
tm834608,Alelí,MOVIE,2019,2010,Not Rated,88,0,,6.3,377.0,6.3,10.225,1,comedy,2,UY,1
tm925490,Ainu Mosir,MOVIE,2020,2020,Not Rated,84,0,,6.6,236.0,7.0,1.177,1,drama,1,CN,3
tm476496,Bhai - Vyakti Ki Valli 2,MOVIE,2019,2010,R,130,0,,7.6,203.0,8.0,1.015,1,drama,2,IN,1
tm947446,Finding Agnes,MOVIE,2020,2020,Not Rated,105,0,,5.0,158.0,5.5,1.801,1,drama,1,PH,1
tm456894,Free Rein: Valentine's Day,MOVIE,2019,2010,Not Rated,50,0,,,,7.5,9.313,1,romance,1,US,1
tm812783,Daniel Sosa: Maleducado,MOVIE,2019,2010,Not Rated,54,0,,6.1,75.0,6.5,4.044,1,comedy,1,,0
tm976519,The App That Stole Christmas,MOVIE,2020,2020,PG,63,0,,3.7,734.0,4.5,2.678,1,comedy,2,US,1
tm1005937,Sanitation Day,MOVIE,2020,2020,Not Rated,104,0,,3.3,18.0,,0.994,1,thriller,2,NG,1
tm860204,Dreamy Eyes,MOVIE,2019,2010,Not Rated,117,0,,,,6.9,4.549,1,drama,2,VN,1
tm833555,Park Na-rae: Glamour Warning,MOVIE,2019,2010,Not Rated,62,0,,,,5.8,1.383,1,comedy,1,KR,1
tm822271,Crazy Awesome Teachers,MOVIE,2020,2020,Not Rated,101,0,,6.1,452.0,5.3,4.187,1,comedy,2,ID,1
tm826983,The Girl and the Gun,MOVIE,2019,2010,Not Rated,80,0,,,,6.1,1.708,1,action,3,PH,1
tm980439,Chico Bon Bon and the Very Berry Holiday,MOVIE,2020,2020,G,25,0,,5.7,39.0,5.8,11.049,1,animation,2,,0
ts215862,True Tunes,SHOW,2019,2010,TV-Y7,3,0,1.0,8.0,13.0,10.0,1.522,1,family,2,US,1
tm1073298,Awon Boyz,MOVIE,2019,2010,Not Rated,39,0,,,,,0.65,0,documentation,1,NG,1
tm1113921,In Vitro,MOVIE,2019,2010,Not Rated,27,0,,7.7,,,,1,,0,,0
tm902363,El límite infinito,MOVIE,2020,2020,Not Rated,47,0,,,,1.0,1.28,1,documentation,1,AR,1
tm816983,In Paradox,MOVIE,2019,2010,Not Rated,95,0,,5.0,147.0,4.0,1.234,1,thriller,2,KW,1
tm461907,Rakkhosh,MOVIE,2019,2010,Not Rated,113,0,,4.8,184.0,6.1,3.565,1,horror,1,IN,1
tm456271,Aziza,MOVIE,2019,2010,Not Rated,13,0,,,,5.5,1.017,1,drama,1,LB,1
tm1030742,One Like It,MOVIE,2020,2020,Not Rated,14,0,,,,3.5,0.961,1,,0,,0
tm983849,Vir Das: Outside in - The Lockdown Special,MOVIE,2020,2020,Not Rated,50,0,,6.4,269.0,6.8,3.077,1,comedy,1,,0
ts103918,The Good Bandit,SHOW,2019,2010,Not Rated,44,0,1.0,7.8,99.0,7.4,4.072,1,comedy,4,CO,1
tm979073,100% Halal,MOVIE,2020,2020,Not Rated,100,0,,,,,1.603,0,drama,1,ID,1
tm1031016,Marked,MOVIE,2019,2010,Not Rated,45,0,,,,,0.611,0,documentation,1,NG,1
tm918704,Baxu and the Giants,MOVIE,2019,2010,Not Rated,29,0,,,,,0.665,0,fantasy,1,NA,1
tm470687,Loving is Losing,MOVIE,2019,2010,Not Rated,91,0,,,,4.8,0.759,1,,0,CO,1
tm1114639,Motu Patlu in the Game of Zones,MOVIE,2020,2020,Not Rated,87,0,,,,10.0,1.307,1,fantasy,3,IN,1
tm854261,Leyla Everlasting,MOVIE,2020,2020,Not Rated,112,0,,3.7,7499.0,3.8,2.482,1,comedy,1,TR,1
tm464284,We Are Legends,MOVIE,2019,2010,Not Rated,108,0,,5.2,195.0,5.0,1.663,1,action,1,HK,1
tm460149,My Stupid Boss 2,MOVIE,2019,2010,Not Rated,94,0,,6.6,457.0,5.9,1.706,1,comedy,2,ID,1
tm878492,Fate of Alakada,MOVIE,2020,2020,Not Rated,114,0,,6.9,55.0,10.0,1.307,1,comedy,1,NG,1
tm815438,Sab el-Burumbah,MOVIE,2019,2010,Not Rated,95,0,,5.6,506.0,5.6,3.134,1,comedy,1,EG,1
tm472231,Si Doel the Movie 2,MOVIE,2019,2010,Not Rated,95,0,,6.8,183.0,7.3,1.332,1,romance,2,ID,1
tm472961,After Maria,MOVIE,2019,2010,Not Rated,35,0,,,,5.5,1.997,1,documentation,1,US,1
tm902993,Mama Drama,MOVIE,2020,2020,Not Rated,85,0,,6.3,8.0,,,1,drama,1,US,1
tm1080554,Rudra: Secret of the Black Moon,MOVIE,2020,2020,Not Rated,87,0,,,,,0.6,0,,0,,0
tm462809,The Wedding Shaman,MOVIE,2019,2010,Not Rated,111,0,,7.1,161.0,6.5,3.818,1,drama,2,ID,1
tm916008,PNL - Dans la légende tour,MOVIE,2020,2020,Not Rated,18,0,,,,6.2,2.174,1,music,2,FR,1
ts90643,Cairo's Class,SHOW,2019,2010,TV-14,33,0,1.0,,,8.0,0.809,1,drama,1,KW,1
tm843408,She Is,MOVIE,2019,2010,Not Rated,106,0,,5.8,6.0,,1.103,1,drama,1,,0
tm836077,Holy Expectations,MOVIE,2019,2010,Not Rated,89,0,,5.2,26.0,6.5,2.294,1,comedy,1,CO,1
ts304136,마법버스 타요,SHOW,2020,2020,TV-Y7,24,0,1.0,,,,0.6,0,,0,KR,1
tm811954,Nenjamundu Nermaiyundu Odu Raja,MOVIE,2019,2010,G,128,0,,6.1,376.0,5.5,0.982,1,comedy,3,IN,1
tm856372,The Book of Sun,MOVIE,2020,2020,Not Rated,130,0,,,,8.1,3.075,1,drama,2,SA,1
tm842976,Go! The Unforgettable Party,MOVIE,2019,2010,Not Rated,60,0,,5.1,144.0,7.6,12.439,1,music,2,AR,1
tm426634,The Day I Lost My Shadow,MOVIE,2019,2010,Not Rated,94,0,,6.1,244.0,6.0,0.796,1,drama,1,LB,4
ts223454,นางสาวก้นครัว,SHOW,2019,2010,TV-14,0,1,1.0,,,8.0,2.431,1,,0,TH,1
tm452578,Miranda Sings Live... Your Welcome,MOVIE,2019,2010,Not Rated,61,0,,5.4,424.0,5.7,3.222,1,comedy,2,US,1
tm1028068,Wave of Cinema: Generasi 90an,MOVIE,2020,2020,Not Rated,51,0,,,,,0.619,0,music,1,ID,1
tm921230,Story of Kale: When Someone's in Love,MOVIE,2020,2020,Not Rated,77,0,,6.4,279.0,7.0,2.048,1,drama,2,ID,1
tm450129,Sakaling Maging Tayo,MOVIE,2019,2010,Not Rated,90,0,,7.0,76.0,8.0,1.506,1,romance,2,PH,1
tm810873,Thottappan,MOVIE,2019,2010,Not Rated,140,0,,6.9,373.0,6.0,1.86,1,drama,1,IN,1
tm824566,Ibrahim: A Fate to Define,MOVIE,2019,2010,Not Rated,75,0,,7.4,31.0,,1.121,1,documentation,1,PS,3
tm981675,Super Monsters: Santa's Super Monster Helpers,MOVIE,2020,2020,Not Rated,24,0,,4.5,25.0,7.7,1.97,1,animation,2,US,1
ts222362,Mighty Little Bheem: Diwali,SHOW,2019,2010,Not Rated,6,0,1.0,7.7,35.0,10.0,0.9,1,comedy,2,,0
tm460199,High End Yaariyaan,MOVIE,2019,2010,Not Rated,140,0,,5.4,1525.0,7.5,2.169,1,romance,4,IN,1
tm463814,Edoardo Ferrario: Temi Caldi,MOVIE,2019,2010,Not Rated,65,0,,6.5,134.0,6.9,3.299,1,comedy,1,IT,1
ts224956,What the Love! with Karan Johar,SHOW,2020,2020,Not Rated,47,0,1.0,,,7.0,1.437,1,reality,1,IO,1
tm1080445,The Gray Man,MOVIE,2022,2020,PG-13,128,0,,6.6,46071.0,6.851,510.268,1,thriller,2,US,2
ts252861,Resident Evil,SHOW,2022,2020,TV-MA,51,0,1.0,3.7,24982.0,5.956,1387.392,1,scifi,4,US,1
tm463762,RRR,MOVIE,2022,2020,R,187,0,,8.0,87515.0,7.8,53.526,1,drama,2,IN,1
tm305129,Sing 2,MOVIE,2021,2020,PG,110,0,,7.4,58423.0,8.052,545.619,1,comedy,6,US,1
tm852360,The Man from Toronto,MOVIE,2022,2020,PG-13,110,0,,5.8,31497.0,6.449,1439.906,1,action,5,US,1
tm1170388,Persuasion,MOVIE,2022,2020,PG,107,0,,,,6.0,127.205,1,romance,3,US,2
tm1126268,Hustle,MOVIE,2022,2020,R,117,0,,7.4,89770.0,7.9,746.928,1,drama,3,US,1
tm1020438,Spiderhead,MOVIE,2022,2020,R,106,0,,5.4,43239.0,5.8,996.869,1,scifi,5,US,1
ts271450,The Lincoln Lawyer,SHOW,2022,2020,TV-MA,50,0,1.0,7.7,30295.0,8.1,68.925,1,crime,3,US,1
ts277084,Man vs. Bee,SHOW,2022,2020,TV-PG,11,0,1.0,6.8,22287.0,7.477,260.169,1,comedy,2,GB,1
tm1067148,The Sea Beast,MOVIE,2022,2020,PG,115,0,,7.1,18852.0,7.634,1723.363,1,comedy,5,US,1
tm1226954,Girl in the Picture,MOVIE,2022,2020,R,102,0,,7.3,9786.0,7.196,219.908,1,documentation,2,US,1
ts356995,How to Change Your Mind,SHOW,2022,2020,TV-MA,54,0,1.0,8.2,627.0,7.0,19.552,1,documentation,1,US,1
ts269395,God's Favorite Idiot,SHOW,2022,2020,TV-MA,27,0,1.0,5.7,4196.0,7.0,7.322,1,comedy,2,US,1
ts353844,Keep Sweet: Pray and Obey,SHOW,2022,2020,TV-MA,49,0,1.0,7.4,7174.0,7.4,10.307,1,crime,2,US,1
tm1143265,Incantation,MOVIE,2022,2020,Not Rated,111,0,,6.2,5660.0,7.4,2274.044,1,horror,1,TW,1
tm957290,Umma,MOVIE,2022,2020,PG-13,83,0,,4.6,4583.0,5.9,155.039,1,horror,2,US,1
ts357030,D.B. Cooper: Where Are You?!,SHOW,2022,2020,TV-MA,43,0,1.0,,,5.7,15.171,1,crime,2,US,1
ts306335,"Boo, Bitch",SHOW,2022,2020,TV-14,25,0,1.0,5.7,2203.0,6.5,481.983,1,scifi,2,US,1
tm1043537,Operation Mincemeat,MOVIE,2022,2020,PG-13,128,0,,6.6,18893.0,6.7,44.29,1,drama,3,GB,2
ts215951,Midnight Mass,SHOW,2021,2020,TV-MA,64,0,1.0,7.7,106385.0,7.613,73.108,1,fantasy,5,US,1
ts108385,Inventing Anna,SHOW,2022,2020,TV-MA,68,0,1.0,6.8,61061.0,6.8,74.876,1,drama,1,US,1
tm928497,Valley of the Dead,MOVIE,2022,2020,R,101,0,,6.5,114.0,6.303,1668.296,1,comedy,6,ES,1
ts308317,Snowflake Mountain,SHOW,2022,2020,TV-MA,38,0,1.0,4.9,691.0,6.7,3.681,1,reality,1,GB,1
tm1228854,Bill Burr: Live at Red Rocks,MOVIE,2022,2020,Not Rated,82,0,,7.8,1281.0,6.9,16.145,1,comedy,2,,0
ts264270,Anatomy of a Scandal,SHOW,2022,2020,TV-MA,46,0,1.0,7.0,23981.0,7.5,11.678,1,drama,2,GB,2
ts222333,Arcane,SHOW,2021,2020,TV-14,41,0,1.0,9.0,186899.0,9.081,106.45,1,scifi,5,US,1
ts220305,Squid Game,SHOW,2021,2020,TV-MA,55,0,2.0,8.0,426967.0,7.821,361.925,1,action,3,KR,1
ts271437,Money Heist (Korean Remake),SHOW,2022,2020,TV-MA,70,0,1.0,5.2,5142.0,7.998,904.326,1,action,4,KR,1
tm1082564,The Adam Project,MOVIE,2022,2020,PG-13,106,0,,6.7,183489.0,7.106,317.154,1,drama,4,US,1
ts217231,Heartstopper,SHOW,2022,2020,TV-14,28,0,3.0,8.7,45476.0,9.027,165.66,1,romance,2,GB,1
ts344162,Extraordinary Attorney Woo,SHOW,2022,2020,Not Rated,70,0,1.0,,,8.4,511.033,1,drama,1,KR,1
ts225061,Pieces of Her,SHOW,2022,2020,TV-MA,51,0,1.0,6.3,22435.0,6.6,18.516,1,drama,3,US,1
ts223537,Maid,SHOW,2021,2020,TV-MA,54,0,1.0,8.4,77885.0,8.0,0.6,1,drama,2,US,1
tm856378,Don't Look Up,MOVIE,2021,2020,R,138,0,,7.2,515337.0,7.208,120.874,1,comedy,3,US,1
tm674063,The Power of the Dog,MOVIE,2021,2020,R,126,0,,6.8,164844.0,6.8,41.183,1,drama,3,GB,5
ts356887,How To Build a Sex Room,SHOW,2022,2020,TV-MA,42,0,1.0,5.3,181.0,8.1,8.976,1,reality,1,US,1
ts328671,"BASTARD‼ -Heavy Metal, Dark Fantasy-",SHOW,2022,2020,TV-MA,25,0,1.0,6.7,854.0,6.8,23.009,1,animation,5,JP,1
ts288808,The Longest Night,SHOW,2022,2020,TV-MA,45,0,1.0,5.8,502.0,6.643,0.6,1,action,4,ES,1
ts319426,You Don't Know Me,SHOW,2021,2020,Not Rated,56,0,1.0,6.9,4037.0,6.3,6.332,1,drama,2,GB,1
tm1072066,Blasted,MOVIE,2022,2020,Not Rated,114,0,,4.8,1528.0,5.3,41.268,1,action,3,NO,1
ts255888,First Kill,SHOW,2022,2020,TV-MA,49,0,1.0,6.4,23605.0,8.4,252.955,1,thriller,4,US,1
tm1221677,"Hello, Goodbye, and Everything in Between",MOVIE,2022,2020,PG-13,83,0,,4.9,1842.0,5.965,564.004,1,drama,3,US,1
ts306526,Queen,SHOW,2022,2020,TV-MA,49,0,1.0,7.1,815.0,7.3,8.782,1,drama,1,PL,1
ts311101,King of Stonks,SHOW,2022,2020,TV-MA,47,0,1.0,6.0,318.0,6.2,9.01,1,comedy,3,DE,1
ts241363,Alba,SHOW,2021,2020,TV-MA,50,0,1.0,6.2,511.0,7.1,87.031,1,drama,1,ES,1
tm1044289,Interceptor,MOVIE,2022,2020,PG-13,98,0,,4.5,20007.0,6.13,438.512,1,thriller,3,AU,1
ts312082,Alchemy of Souls,SHOW,2022,2020,TV-14,80,0,1.0,8.6,878.0,8.0,108.72,1,drama,7,KR,1
ts90093,The Pentaverate,SHOW,2022,2020,TV-MA,26,0,1.0,6.1,8726.0,5.9,8.239,1,comedy,1,US,1
ts307973,Murderville,SHOW,2022,2020,TV-MA,34,0,1.0,6.8,11466.0,6.2,5.846,1,comedy,2,US,1
ts270910,Vikings: Valhalla,SHOW,2022,2020,TV-MA,51,0,1.0,7.1,34833.0,7.98,236.161,1,war,5,US,1
tm1080083,The Lost Daughter,MOVIE,2021,2020,R,122,0,,6.7,58882.0,6.6,36.068,1,drama,1,GR,3
ts296291,Uncle From Another World,SHOW,2022,2020,TV-MA,24,0,1.0,,,7.0,64.356,1,scifi,1,JP,1
ts87242,Shadow and Bone,SHOW,2021,2020,TV-14,52,0,1.0,7.6,80009.0,8.2,28.08,1,scifi,4,US,1
ts302437,Kung Fu Panda: The Dragon Knight,SHOW,2022,2020,TV-Y7,24,0,1.0,5.9,742.0,7.5,656.832,1,action,5,US,1
tm979026,"tick, tick... BOOM!",MOVIE,2021,2020,PG-13,121,0,,7.5,98370.0,7.8,33.246,1,drama,1,US,1
ts353837,"Web of Make Believe: Death, Lies and the Internet",SHOW,2022,2020,TV-MA,57,0,1.0,6.1,1145.0,6.6,5.959,1,crime,2,US,1
ts256072,The Woman in the House Across the Street from the Girl in the Window,SHOW,2022,2020,TV-MA,26,0,1.0,6.3,41822.0,7.0,14.902,1,thriller,4,US,1
tm404856,Red Notice,MOVIE,2021,2020,PG-13,117,0,,6.3,264194.0,6.775,311.673,1,thriller,4,US,1
ts317746,Café Minamdang,SHOW,2022,2020,Not Rated,64,0,1.0,7.0,131.0,7.2,51.111,1,drama,4,KR,1
ts354073,The Future Of,SHOW,2022,2020,TV-14,20,0,1.0,4.7,165.0,6.6,6.998,1,documentation,1,US,1
ts256710,Archive 81,SHOW,2022,2020,TV-MA,54,0,1.0,7.3,45954.0,7.4,61.695,1,drama,4,US,1
ts281927,Stay Close,SHOW,2021,2020,TV-MA,47,0,1.0,6.9,30197.0,7.2,11.449,1,crime,3,GB,1
ts298766,Pirate Gold of Adak Island,SHOW,2022,2020,TV-14,29,0,1.0,4.6,563.0,5.7,20.51,1,reality,1,US,1
ts225855,All of Us Are Dead,SHOW,2022,2020,TV-MA,61,0,2.0,7.5,45027.0,8.452,491.672,1,action,6,KR,1
ts342732,Our Great National Parks,SHOW,2022,2020,TV-PG,52,0,1.0,7.9,1684.0,7.9,2.583,1,documentation,1,US,1
ts255037,Resident Evil: Infinite Darkness,SHOW,2021,2020,TV-MA,27,0,1.0,5.8,9500.0,7.9,83.312,1,scifi,5,US,1
tm1232830,Dave Chappelle: What's in a Name?,MOVIE,2022,2020,Not Rated,40,0,,,,6.0,11.947,1,comedy,1,US,1
tm1229846,My Daughter's Killer,MOVIE,2022,2020,R,83,0,,6.9,832.0,6.6,177.035,1,documentation,2,DE,2
tm1201262,Love & Gelato,MOVIE,2022,2020,PG-13,111,0,,5.1,3980.0,5.35,146.021,1,romance,3,IT,1
tm852172,Apollo 10½:  A Space Age Childhood,MOVIE,2022,2020,PG-13,98,0,,7.3,6681.0,7.2,8.534,1,animation,8,NL,2
tm937814,The Alpinist,MOVIE,2021,2020,PG-13,92,0,,8.0,8048.0,7.7,8.534,1,documentation,1,AT,3
ts320073,Attack on Pearl Harbor: Minute by Minute,SHOW,2021,2020,TV-14,45,0,1.0,7.5,68.0,,3.377,1,documentation,2,GB,1
tm370144,The Mitchells vs. the Machines,MOVIE,2021,2020,PG,109,0,,7.6,103825.0,8.0,35.602,1,comedy,4,US,1
ts293103,Juanpis González - The Series,SHOW,2022,2020,TV-MA,25,0,1.0,6.8,348.0,7.6,39.001,1,comedy,2,CO,1
ts345200,Borgen - Power & Glory,SHOW,2022,2020,TV-MA,57,0,1.0,8.2,165.0,8.4,4.726,1,drama,2,DK,1
ts222522,Spriggan,SHOW,2022,2020,TV-MA,46,0,1.0,7.0,664.0,6.9,16.71,1,animation,6,JP,1
ts237713,Sweet Tooth,SHOW,2021,2020,TV-14,45,0,2.0,7.8,50215.0,8.0,63.287,1,drama,4,US,1
tm825714,The Harder They Fall,MOVIE,2021,2020,R,139,0,,6.5,59833.0,6.746,114.813,1,action,3,US,1
tm996762,Major,MOVIE,2022,2020,Not Rated,149,0,,9.1,7576.0,8.188,6.429,1,action,2,IN,1
ts102086,Behind Her Eyes,SHOW,2021,2020,TV-MA,50,0,1.0,7.2,59293.0,7.6,29.851,1,thriller,2,GB,1
ts357930,Indian Predator: The Butcher of Delhi,SHOW,2022,2020,TV-MA,43,0,1.0,,,5.7,22.238,1,documentation,2,IN,1
tm1196288,Our Father,MOVIE,2022,2020,Not Rated,97,0,,6.5,9889.0,6.5,42.481,1,crime,2,US,1
ts284297,All American: Homecoming,SHOW,2022,2020,TV-14,39,0,2.0,5.3,527.0,8.1,9.277,1,drama,2,US,1
ts296046,Lupin,SHOW,2021,2020,TV-MA,46,0,3.0,7.5,102888.0,7.9,66.66,1,crime,5,FR,1
tm1083293,Windfall,MOVIE,2022,2020,R,92,0,,5.7,20903.0,5.327,43.789,1,crime,3,US,1
ts346959,Meltdown: Three Mile Island,SHOW,2022,2020,TV-14,44,0,1.0,6.9,3115.0,6.4,2.873,1,documentation,2,US,1
ts287722,The Upshaws,SHOW,2021,2020,TV-14,27,0,2.0,6.8,2589.0,8.7,5.205,1,family,2,US,1
tm1165462,Senior Year,MOVIE,2022,2020,R,112,0,,5.5,34419.0,5.9,232.337,1,comedy,2,US,1
ts240453,Clark,SHOW,2022,2020,TV-MA,61,0,1.0,7.4,7958.0,6.9,14.127,1,thriller,5,SE,1
ts294227,Farzar,SHOW,2022,2020,TV-MA,27,0,1.0,5.3,929.0,6.5,47.136,1,scifi,4,US,1
tm946869,Texas Chainsaw Massacre,MOVIE,2022,2020,R,83,0,,4.8,48828.0,5.2,331.065,1,horror,3,US,1
tm986168,The Guilty,MOVIE,2021,2020,R,91,0,,6.3,117984.0,6.4,33.761,1,drama,4,US,1
tm1019177,The Colony,MOVIE,2021,2020,R,104,0,,5.3,8495.0,5.6,23.747,1,scifi,3,CH,2
ts256310,Pacific Rim: The Black,SHOW,2021,2020,TV-14,24,0,2.0,7.0,5175.0,8.333,50.254,1,scifi,3,US,1
tm1209228,Norm Macdonald: Nothing Special,MOVIE,2022,2020,R,87,0,,7.6,1466.0,6.2,4.061,1,comedy,2,US,1
ts311985,Inside Job,SHOW,2021,2020,TV-MA,28,0,2.0,7.6,16616.0,8.2,42.395,1,comedy,4,US,1
tm1120543,The Bubble,MOVIE,2022,2020,R,126,0,,4.7,22479.0,4.8,91.061,1,comedy,1,US,1
ts328051,Iron Chef: Quest for an Iron Legend,SHOW,2022,2020,TV-G,48,0,1.0,7.1,382.0,7.0,4.182,1,reality,1,US,1
ts357137,First Class,SHOW,2022,2020,Not Rated,43,0,1.0,2.8,94.0,,7.79,1,reality,1,ES,1
ts310081,Two Summers,SHOW,2022,2020,TV-PG,46,0,1.0,6.8,2867.0,6.75,39.696,1,thriller,2,BE,1
ts269096,She Would Never Know,SHOW,2021,2020,TV-14,64,0,1.0,7.5,743.0,8.8,34.287,1,drama,2,KR,1
tm991529,The Hand of God,MOVIE,2021,2020,R,130,0,,7.4,30235.0,7.6,34.74,1,drama,1,IT,1
ts355168,The Hidden Lives of Pets,SHOW,2022,2020,Not Rated,32,0,1.0,7.4,339.0,7.7,7.588,1,documentation,1,GB,1
ts330198,Dead End: Paranormal Park,SHOW,2022,2020,TV-Y7,27,0,1.0,,,8.3,26.566,1,animation,1,GB,1
tm1231785,For Jojo,MOVIE,2022,2020,Not Rated,97,0,,4.2,121.0,3.792,16.562,1,comedy,2,DE,1
tm1092864,The Unforgivable,MOVIE,2021,2020,R,112,0,,7.1,105353.0,7.5,74.153,1,drama,2,GB,3
ts311987,Bad Vegan: Fame. Fraud. Fugitives.,SHOW,2022,2020,TV-MA,52,0,1.0,5.8,6134.0,5.3,3.403,1,documentation,2,US,1
ts85985,Cowboy Bebop,SHOW,2021,2020,TV-MA,45,0,1.0,6.6,35427.0,6.8,17.479,1,scifi,6,US,1
ts237722,The Cuphead Show!,SHOW,2022,2020,TV-Y7,15,0,2.0,7.4,6513.0,8.0,96.8,1,animation,5,US,1
ts251675,Hellbound,SHOW,2021,2020,TV-MA,52,0,1.0,6.6,23099.0,7.6,193.725,1,scifi,6,KR,1
tm1235785,The Best of Netflix Is a Joke: The Festival,MOVIE,2022,2020,R,55,0,,,,,6.666,0,comedy,1,US,1
tm1014947,Against the Ice,MOVIE,2022,2020,Not Rated,102,0,,6.5,20521.0,6.9,60.566,1,drama,3,DK,2
tm1075698,Metal Lords,MOVIE,2022,2020,R,97,0,,6.7,24672.0,6.8,123.401,1,music,3,US,1
ts252119,The Beauty Queen of Jerusalem,SHOW,2021,2020,TV-MA,30,0,3.0,7.1,337.0,8.0,11.854,1,drama,1,IL,1
ts292696,Intimacy,SHOW,2022,2020,TV-MA,48,0,1.0,6.8,1674.0,6.7,19.965,1,crime,3,ES,1
tm1195971,Jennifer Lopez:  Halftime,MOVIE,2022,2020,Not Rated,95,0,,6.5,3980.0,6.935,149.855,1,music,2,US,1
ts234817,In from the Cold,SHOW,2022,2020,TV-MA,49,0,1.0,6.2,7047.0,7.5,13.736,1,drama,5,US,1
ts227473,Brand New Cherry Flavor,SHOW,2021,2020,TV-MA,43,0,1.0,7.1,15028.0,6.9,57.609,1,thriller,4,US,1
tm1117040,Anek,MOVIE,2022,2020,Not Rated,146,0,,7.1,19394.0,5.2,9.261,1,action,3,IN,1
ts269179,The G Word with Adam Conover,SHOW,2022,2020,TV-MA,30,0,1.0,6.7,682.0,5.5,4.603,1,documentation,2,US,1
tm1204402,Ricky Gervais: SuperNature,MOVIE,2022,2020,Not Rated,64,0,,7.8,3256.0,7.4,7.492,1,comedy,1,GB,1
tm1001097,Beauty,MOVIE,2022,2020,R,95,0,,3.9,492.0,5.9,87.939,1,drama,3,US,1
tm525645,Fear Street: Part One - 1994,MOVIE,2021,2020,Not Rated,107,0,,6.2,77401.0,6.766,123.091,1,drama,3,US,1
ts289334,Sex/Life,SHOW,2021,2020,TV-MA,47,0,2.0,5.4,20549.0,7.1,165.068,1,comedy,3,US,1
tm1022953,Who We Are: A Chronicle of Racism in America,MOVIE,2022,2020,PG-13,117,0,,6.2,715.0,4.7,3.747,1,documentation,1,US,1
tm1038686,Bo Burnham: Inside,MOVIE,2021,2020,R,87,0,,8.7,44074.0,8.2,11.434,1,comedy,4,US,1
tm1180524,Av: The Hunt,MOVIE,2021,2020,Not Rated,86,0,,5.5,344.0,6.0,5.264,1,thriller,2,TR,1
ts310057,True Story,SHOW,2021,2020,TV-MA,39,0,1.0,7.4,17567.0,7.2,42.104,1,drama,4,US,1
ts328625,The Guardians of Justice,SHOW,2022,2020,TV-MA,29,0,1.0,,,6.8,55.768,1,action,2,US,1
tm501313,Gunpowder Milkshake,MOVIE,2021,2020,R,114,0,,6.0,42709.0,6.398,106.522,1,action,3,FR,3
tm1137051,Bubble,MOVIE,2022,2020,PG,101,0,,6.3,4597.0,7.497,550.643,1,scifi,8,JP,1
tm471968,Passing,MOVIE,2021,2020,PG-13,98,0,,6.7,13803.0,6.451,29.687,1,drama,2,US,3
tm1111987,Munich: The Edge of War,MOVIE,2022,2020,PG-13,129,0,,6.8,28352.0,6.9,29.255,1,drama,3,GB,1
ts300391,Clickbait,SHOW,2021,2020,TV-MA,46,0,1.0,7.2,51476.0,7.644,40.623,1,crime,3,US,2
ts273436,Murder Among the Mormons,SHOW,2021,2020,TV-14,53,0,1.0,7.0,6309.0,7.3,6.871,1,documentation,3,US,1
ts281225,Wrong Side of the Tracks,SHOW,2021,2020,TV-MA,71,0,2.0,6.7,1671.0,5.7,27.824,1,action,4,ES,1
tm1048362,Army of Thieves,MOVIE,2021,2020,R,127,0,,6.4,73790.0,6.9,157.021,1,comedy,7,DE,2
ts349630,Love on the Spectrum U.S.,SHOW,2022,2020,TV-14,41,0,1.0,8.2,1097.0,6.7,2.852,1,reality,3,US,1
ts286731,Komi Can't Communicate,SHOW,2021,2020,TV-14,24,0,2.0,7.8,5462.0,8.253,132.754,1,drama,4,JP,1
ts232107,The Silent Sea,SHOW,2021,2020,TV-MA,45,0,1.0,6.9,19592.0,8.0,94.568,1,scifi,4,KR,1
ts296472,The Chestnut Man,SHOW,2021,2020,TV-MA,55,0,1.0,7.7,42817.0,7.7,49.565,1,crime,3,DK,1
ts88578,Firefly Lane,SHOW,2021,2020,TV-MA,50,0,1.0,7.4,20748.0,7.7,9.959,1,drama,2,US,1
tm1165983,The Weekend Away,MOVIE,2022,2020,Not Rated,90,0,,5.6,22686.0,6.0,157.463,1,thriller,3,GB,1
tm1198242,Jackass 4.5,MOVIE,2022,2020,Not Rated,90,0,,,,6.5,212.868,1,comedy,1,US,1
tm1196705,A Perfect Pairing,MOVIE,2022,2020,Not Rated,101,0,,6.1,9742.0,6.789,372.132,1,comedy,2,US,2
tm1219452,Cristela Alonzo: Middle Classy,MOVIE,2022,2020,Not Rated,60,0,,6.8,211.0,6.0,5.986,1,comedy,2,,0
tm456513,Army of the Dead,MOVIE,2021,2020,R,148,0,,5.7,169348.0,6.3,131.869,1,horror,5,US,1
tm1138477,Downfall: The Case Against Boeing,MOVIE,2022,2020,R,89,0,,7.4,10313.0,7.2,25.636,1,documentation,1,US,1
tm1166288,Rescued by Ruby,MOVIE,2022,2020,Not Rated,93,0,,7.1,7485.0,7.119,49.137,1,family,2,CA,1
tm1064065,Black Crab,MOVIE,2022,2020,Not Rated,114,0,,5.6,19159.0,6.3,207.948,1,scifi,5,SE,1
tm1119272,14 Peaks: Nothing Is Impossible,MOVIE,2021,2020,Not Rated,101,0,,7.7,24213.0,7.5,22.226,1,documentation,2,US,1
ts343430,The 7 Lives of Lea,SHOW,2022,2020,TV-MA,45,0,1.0,7.5,2684.0,7.1,12.437,1,drama,4,FR,1
tm851128,Bigbug,MOVIE,2022,2020,R,111,0,,5.4,7483.0,5.3,26.497,1,comedy,3,FR,1
tm1137119,Image of Victory,MOVIE,2021,2020,Not Rated,128,0,,7.5,178.0,7.0,2.711,1,war,3,IL,1
tm1166024,Choose or Die,MOVIE,2022,2020,Not Rated,85,0,,4.7,18307.0,5.3,25.632,1,scifi,4,GB,1
tm1046932,Kate,MOVIE,2021,2020,R,106,0,,6.2,59480.0,6.7,64.19,1,action,4,US,3
tm992844,The Dig,MOVIE,2021,2020,PG-13,112,0,,7.1,73079.0,6.9,20.072,1,history,2,GB,1
ts225645,The Chair,SHOW,2021,2020,TV-MA,30,0,1.0,7.2,16331.0,7.0,6.775,1,drama,2,US,1
ts282131,Attenborough's Life in Colour,SHOW,2021,2020,TV-PG,51,0,1.0,8.2,3238.0,7.7,6.232,1,documentation,1,GB,1
tm1207097,Bill Burr Presents: Friends Who Kill,MOVIE,2022,2020,PG-13,73,0,,4.5,1857.0,5.1,5.237,1,comedy,2,,0
ts356951,Hurts Like Hell,SHOW,2022,2020,TV-MA,50,0,1.0,8.4,83.0,9.071,8.413,1,drama,2,TH,1
tm1033470,Till Death,MOVIE,2021,2020,R,89,0,,5.8,20256.0,6.6,21.514,1,horror,2,US,1
tm824160,Fear Street: Part Two - 1978,MOVIE,2021,2020,Not Rated,109,0,,6.7,60682.0,7.3,116.422,1,drama,3,US,1
tm1064228,Fatherhood,MOVIE,2021,2020,PG-13,109,0,,6.6,34661.0,7.6,88.619,1,drama,2,CA,2
ts95572,The Serpent,SHOW,2021,2020,TV-MA,57,0,1.0,7.6,42371.0,7.6,12.904,1,crime,3,GB,1
tm1185367,White Hot: The Rise & Fall of Abercrombie & Fitch,MOVIE,2022,2020,R,88,0,,5.7,4124.0,5.9,5.038,1,documentation,1,US,1
ts311989,jeen-yuhs,SHOW,2022,2020,TV-MA,93,0,1.0,8.0,8319.0,7.1,3.852,1,documentation,2,US,1
ts307649,Turning Point: 9/11 and the War on Terror,SHOW,2021,2020,TV-14,62,0,1.0,8.0,9132.0,7.3,7.209,1,war,3,US,1
ts305788,The Perfect Mother,SHOW,2022,2020,TV-MA,49,0,1.0,5.9,845.0,6.0,14.164,1,drama,2,FR,2
tm983784,Coming Home in the Dark,MOVIE,2021,2020,Not Rated,93,0,,5.7,5114.0,5.7,11.156,1,thriller,3,NZ,1
tm1171875,Too Old for Fairy Tales,MOVIE,2022,2020,Not Rated,106,0,,6.1,34.0,6.4,8.449,1,comedy,2,,0
ts321918,Human Resources,SHOW,2022,2020,TV-MA,27,0,1.0,7.2,5579.0,6.5,21.344,1,animation,3,US,1
tm993838,Long Story Short,MOVIE,2021,2020,R,90,0,,6.5,4995.0,7.0,59.305,1,fantasy,3,AU,1
ts328194,My Name,SHOW,2021,2020,TV-MA,50,0,1.0,7.8,19737.0,8.3,86.286,1,thriller,4,KR,1
tm983723,The Sparks Brothers,MOVIE,2021,2020,R,140,0,,7.8,4663.0,7.3,6.784,1,documentation,4,GB,2
tm855839,The Shadow in My Eye,MOVIE,2021,2020,Not Rated,107,0,,7.3,9462.0,7.742,22.432,1,war,3,DK,1
tm1108321,Dave Chappelle: The Closer,MOVIE,2021,2020,Not Rated,72,0,,8.0,25873.0,7.2,7.841,1,comedy,1,US,1
tm1092958,No One Gets Out Alive,MOVIE,2021,2020,R,85,0,,5.3,15031.0,6.0,96.132,1,horror,3,RO,2
ts296743,Welcome to Eden,SHOW,2022,2020,TV-MA,41,0,1.0,5.4,4145.0,7.3,198.535,1,action,4,ES,2
ts108042,Maya and the Three,SHOW,2021,2020,TV-Y7,131,0,1.0,8.1,3780.0,7.8,51.341,1,comedy,6,MX,1
tm1046264,The Vault,MOVIE,2021,2020,R,118,0,,6.4,21511.0,5.9,22.456,1,crime,4,ES,1
ts329699,The Andy Warhol Diaries,SHOW,2022,2020,TV-MA,66,0,1.0,7.7,1844.0,7.6,1.844,1,documentation,1,US,1
tm1150385,The Tinder Swindler,MOVIE,2022,2020,Not Rated,114,0,,7.2,61809.0,7.061,41.443,1,documentation,2,GB,1
tm1138743,The Martha Mitchell Effect,MOVIE,2022,2020,PG,40,0,,,,6.8,4.687,1,documentation,1,US,1
ts283080,Who Killed Sara?,SHOW,2021,2020,TV-MA,41,0,3.0,6.4,13960.0,7.7,119.334,1,drama,3,MX,1
tm1227918,Under the Amalfi Sun,MOVIE,2022,2020,PG-13,90,0,,5.2,502.0,6.3,561.722,1,romance,3,IT,1
ts287976,Young Royals,SHOW,2021,2020,TV-MA,45,0,2.0,8.3,29025.0,8.8,43.342,1,drama,2,SE,1
ts225657,Halston,SHOW,2021,2020,TV-MA,47,0,1.0,7.5,14681.0,7.3,18.504,1,drama,1,US,1
tm347095,Oxygen,MOVIE,2021,2020,Not Rated,100,0,,6.5,37871.0,6.635,44.5,1,scifi,5,FR,2
ts229335,Anxious People,SHOW,2021,2020,TV-MA,29,0,1.0,6.8,3913.0,6.4,3.126,1,crime,3,SE,1
tm1087461,Last Man Down,MOVIE,2021,2020,R,87,0,,4.8,12850.0,6.273,358.251,1,thriller,3,SE,2
tm1046026,The Trip,MOVIE,2021,2020,Not Rated,114,0,,6.9,20921.0,6.7,65.274,1,action,4,NO,1
tm416779,The Woman in the Window,MOVIE,2021,2020,R,100,0,,5.7,72490.0,6.1,23.639,1,drama,3,US,1
ts287559,Jupiter's Legacy,SHOW,2021,2020,TV-MA,45,0,1.0,6.7,37848.0,7.3,59.076,1,scifi,5,US,1
tm1191224,365 Days: This Day,MOVIE,2022,2020,NC-17,111,0,,2.5,16587.0,5.8,449.292,1,romance,2,PL,1
ts301625,Hold Tight,SHOW,2022,2020,TV-MA,47,0,1.0,6.1,2288.0,7.2,6.901,1,crime,3,PL,1
tm1075215,Aftermath,MOVIE,2021,2020,Not Rated,114,0,,5.3,15646.0,6.4,46.058,1,horror,3,US,1
tm1094217,Chickenhare and the Hamster of Darkness,MOVIE,2022,2020,Not Rated,91,0,,6.3,1303.0,7.446,511.444,1,animation,5,BE,2
ts287438,The Innocent,SHOW,2021,2020,TV-MA,58,0,1.0,7.8,29670.0,7.8,15.042,1,thriller,3,ES,1
tm1199146,Toscana,MOVIE,2022,2020,Not Rated,90,0,,5.7,5826.0,5.8,11.013,1,drama,2,DK,1
tm1141439,Home Team,MOVIE,2022,2020,PG,95,0,,6.0,17767.0,6.8,72.562,1,family,3,US,1
tm1018747,Live Is Life,MOVIE,2022,2020,Not Rated,110,0,,7.0,70.0,6.8,27.199,1,comedy,2,ES,1
tm949309,The White Tiger,MOVIE,2021,2020,R,125,0,,7.1,59441.0,6.955,19.472,1,drama,2,SG,3
ts343432,Yakamoz S-245,SHOW,2022,2020,TV-MA,48,0,1.0,6.1,5789.0,7.2,13.009,1,scifi,4,TR,1
ts287352,Hit & Run,SHOW,2021,2020,TV-MA,44,0,1.0,7.0,8602.0,7.5,20.178,1,drama,4,IL,1
ts328605,Midnight at the Pera Palace,SHOW,2022,2020,TV-14,44,0,1.0,7.0,7377.0,6.9,5.849,1,thriller,3,TR,1
ts328541,The Puppet Master: Hunting the Ultimate Conman,SHOW,2022,2020,TV-MA,42,0,1.0,7.0,6370.0,6.564,6.409,1,documentation,2,GB,1
tm1110527,Captain Nova,MOVIE,2021,2020,Not Rated,86,0,,5.5,1391.0,6.2,7.99,1,action,3,NL,1
tm1022103,Outlaws,MOVIE,2021,2020,R,125,0,,6.9,3985.0,7.0,67.192,1,crime,3,ES,1
tm1046627,Hypnotic,MOVIE,2021,2020,Not Rated,88,0,,5.3,15690.0,6.121,71.857,1,thriller,3,CA,1
ts314135,VOIR,SHOW,2021,2020,TV-MA,20,0,1.0,6.8,1323.0,7.2,1.35,1,documentation,1,US,1
tm1185360,Return to Space,MOVIE,2022,2020,Not Rated,128,0,,7.3,4087.0,6.2,19.791,1,documentation,1,US,1
ts321298,Business Proposal,SHOW,2022,2020,TV-14,61,0,1.0,8.1,7806.0,8.3,183.465,1,drama,3,KR,1
tm1120855,Along for the Ride,MOVIE,2022,2020,Not Rated,106,0,,6.1,5347.0,6.6,158.01,1,drama,2,US,1
tm861000,Worth,MOVIE,2021,2020,PG-13,118,0,,6.8,13524.0,6.8,14.465,1,drama,2,CA,3
tm1021871,The Starling,MOVIE,2021,2020,PG-13,102,0,,6.3,12309.0,7.1,24.671,1,comedy,3,US,1
tm841797,The Ice Road,MOVIE,2021,2020,PG-13,109,0,,5.6,38927.0,7.009,35.718,1,action,3,US,1
ts309930,Remarriage & Desires,SHOW,2022,2020,TV-14,62,0,1.0,7.2,459.0,7.667,56.948,1,drama,1,KR,1
ts271888,Fate: The Winx Saga,SHOW,2021,2020,TV-MA,50,0,2.0,6.8,39519.0,8.373,97.114,1,scifi,4,US,1
tm1020851,Back to the Outback,MOVIE,2021,2020,PG,95,0,,6.5,7896.0,7.8,155.021,1,animation,3,AU,2
ts219423,Masters of the Universe: Revelation,SHOW,2021,2020,TV-PG,26,0,2.0,5.3,26422.0,6.8,26.04,1,family,7,US,1
tm1003630,After We Fell,MOVIE,2021,2020,R,99,0,,4.6,13221.0,7.2,341.558,1,romance,2,FR,2
ts255779,Gabby's Dollhouse,SHOW,2021,2020,TV-Y,24,0,4.0,7.0,379.0,9.0,15.275,1,animation,4,US,1
ts314164,Tomorrow,SHOW,2022,2020,TV-14,61,0,1.0,7.7,8564.0,8.582,30.75,1,drama,4,KR,1
tm1229690,Jewel,MOVIE,2022,2020,R,80,0,,3.3,111.0,,47.09,1,drama,1,ZA,1
ts299865,Heist,SHOW,2021,2020,TV-MA,43,0,1.0,6.8,1748.0,6.9,5.935,1,crime,2,US,1
tm1219505,Centauro,MOVIE,2022,2020,Not Rated,89,0,,,,6.331,492.606,1,action,3,,0
tm1000147,Zone 414,MOVIE,2021,2020,R,98,0,,4.9,4146.0,5.4,121.562,1,scifi,2,GB,1
ts321513,My Liberation Notes,SHOW,2022,2020,TV-MA,68,0,1.0,8.4,1400.0,8.1,16.528,1,drama,3,KR,1
ts273229,Feria: The Darkest Light,SHOW,2022,2020,TV-MA,50,0,1.0,5.7,1532.0,6.8,12.612,1,scifi,6,ES,1
ts300325,Surviving Summer,SHOW,2022,2020,TV-PG,28,0,1.0,6.3,1433.0,7.8,10.719,1,drama,2,DE,2
tm1180610,The Wrath of God,MOVIE,2022,2020,Not Rated,97,0,,5.7,2800.0,6.495,445.767,1,thriller,2,AR,1
ts330425,The Principles of Pleasure,SHOW,2022,2020,TV-MA,51,0,1.0,5.7,1121.0,6.0,4.446,1,documentation,1,US,1
tm1185374,The Mystery of Marilyn Monroe: The Unheard Tapes,MOVIE,2022,2020,R,101,0,,6.2,3978.0,6.3,89.61,1,documentation,1,US,1
tm992260,Yes Day,MOVIE,2021,2020,PG,86,0,,5.7,23625.0,6.9,32.951,1,comedy,2,US,1
tm1166046,Ante... Sundaraniki!,MOVIE,2022,2020,Not Rated,173,0,,8.0,2538.0,6.7,8.563,1,comedy,3,IN,1
ts271413,Night Stalker: The Hunt for a Serial Killer,SHOW,2021,2020,TV-MA,47,0,1.0,7.5,24892.0,7.4,15.428,1,documentation,3,US,1
tm1079334,"Bob Ross: Happy Accidents, Betrayal & Greed",MOVIE,2021,2020,PG-13,92,0,,6.9,5856.0,6.8,6.605,1,documentation,1,US,2
ts296214,How to Become a Tyrant,SHOW,2021,2020,TV-MA,27,0,1.0,7.4,8484.0,7.5,11.324,1,documentation,3,US,1
ts330347,Cracow Monsters,SHOW,2022,2020,TV-MA,52,0,1.0,5.5,1694.0,6.9,119.993,1,scifi,5,PL,1
tm1227853,Bhool Bhulaiyaa 2,MOVIE,2022,2020,Not Rated,142,0,,5.9,27244.0,7.0,9.939,1,horror,2,IN,1
ts94677,Worst Roommate Ever,SHOW,2022,2020,TV-MA,47,0,1.0,8.1,8.0,6.9,4.457,1,crime,4,US,1
tm1219941,Glamour Girls,MOVIE,2022,2020,Not Rated,125,0,,3.6,144.0,5.0,191.02,1,drama,1,,0
tm1210970,Gladbeck: The Hostage Crisis,MOVIE,2022,2020,Not Rated,91,0,,7.5,1765.0,7.4,37.903,1,documentation,2,DE,1
tm413169,Peter Rabbit 2: The Runaway,MOVIE,2021,2020,PG,93,0,,6.2,11233.0,7.2,130.318,1,fantasy,7,AU,2
ts302053,Change Days,SHOW,2021,2020,TV-PG,64,0,2.0,,,5.0,13.24,1,reality,1,KR,1
ts225690,Vampire in the Garden,SHOW,2022,2020,TV-14,26,0,1.0,6.7,848.0,7.8,7.973,1,drama,6,JP,1
tm1212673,Joel Kim Booster: Psychosexual,MOVIE,2022,2020,Not Rated,67,0,,5.5,284.0,8.0,8.716,1,comedy,2,,0
ts279892,Ginny & Georgia,SHOW,2021,2020,TV-14,54,0,1.0,7.4,46343.0,8.1,71.27,1,drama,2,US,1
tm1151272,Beast,MOVIE,2022,2020,Not Rated,162,0,,5.2,30369.0,6.3,15.358,1,thriller,4,IN,1
tm981945,The Last Letter From Your Lover,MOVIE,2021,2020,Not Rated,109,0,,6.6,17099.0,7.5,26.67,1,drama,2,GB,2
ts344184,Conversations with a Killer: The John Wayne Gacy Tapes,SHOW,2022,2020,TV-MA,61,0,1.0,7.1,6665.0,7.4,94.08,1,documentation,2,US,1
ts314594,Catching Killers,SHOW,2021,2020,TV-MA,41,0,2.0,7.1,3250.0,7.0,12.506,1,crime,2,US,1
ts1475,Chosen,SHOW,2022,2020,TV-MA,41,0,1.0,4.3,1246.0,6.584,7.199,1,scifi,3,DK,1
tm919880,Final Account,MOVIE,2021,2020,PG-13,94,0,,7.1,1042.0,7.1,3.38,1,documentation,1,GB,2
ts189612,Country Queen,SHOW,2022,2020,TV-MA,60,0,1.0,,,5.3,12.067,1,drama,1,KE,1
tm833216,Things Heard & Seen,MOVIE,2021,2020,Not Rated,121,0,,5.3,30703.0,5.8,14.718,1,horror,3,US,1
tm314863,Vivo,MOVIE,2021,2020,PG,103,0,,6.7,18238.0,7.5,101.83,1,family,4,US,1
ts330402,Is It Cake?,SHOW,2022,2020,TV-PG,39,0,1.0,5.7,2411.0,7.6,3.846,1,reality,1,US,1
ts281062,The Girl from Oslo,SHOW,2021,2020,Not Rated,33,0,1.0,6.3,3141.0,7.3,9.423,1,drama,2,NO,1
ts312071,The Way of the Househusband,SHOW,2021,2020,TV-MA,18,0,1.0,7.3,3724.0,8.591,20.159,1,animation,6,JP,1
ts302363,Twenty Five Twenty One,SHOW,2022,2020,TV-14,76,0,1.0,8.7,5746.0,8.6,57.97,1,drama,2,KR,1
ts308845,The Billion Dollar Code,SHOW,2021,2020,TV-MA,67,0,1.0,8.0,8164.0,8.2,11.997,1,drama,3,DE,1
tm841825,My Little Pony: A New Generation,MOVIE,2021,2020,PG,91,0,,6.8,3657.0,8.0,88.17,1,music,8,IE,3
ts304310,No Regrets In Life,SHOW,2022,2020,Not Rated,71,0,1.0,,,,11.617,0,drama,2,TW,1
tm1159163,Fistful of Vengeance,MOVIE,2022,2020,R,94,0,,4.4,6341.0,5.4,211.567,1,fantasy,4,US,1
tm1164962,Restless,MOVIE,2022,2020,R,95,0,,5.8,4174.0,6.0,217.363,1,thriller,3,BE,2
ts253813,Glória,SHOW,2021,2020,TV-MA,44,0,1.0,7.9,4126.0,7.0,5.98,1,drama,3,PT,1
tm1027081,Blood Red Sky,MOVIE,2021,2020,Not Rated,121,0,,6.1,44006.0,7.0,57.545,1,thriller,4,GB,2
ts272980,The One,SHOW,2021,2020,TV-MA,42,0,1.0,6.6,12552.0,6.9,13.554,1,drama,5,GB,1
tm922706,Fear Street: 1666,MOVIE,2021,2020,R,114,0,,,,7.3,89.695,1,thriller,2,US,1
tm1003034,The Witcher: Nightmare of the Wolf,MOVIE,2021,2020,Not Rated,83,0,,7.2,42484.0,7.7,16.901,1,action,5,US,3
tm857461,Gangubai Kathiawadi,MOVIE,2022,2020,Not Rated,157,0,,7.0,50163.0,7.7,15.015,1,crime,2,IN,1
tm1217459,Godse,MOVIE,2022,2020,Not Rated,142,0,,8.2,199.0,7.0,10.447,1,action,2,IN,1
ts294338,Hard Cell,SHOW,2022,2020,TV-MA,26,0,1.0,6.2,1568.0,5.8,2.936,1,comedy,3,US,2
tm976166,Malcolm & Marie,MOVIE,2021,2020,R,106,0,,6.6,36395.0,7.1,22.675,1,romance,2,US,1
tm1141594,Brazen,MOVIE,2022,2020,Not Rated,94,0,,4.1,11753.0,4.9,182.054,1,thriller,4,US,1
ts296825,Gone for Good,SHOW,2021,2020,TV-MA,49,0,1.0,6.3,4083.0,6.0,4.375,1,drama,3,FR,1
ts284702,This Is a Robbery: The World's Biggest Art Heist,SHOW,2021,2020,TV-MA,53,0,1.0,6.5,4328.0,6.9,5.515,1,crime,3,US,1
tm458292,Space Sweepers,MOVIE,2021,2020,R,136,0,,6.5,25178.0,7.147,65.593,1,scifi,4,KR,1
tm459789,The Lovebirds,MOVIE,2021,2020,R,87,0,,6.0,25697.0,5.8,9.076,1,romance,5,US,1
ts271595,Crime Scene: The Vanishing at the Cecil Hotel,SHOW,2021,2020,TV-MA,55,0,1.0,5.9,16799.0,7.2,18.971,1,documentation,3,US,1
tm1179973,Trust No One: The Hunt for the Crypto King,MOVIE,2022,2020,R,90,0,,6.3,4444.0,6.0,24.834,1,documentation,2,GB,1
ts269881,Record of Ragnarok,SHOW,2021,2020,TV-MA,24,0,2.0,6.2,4923.0,8.629,168.41,1,animation,6,JP,1
tm1134087,Borrego,MOVIE,2022,2020,R,102,0,,5.7,4122.0,6.1,222.814,1,crime,2,US,1
ts343599,Jimmy Savile: A British Horror Story,SHOW,2022,2020,TV-MA,85,0,1.0,6.7,6536.0,6.8,3.341,1,documentation,2,GB,1
tm1063652,Intrusion,MOVIE,2021,2020,Not Rated,92,0,,5.2,16272.0,6.0,113.423,1,thriller,2,US,1
tm1082974,Count Me In,MOVIE,2021,2020,Not Rated,81,0,,6.8,1805.0,7.1,4.044,1,documentation,2,,0
tm1002815,Nightbooks,MOVIE,2021,2020,Not Rated,103,0,,5.7,8573.0,6.3,80.549,1,family,3,CA,2
tm1107225,Through My Window,MOVIE,2022,2020,R,116,0,,5.4,9082.0,7.48,236.503,1,drama,3,ES,1
ts299874,Cocaine Cowboys: The Kings of Miami,SHOW,2021,2020,TV-MA,57,0,1.0,7.1,2699.0,7.8,4.242,1,documentation,3,,0
tm1049265,My Wonderful Life,MOVIE,2021,2020,Not Rated,99,0,,5.8,626.0,4.5,4.228,1,romance,3,PL,1
tm1168932,Taylor Tomlinson: Look at You,MOVIE,2022,2020,Not Rated,60,0,,7.3,2008.0,7.5,5.174,1,comedy,2,,0
ts340376,The Marked Heart,SHOW,2022,2020,TV-MA,44,0,2.0,6.4,1824.0,8.074,273.963,1,thriller,2,CO,1
ts310938,New Heights,SHOW,2021,2020,TV-MA,48,0,1.0,6.7,525.0,7.9,8.664,1,drama,1,CH,1
ts329700,Life After Death with Tyler Henry,SHOW,2022,2020,TV-MA,43,0,1.0,5.9,913.0,5.5,2.222,1,reality,1,US,1
ts349921,That’s My Time with David Letterman,SHOW,2022,2020,TV-MA,18,0,1.0,6.7,140.0,7.0,1.868,1,comedy,1,US,1
ts270405,Pretend It's a City,SHOW,2021,2020,TV-14,29,0,1.0,8.1,7296.0,7.6,3.576,1,comedy,2,US,1
tm1166020,The Takedown,MOVIE,2022,2020,Not Rated,119,0,,5.7,5948.0,6.0,312.312,1,action,4,FR,1
ts192196,Q-Force,SHOW,2021,2020,TV-MA,27,0,1.0,6.3,5294.0,7.2,10.637,1,animation,6,US,1
tm897466,The Summit of the Gods,MOVIE,2021,2020,PG,95,0,,7.5,5485.0,7.9,8.906,1,animation,5,LU,2
tm1093099,Love Hard,MOVIE,2021,2020,Not Rated,104,0,,6.3,49784.0,7.1,24.112,1,romance,2,US,1
tm1207094,Pete Davidson Presents: The Best Friends,MOVIE,2022,2020,PG-13,58,0,,4.7,569.0,7.0,3.503,1,comedy,2,US,1
ts297247,That Girl Lay Lay,SHOW,2021,2020,TV-G,22,0,2.0,3.6,254.0,9.5,5.946,1,comedy,1,US,1
tm465421,The Pirates: The Last Royal Treasure,MOVIE,2022,2020,Not Rated,126,0,,6.0,3367.0,6.6,94.042,1,action,3,KR,1
ts271604,Blue Period,SHOW,2021,2020,TV-14,25,0,1.0,7.7,1956.0,7.7,8.106,1,animation,2,JP,1
ts341767,Kotaro Lives Alone,SHOW,2022,2020,TV-14,27,0,1.0,8.4,2281.0,6.9,13.897,1,animation,3,JP,1
ts288744,The Sound of Magic,SHOW,2022,2020,TV-14,69,0,1.0,7.7,2783.0,7.5,117.687,1,scifi,4,KR,1
tm1038327,Beckett,MOVIE,2021,2020,R,109,0,,5.6,25703.0,6.3,86.212,1,crime,4,IT,2
tm1131382,Jim Gaffigan: Comedy Monster,MOVIE,2021,2020,Not Rated,70,0,,6.8,1658.0,6.7,3.435,1,comedy,1,,0
tm922429,The Block Island Sound,MOVIE,2021,2020,Not Rated,98,0,,5.3,7778.0,5.3,8.983,1,scifi,3,US,1
ts273485,Baki Hanma,SHOW,2021,2020,TV-MA,25,0,2.0,6.6,1685.0,8.049,211.093,1,animation,5,JP,1
tm1020820,Night Teeth,MOVIE,2021,2020,Not Rated,107,0,,5.6,17526.0,6.5,68.073,1,crime,7,GB,2
ts290643,Super Crooks,SHOW,2021,2020,TV-MA,30,0,1.0,7.1,2254.0,7.2,6.317,1,action,6,JP,1
tm1234767,David A. Arnold: It Ain't for the Weak,MOVIE,2022,2020,R,78,0,,,,,15.669,0,comedy,1,US,1
ts313689,Our Beloved Summer,SHOW,2021,2020,TV-14,61,0,1.0,,,8.9,17.209,1,comedy,2,KR,1
tm993670,Cosmic Sin,MOVIE,2021,2020,R,88,0,,2.5,12517.0,4.2,98.432,1,action,2,US,1
tm1198388,Cyber Hell: Exposing an Internet Horror,MOVIE,2022,2020,Not Rated,105,0,,6.5,1407.0,7.1,186.89,1,documentation,2,KR,1
ts313646,"Mom, Don't Do That!",SHOW,2022,2020,TV-MA,53,0,1.0,6.5,87.0,9.0,116.074,1,comedy,3,TW,1
tm1038363,America: The Motion Picture,MOVIE,2021,2020,R,98,0,,5.6,6349.0,5.8,68.439,1,action,7,US,1
tm1048678,Like A Rolling Stone: The Life & Times of Ben Fong-Torres,MOVIE,2021,2020,Not Rated,102,0,,7.3,233.0,10.0,1.706,1,documentation,1,US,1
tm1073510,SAS: Red Notice,MOVIE,2021,2020,R,124,0,,5.2,18190.0,5.9,89.579,1,thriller,3,GB,4
ts271867,Vincenzo,SHOW,2021,2020,Not Rated,81,0,1.0,8.4,16358.0,8.8,50.764,1,action,5,KR,1
tm1158704,Tyler Perry's A Madea Homecoming,MOVIE,2022,2020,R,105,0,,5.6,3697.0,6.7,68.483,1,comedy,3,US,1
tm863351,The God Committee,MOVIE,2021,2020,Not Rated,98,0,,5.8,3964.0,7.1,13.632,1,drama,2,US,1
tm1020073,Thunder Force,MOVIE,2021,2020,PG-13,107,0,,4.4,41508.0,5.7,47.631,1,scifi,4,US,1
ts288087,Sophie: A Murder in West Cork,SHOW,2021,2020,TV-14,55,0,1.0,6.8,5234.0,6.5,6.016,1,documentation,4,GB,1
tm1121707,Dangerous Liaisons,MOVIE,2022,2020,Not Rated,109,0,,3.9,1040.0,5.375,81.133,1,romance,2,FR,1
ts314742,He-Man and the Masters of the Universe,SHOW,2021,2020,TV-Y7,25,0,3.0,5.8,1679.0,7.078,22.627,1,animation,7,US,1
tm1038344,Awake,MOVIE,2021,2020,R,96,0,,4.9,21498.0,6.0,89.154,1,drama,4,US,1
tm1207098,Amy Schumer Presents: Parental Advisory,MOVIE,2022,2020,R,57,0,,3.8,581.0,4.8,3.269,1,comedy,2,,0
ts333834,The Ultimatum: Marry or Move On,SHOW,2022,2020,TV-MA,49,0,1.0,5.4,1759.0,6.2,2.696,1,reality,1,US,1
ts237972,Katla,SHOW,2021,2020,TV-MA,46,0,1.0,7.0,13472.0,7.2,52.807,1,drama,3,IS,1
ts262246,The Last Bus,SHOW,2022,2020,TV-PG,35,0,1.0,5.0,590.0,8.2,3.658,1,scifi,5,GB,1
tm1080252,7 Prisoners,MOVIE,2021,2020,R,93,0,,7.1,6877.0,7.1,95.706,1,drama,2,BR,1
ts313668,Tear Along the Dotted Line,SHOW,2021,2020,TV-14,19,0,1.0,8.7,8053.0,8.3,24.559,1,drama,3,IT,1
tm1028298,He's All That,MOVIE,2021,2020,R,91,0,,4.3,24253.0,6.8,79.838,1,comedy,2,US,1
ts288489,Pretty Guardians Sailor Moon Eternal The Movie,SHOW,2021,2020,TV-14,81,0,1.0,,,9.6,19.654,1,action,1,JP,1
tm977704,Robin Robin,MOVIE,2021,2020,G,30,0,,7.2,1533.0,7.1,46.42,1,animation,5,GB,1
tm813078,Prayers for the Stolen,MOVIE,2021,2020,R,110,0,,7.3,1729.0,7.8,16.208,1,drama,1,BR,7
tm1150872,Aziz Ansari: Nightclub Comedian,MOVIE,2022,2020,R,29,0,,7.0,2235.0,6.7,3.061,1,comedy,1,US,1
tm1195561,Kuttavum Shikshayum,MOVIE,2022,2020,Not Rated,136,0,,6.2,610.0,8.5,3.096,1,crime,4,IN,1
ts329854,Jump Like a Witch,SHOW,2022,2020,TV-PG,92,0,1.0,,,5.0,1.62,1,reality,1,KR,1
ts104499,Trese,SHOW,2021,2020,TV-MA,29,0,1.0,7.0,3803.0,7.4,20.878,1,horror,7,PH,1
ts321966,WWII in Color: Road to Victory,SHOW,2021,2020,Not Rated,51,0,1.0,8.2,1684.0,7.9,8.514,1,documentation,3,GB,1
tm1180123,The House,MOVIE,2022,2020,Not Rated,31,0,,6.9,9535.0,7.0,8.347,1,thriller,6,GB,1
tm1141923,The Royal Treatment,MOVIE,2022,2020,Not Rated,96,0,,5.2,8803.0,6.747,83.831,1,romance,3,US,1
tm673809,Schumacher,MOVIE,2021,2020,Not Rated,112,0,,7.4,22280.0,7.4,14.35,1,sport,2,DE,1
tm1110150,There's Someone Inside Your House,MOVIE,2021,2020,Not Rated,96,0,,4.8,15380.0,5.6,79.807,1,horror,2,US,1
ts315611,Animal,SHOW,2021,2020,TV-PG,46,0,2.0,7.9,1181.0,8.5,4.822,1,documentation,1,US,2
tm858869,Stowaway,MOVIE,2021,2020,PG-13,117,0,,5.6,45090.0,5.875,23.376,1,thriller,4,DE,2
ts297483,Hometown Cha-Cha-Cha,SHOW,2021,2020,TV-14,78,0,1.0,8.4,11060.0,8.2,40.151,1,comedy,3,KR,1
tm1165219,Ali Wong: Don Wong,MOVIE,2022,2020,R,59,0,,6.5,2352.0,6.9,6.125,1,comedy,1,US,1
tm1132176,Jimmy Carr: His Dark Material,MOVIE,2021,2020,Not Rated,59,0,,7.1,4775.0,6.6,4.254,1,comedy,1,GB,1
ts269676,History of Swear Words,SHOW,2021,2020,TV-MA,21,0,1.0,6.4,4877.0,7.0,5.6,1,documentation,2,US,1
ts304058,Ganglands,SHOW,2021,2020,TV-MA,46,0,1.0,7.0,2553.0,7.3,39.002,1,action,4,FR,1
tm1229007,Paul Virzi: Nocturnal Admissions,MOVIE,2022,2020,Not Rated,65,0,,7.1,132.0,5.8,4.526,1,comedy,1,,0
tm898614,Sweet Girl,MOVIE,2021,2020,R,110,0,,5.5,31312.0,6.7,106.627,1,action,3,US,1
ts273100,DOTA: Dragon's Blood,SHOW,2021,2020,TV-MA,26,0,3.0,7.8,17848.0,8.0,29.69,1,scifi,5,US,1
tm1086874,Minnal Murali,MOVIE,2021,2020,Not Rated,158,0,,8.1,24681.0,7.2,68.032,1,comedy,5,IN,1
ts222864,Falling Into Your Smile,SHOW,2021,2020,TV-14,44,0,1.0,8.4,2267.0,9.0,39.102,1,drama,3,CN,1
ts265991,The Cook of Castamar,SHOW,2021,2020,TV-MA,55,0,1.0,7.4,3807.0,7.1,11.161,1,drama,1,ES,1
ts256311,High-Rise Invasion,SHOW,2021,2020,TV-MA,26,0,1.0,6.6,2575.0,8.4,37.817,1,thriller,5,JP,1
tm1018890,Seaspiracy,MOVIE,2021,2020,Not Rated,89,0,,8.1,30307.0,7.9,7.09,1,documentation,1,US,1
tm996676,Viraata Parvam,MOVIE,2022,2020,Not Rated,150,0,,8.0,2343.0,5.0,4.78,1,romance,3,IN,1
ts331680,Making Fun,SHOW,2022,2020,TV-PG,41,0,1.0,7.1,602.0,7.0,5.137,1,reality,1,US,1
tm1210379,Collision,MOVIE,2022,2020,Not Rated,99,0,,3.9,886.0,5.946,1194.149,1,drama,3,ZA,1
tm1188818,Operation Romeo,MOVIE,2022,2020,Not Rated,135,0,,6.2,642.0,5.3,3.913,1,drama,2,IN,1
ts244930,Angry Birds: Summer Madness,SHOW,2022,2020,TV-Y7,14,0,2.0,5.8,620.0,7.3,17.106,1,action,5,US,1
tm888243,Pray Away,MOVIE,2021,2020,PG-13,101,0,,6.5,2888.0,7.0,10.176,1,documentation,1,US,1
tm1018427,Moxie,MOVIE,2021,2020,PG-13,111,0,,6.7,24720.0,7.431,20.59,1,music,3,US,1
ts305264,School of Chocolate,SHOW,2021,2020,TV-PG,40,0,1.0,7.6,1721.0,7.2,2.468,1,reality,1,US,1
tm434625,Wish Dragon,MOVIE,2021,2020,PG,99,0,,7.2,25743.0,8.047,135.036,1,fantasy,5,US,2
tm1185687,Silverton Siege,MOVIE,2022,2020,PG-13,100,0,,6.2,3434.0,6.5,230.111,1,action,4,ZA,1
tm1221280,Jaadugar,MOVIE,2022,2020,Not Rated,167,0,,7.3,2563.0,6.2,27.48,1,drama,5,IN,1
tm1038369,Good on Paper,MOVIE,2021,2020,R,92,0,,5.6,11987.0,5.7,14.843,1,comedy,2,US,1
tm863823,Finding ʻOhana,MOVIE,2021,2020,PG,123,0,,6.1,10056.0,6.5,50.07,1,action,3,US,1
tm912100,Bruised,MOVIE,2021,2020,R,129,0,,6.1,14293.0,7.0,29.914,1,drama,3,GB,2
tm999817,Green Snake,MOVIE,2021,2020,Not Rated,131,0,,6.8,2348.0,8.5,15.949,1,fantasy,3,CN,1
tm1131061,Hilda and the Mountain King,MOVIE,2021,2020,Not Rated,85,0,,7.7,2408.0,7.6,67.409,1,fantasy,5,CA,2
ts312984,Our Blues,SHOW,2022,2020,TV-MA,66,0,1.0,8.5,1150.0,8.8,23.177,1,drama,1,KR,1
ts352579,As the Crow Flies,SHOW,2022,2020,TV-MA,46,0,1.0,6.3,3039.0,7.9,7.481,1,drama,2,TR,1
ts311791,The Raincoat Killer: Chasing a Predator in Korea,SHOW,2021,2020,TV-MA,48,0,1.0,6.4,2172.0,6.5,18.734,1,documentation,3,KR,1
ts304053,Countdown: Inspiration4 Mission to Space,SHOW,2021,2020,TV-14,50,0,1.0,7.9,1857.0,6.7,6.054,1,documentation,1,US,1
tm1096775,Procession,MOVIE,2021,2020,R,118,0,,7.2,1148.0,5.8,6.708,1,documentation,1,US,1
tm1066826,Diana: The Musical,MOVIE,2021,2020,PG-13,117,0,,4.2,1266.0,6.1,5.117,1,history,4,US,1
tm1161601,Ben & Jody,MOVIE,2022,2020,Not Rated,114,0,,5.4,222.0,5.7,5.486,1,action,4,ID,1
ts271025,Bling Empire,SHOW,2021,2020,TV-MA,37,0,2.0,5.8,3052.0,8.2,7.476,1,reality,1,US,1
tm1108648,The Wasteland,MOVIE,2022,2020,Not Rated,91,0,,4.6,3993.0,4.9,13.072,1,thriller,3,ES,1
tm1185421,David Spade: Nothing Personal,MOVIE,2022,2020,Not Rated,66,0,,5.8,697.0,5.7,2.527,1,comedy,2,,0
ts287532,High on the Hog: How African American Cuisine Transformed America,SHOW,2021,2020,TV-14,53,0,1.0,,,8.0,3.237,1,documentation,1,US,1
ts329885,Standing Up,SHOW,2022,2020,TV-MA,47,0,1.0,7.4,939.0,5.6,1.854,1,comedy,2,FR,1
tm1074764,Shiny_Flakes: The Teenage Drug Lord,MOVIE,2021,2020,Not Rated,96,0,,7.3,4699.0,7.8,10.72,1,documentation,2,DE,1
ts306203,Monsters Inside: The 24 Faces of Billy Milligan,SHOW,2021,2020,TV-MA,61,0,1.0,6.2,3397.0,7.2,16.88,1,documentation,2,,0
ts240807,Power Rangers Dino Fury,SHOW,2021,2020,TV-Y7,21,0,2.0,6.7,515.0,,19.16,1,thriller,6,,0
ts291718,Pretty Smart,SHOW,2021,2020,TV-14,24,0,1.0,5.8,4451.0,6.9,8.866,1,comedy,3,US,1
ts271321,Beyond Evil,SHOW,2021,2020,TV-MA,66,0,1.0,8.1,3010.0,8.4,16.207,1,crime,3,KR,1
ts319412,Forecasting Love and Weather,SHOW,2022,2020,TV-14,66,0,1.0,7.1,1617.0,8.7,13.284,1,drama,2,KR,1
tm999927,A Cop Movie,MOVIE,2021,2020,R,107,0,,7.0,1739.0,7.3,10.354,1,drama,5,MX,1
ts287294,"Money, Explained",SHOW,2021,2020,TV-14,23,0,1.0,6.9,2223.0,7.6,14.952,1,documentation,1,US,1
ts311915,Rebelde,SHOW,2022,2020,TV-MA,40,0,2.0,6.2,2492.0,7.455,138.589,1,drama,5,MX,1
tm1082314,Untold: Malice at the Palace,MOVIE,2021,2020,R,69,0,,7.5,7699.0,7.0,8.49,1,crime,3,US,1
ts307925,On the Verge,SHOW,2021,2020,TV-MA,32,0,1.0,6.4,2961.0,5.2,8.188,1,comedy,2,FR,1
tm1084966,Django & Django,MOVIE,2021,2020,Not Rated,80,0,,6.9,1006.0,,,1,documentation,1,,0
tm1044275,A Classic Horror Story,MOVIE,2021,2020,Not Rated,95,0,,,,5.9,62.411,1,horror,3,IT,1
ts272463,Colin in Black & White,SHOW,2021,2020,TV-14,32,0,1.0,5.5,7282.0,6.682,29.999,1,drama,2,US,1
tm1106212,Photocopier,MOVIE,2021,2020,Not Rated,130,0,,6.7,3010.0,7.007,54.805,1,drama,3,ID,1
ts313781,The Club,SHOW,2021,2020,TV-14,47,0,2.0,7.9,7810.0,7.2,8.116,1,drama,2,TR,1
tm1087956,Afterlife of the Party,MOVIE,2021,2020,Not Rated,109,0,,5.8,8728.0,6.9,28.436,1,fantasy,4,US,1
ts246073,Tribes of Europa,SHOW,2021,2020,TV-MA,47,0,1.0,6.7,12043.0,7.179,37.998,1,scifi,4,DE,1
tm1019885,F3: Fun and Frustration,MOVIE,2022,2020,Not Rated,148,0,,5.5,1199.0,6.0,11.729,1,comedy,3,IN,1
ts321614,Blippi Wonders,SHOW,2021,2020,TV-Y,7,0,1.0,5.1,21.0,7.0,1.557,1,animation,1,US,1
ts250092,Shaman King,SHOW,2021,2020,TV-PG,25,0,1.0,6.9,1728.0,8.3,56.636,1,comedy,5,JP,1
ts303513,42 Days of Darkness,SHOW,2022,2020,TV-MA,46,0,1.0,6.5,1040.0,5.9,6.233,1,drama,3,CL,1
tm1201670,A Farewell to Ozark,MOVIE,2022,2020,R,31,0,,,,6.2,11.964,1,documentation,1,US,1
tm1219787,Stand Out: An LGBTQ+ Celebration,MOVIE,2022,2020,Not Rated,96,0,,5.9,569.0,5.5,4.736,1,comedy,2,,0
ts344043,Welcome to Wedding Hell,SHOW,2022,2020,TV-14,37,0,1.0,6.9,89.0,9.0,4.417,1,drama,2,KR,1
ts317078,The Journalist,SHOW,2022,2020,TV-14,51,0,1.0,7.0,608.0,8.1,6.078,1,crime,3,JP,1
tm1219831,Dirty Daddy: The Bob Saget Tribute,MOVIE,2022,2020,PG-13,83,0,,6.6,422.0,5.8,6.328,1,comedy,1,US,1
ts315041,Bulgasal: Immortal Souls,SHOW,2021,2020,TV-MA,71,0,1.0,7.3,2063.0,8.1,10.958,1,scifi,5,KR,1
ts289620,House of Secrets: The Burari Deaths,SHOW,2021,2020,TV-MA,45,0,1.0,7.4,9944.0,7.6,7.749,1,history,3,IN,1
tm1042481,Riverdance: The Animated Adventure,MOVIE,2021,2020,Not Rated,86,0,,5.4,1815.0,5.7,113.987,1,animation,3,CA,1
ts343492,Thermae Romae Novae,SHOW,2022,2020,TV-MA,29,0,1.0,7.0,749.0,7.6,1.915,1,comedy,4,JP,1
tm1030071,Mandela,MOVIE,2021,2020,Not Rated,144,0,,,,7.5,3.11,1,comedy,2,IN,1
tm1167440,My Best Friend Anne Frank,MOVIE,2021,2020,PG-13,103,0,,6.2,4035.0,6.6,14.03,1,drama,1,NL,1
tm1195032,Thar,MOVIE,2022,2020,Not Rated,108,0,,6.1,4703.0,6.8,4.937,1,action,5,IN,1
ts297846,An astrological guide for broken hearts,SHOW,2021,2020,TV-14,34,0,2.0,7.1,3034.0,7.0,8.058,1,romance,2,IT,1
ts220196,Centaurworld,SHOW,2021,2020,TV-Y7,29,0,2.0,7.6,2045.0,7.6,9.038,1,scifi,6,US,1
tm1177856,Without Saying Goodbye,MOVIE,2022,2020,Not Rated,96,0,,5.7,2446.0,7.2,93.966,1,romance,2,ES,2
tm1005109,Kingdom: Ashin of the North,MOVIE,2021,2020,Not Rated,92,0,,7.2,4890.0,7.459,62.804,1,fantasy,5,KR,1
tm1144897,My Father's Violin,MOVIE,2022,2020,Not Rated,112,0,,6.4,3216.0,8.0,31.324,1,drama,2,TR,1
ts319333,Tiger King: The Doc Antle Story,SHOW,2021,2020,TV-MA,42,0,1.0,6.2,1564.0,6.5,4.16,1,crime,2,US,1
tm1107063,Love and Leashes,MOVIE,2022,2020,R,118,0,,6.3,4273.0,6.7,56.793,1,comedy,2,KR,1
ts272366,Amend: The Fight for America,SHOW,2021,2020,TV-MA,58,0,1.0,7.8,1281.0,7.0,14.953,1,war,3,US,1
ts268102,Juvenile Justice,SHOW,2022,2020,TV-MA,61,0,1.0,8.0,2633.0,8.2,63.286,1,drama,2,KR,1
ts220553,The Irregulars,SHOW,2021,2020,TV-14,53,0,1.0,5.9,14927.0,7.5,10.125,1,crime,5,GB,1
ts301915,The King's Affection,SHOW,2021,2020,TV-14,65,0,1.0,,,8.3,34.387,1,drama,1,KR,1
ts288195,Invisible City,SHOW,2021,2020,TV-MA,37,0,2.0,7.7,18.0,7.1,10.14,1,thriller,4,BR,1
tm1198745,Marmaduke,MOVIE,2022,2020,Not Rated,88,0,,4.8,3394.0,5.905,185.553,1,animation,3,CA,2
tm1003261,Nate Bargatze: The Greatest Average American,MOVIE,2021,2020,Not Rated,60,0,,7.3,1360.0,7.1,1.881,1,comedy,1,US,1
tm1120902,The Privilege,MOVIE,2022,2020,Not Rated,107,0,,4.6,4293.0,5.0,101.24,1,scifi,4,DE,1
ts317297,The Orbital Children,SHOW,2022,2020,TV-14,32,0,2.0,6.4,564.0,7.6,11.016,1,scifi,4,JP,1
tm998188,More the Merrier,MOVIE,2021,2020,Not Rated,112,0,,5.4,3302.0,6.7,83.397,1,romance,2,ES,1
ts331439,My Little Pony: Make Your Mark,SHOW,2022,2020,TV-Y,45,0,1.0,6.0,136.0,8.1,400.035,1,comedy,7,US,1
ts317522,Dig Deeper: The Disappearance of Birgit Meier,SHOW,2021,2020,Not Rated,60,0,1.0,7.3,1881.0,7.9,2.293,1,crime,2,DE,1
tm1047503,Trees of Peace,MOVIE,2021,2020,NC-17,97,0,,6.4,1104.0,7.3,118.558,1,drama,1,US,1
ts29800,Surviving Death,SHOW,2021,2020,TV-MA,54,0,1.0,6.1,2028.0,6.8,0.6,1,documentation,2,US,1
tm1018418,Two Distant Strangers,MOVIE,2021,2020,R,32,0,,,,7.4,8.319,1,drama,1,US,1
ts347762,Baby Fever,SHOW,2022,2020,TV-MA,32,0,1.0,6.2,532.0,6.3,7.276,1,drama,3,DK,1
ts296563,Who Rules The World,SHOW,2022,2020,TV-PG,42,0,1.0,8.3,530.0,5.9,16.75,1,drama,3,CN,1
tm1138870,Badhaai Do,MOVIE,2022,2020,Not Rated,147,0,,7.1,16685.0,7.0,5.054,1,comedy,3,IN,1
tm1207099,Jane Fonda & Lily Tomlin: Ladies Night Live,MOVIE,2022,2020,PG-13,60,0,,5.5,268.0,5.7,2.912,1,comedy,2,US,1
tm166973,Mixtape,MOVIE,2021,2020,Not Rated,94,0,,6.6,3329.0,7.1,16.314,1,comedy,4,US,1
ts320502,Getting Curious with Jonathan Van Ness,SHOW,2022,2020,TV-MA,26,0,1.0,6.8,741.0,7.7,2.01,1,comedy,2,US,1
ts286317,The Sons of Sam: A Descent Into Darkness,SHOW,2021,2020,TV-MA,60,0,1.0,7.0,8500.0,7.3,10.533,1,crime,3,US,1
ts301999,Open Your Eyes,SHOW,2021,2020,TV-MA,47,0,1.0,6.5,1464.0,7.2,14.064,1,thriller,3,PL,1
tm1104532,Britney vs. Spears,MOVIE,2021,2020,Not Rated,93,0,,6.4,6924.0,7.2,6.985,1,documentation,2,US,1
ts271593,Spycraft,SHOW,2021,2020,TV-MA,34,0,1.0,6.7,2044.0,6.9,7.337,1,documentation,1,US,1
tm1020326,Deadly Illusions,MOVIE,2021,2020,R,114,0,,,,5.019,18.367,1,thriller,1,US,1
ts327074,Bullsh*t the Game Show,SHOW,2022,2020,TV-14,0,1,1.0,6.1,750.0,7.2,1.125,1,reality,1,US,1
tm1228963,Ranveer vs Wild with Bear Grylls,MOVIE,2022,2020,PG,70,0,,7.3,2024.0,6.0,9.73,1,documentation,1,IN,1
tm1213009,Dear Friend,MOVIE,2022,2020,Not Rated,118,0,,5.9,251.0,5.5,2.299,1,comedy,3,IN,1
tm1040671,Marilyn's Eyes,MOVIE,2021,2020,Not Rated,110,0,,6.6,1396.0,6.8,6.821,1,comedy,2,IT,1
tm1087932,Prey,MOVIE,2021,2020,Not Rated,87,0,,4.3,7360.0,4.6,48.888,1,drama,2,DE,1
tm983668,Misha and the Wolves,MOVIE,2021,2020,PG-13,90,0,,6.7,2474.0,7.2,12.641,1,documentation,2,BE,3
ts241854,EDENS ZERO,SHOW,2021,2020,TV-14,24,0,1.0,,,7.8,24.758,1,scifi,4,JP,1
tm921206,The Kissing Booth 3,MOVIE,2021,2020,PG-13,112,0,,4.7,16307.0,7.1,93.277,1,romance,2,ZA,3
ts268835,Sisyphus,SHOW,2021,2020,Not Rated,71,0,1.0,7.0,3815.0,7.2,13.956,1,drama,5,KR,1
ts305263,Baking Impossible,SHOW,2021,2020,TV-PG,49,0,1.0,7.0,1114.0,6.3,4.722,1,reality,1,US,1
tm319224,The Loud House Movie,MOVIE,2021,2020,G,83,0,,6.1,2027.0,7.6,88.011,1,comedy,8,US,1
ts301914,Inspector Koo,SHOW,2021,2020,TV-14,69,0,1.0,6.9,619.0,7.3,18.817,1,comedy,5,KR,1
tm1087160,Fever Dream,MOVIE,2021,2020,R,93,0,,5.4,1906.0,5.9,30.42,1,drama,3,CL,2
tm1045741,Blue Miracle,MOVIE,2021,2020,Not Rated,95,0,,6.6,6778.0,7.6,17.953,1,family,3,MX,2
tm855641,Home2Home,MOVIE,2022,2020,Not Rated,110,0,,7.9,136.0,7.0,1.908,1,documentation,3,DE,1
ts308689,Misfit: The Series,SHOW,2021,2020,Not Rated,24,0,1.0,7.1,77.0,8.3,2.178,1,comedy,1,NL,1
ts272939,The Lost Pirate Kingdom,SHOW,2021,2020,TV-MA,43,0,1.0,6.6,2804.0,7.7,6.297,1,documentation,3,US,1
ts343251,Green Mothers' Club,SHOW,2022,2020,Not Rated,70,0,1.0,6.5,120.0,6.2,5.439,1,drama,2,KR,1
tm473502,83,MOVIE,2021,2020,Not Rated,163,0,,7.5,35093.0,7.0,10.441,1,drama,3,IN,1
ts308838,Bad Sport,SHOW,2021,2020,TV-MA,68,0,1.0,7.3,2151.0,7.3,3.382,1,crime,3,,0
tm855075,Rurouni Kenshin: The Beginning,MOVIE,2021,2020,R,138,0,,7.4,8273.0,7.8,124.417,1,action,2,JP,1
tm1187913,Honeymoon With My Mother,MOVIE,2022,2020,Not Rated,110,0,,5.8,2660.0,6.23,78.984,1,comedy,1,ES,1
ts349845,Mr. Good: Cop or Crook?,SHOW,2022,2020,TV-14,51,0,1.0,6.9,369.0,5.4,2.821,1,documentation,2,NO,1
tm1134006,Death to 2021,MOVIE,2021,2020,Not Rated,60,0,,6.3,14529.0,6.0,8.126,1,comedy,1,GB,2
tm881587,"Vengeance Is Mine, All Others Pay Cash",MOVIE,2021,2020,Not Rated,114,0,,7.0,559.0,7.8,2.51,1,romance,4,ID,1
ts349842,Rhythm + Flow France,SHOW,2022,2020,TV-MA,42,0,1.0,6.3,92.0,8.5,11.242,1,reality,2,FR,1
tm816591,The Getaway King,MOVIE,2021,2020,Not Rated,100,0,,6.5,1812.0,6.8,5.27,1,drama,4,PL,1
tm810504,Yaksha: Ruthless Operations,MOVIE,2022,2020,Not Rated,125,0,,6.2,3146.0,6.2,332.936,1,action,3,KR,1
tm983270,Outside the Wire,MOVIE,2021,2020,R,116,0,,5.4,42078.0,6.4,87.801,1,action,4,US,1
tm1201457,Civil: Ben Crump,MOVIE,2022,2020,PG-13,101,0,,5.4,170.0,10.0,23.162,1,documentation,1,,0
ts317422,Saturday Morning All Star Hits!,SHOW,2021,2020,TV-14,23,0,1.0,7.5,948.0,6.3,2.598,1,animation,2,US,1
tm982887,The Minimalists: Less Is Now,MOVIE,2021,2020,Not Rated,53,0,,5.9,4108.0,6.5,7.565,1,documentation,1,US,1
tm984155,The Devil Below,MOVIE,2021,2020,R,89,0,,4.2,4366.0,5.1,7.841,1,horror,2,US,1
tm984204,The Seventh Day,MOVIE,2021,2020,R,87,0,,4.5,4403.0,5.5,60.598,1,horror,1,US,1
ts287328,Yasuke,SHOW,2021,2020,TV-MA,29,0,1.0,6.2,5150.0,7.81,8.838,1,drama,6,US,1
ts302489,Chicago Party Aunt,SHOW,2021,2020,TV-MA,23,0,1.0,5.3,1488.0,6.5,4.25,1,animation,2,US,1
ts304468,Thirty-Nine,SHOW,2022,2020,TV-MA,73,0,1.0,7.9,150.0,9.4,6.647,1,drama,2,KR,1
ts108621,Sky Rojo,SHOW,2021,2020,TV-MA,27,0,3.0,6.5,8706.0,7.7,39.825,1,drama,4,ES,1
ts307745,Money Heist: From Tokyo to Berlin,SHOW,2021,2020,TV-MA,53,0,2.0,7.7,890.0,7.391,712.899,1,documentation,3,ES,1
tm863919,Extinct,MOVIE,2021,2020,Not Rated,85,0,,5.4,2590.0,6.4,61.643,1,animation,4,CA,3
tm974195,The Fable: The Killer Who Doesn't Kill,MOVIE,2021,2020,Not Rated,132,0,,6.8,1486.0,6.9,5.818,1,action,3,JP,1
tm858000,Rurouni Kenshin: The Final,MOVIE,2021,2020,PG-13,139,0,,7.2,8614.0,7.9,64.962,1,drama,2,JP,1
ts269493,Headspace Guide to Meditation,SHOW,2021,2020,TV-G,22,0,1.0,8.4,1568.0,7.7,4.774,1,documentation,2,US,1
tm1218547,Bruna Louise: Demolition,MOVIE,2022,2020,Not Rated,65,0,,4.5,51.0,6.4,2.735,1,comedy,2,BR,1
ts287703,Mine,SHOW,2021,2020,TV-14,70,0,1.0,7.7,1169.0,7.5,11.801,1,thriller,2,KR,1
ts310376,"Sex, Love & Goop",SHOW,2021,2020,TV-MA,35,0,1.0,4.7,768.0,5.9,5.597,1,reality,3,US,1
ts317612,Love is Blind: Japan,SHOW,2022,2020,TV-PG,57,0,2.0,7.1,535.0,7.5,2.581,1,reality,2,JP,1
tm1057343,Prophetess,MOVIE,2021,2020,Not Rated,144,0,,6.8,6.0,8.0,1.4,1,drama,2,,0
ts282291,Generation 56K,SHOW,2021,2020,TV-14,30,0,1.0,7.4,2427.0,7.3,5.375,1,drama,3,IT,1
tm860261,To All the Boys: Always and Forever,MOVIE,2021,2020,PG-13,115,0,,6.3,25191.0,7.7,53.199,1,romance,3,US,1
ts258415,Elves,SHOW,2021,2020,TV-14,24,0,1.0,5.5,4165.0,7.0,45.71,1,thriller,6,DK,1
tm1106044,100 días con la Tata,MOVIE,2021,2020,Not Rated,82,0,,7.9,299.0,7.0,2.81,1,documentation,2,,0
ts297675,Sexy Beasts,SHOW,2021,2020,TV-14,23,0,2.0,4.6,1133.0,5.9,36.721,1,reality,2,,0
tm1052498,Aileen Wuornos: American Boogeywoman,MOVIE,2021,2020,R,85,0,,3.7,1538.0,5.4,6.83,1,thriller,3,US,1
tm1150256,Tall Girl 2,MOVIE,2022,2020,Not Rated,97,0,,4.7,4356.0,5.8,52.544,1,comedy,4,US,1
ts310335,Insiders,SHOW,2021,2020,TV-MA,46,0,2.0,4.2,742.0,6.9,4.397,1,reality,1,ES,1
ts301196,Top Secret UFO Projects: Declassified,SHOW,2021,2020,TV-PG,44,0,1.0,5.5,1426.0,7.3,22.071,1,documentation,1,GB,1
ts250998,Dirty Lines,SHOW,2022,2020,TV-MA,46,0,1.0,7.4,1840.0,8.3,5.758,1,drama,2,NL,1
tm1102868,Nobody Sleeps in the Woods Tonight 2,MOVIE,2021,2020,Not Rated,97,0,,3.9,3641.0,4.1,100.747,1,horror,3,PL,1
ts320426,Crime Scene: The Times Square Killer,SHOW,2021,2020,TV-MA,49,0,1.0,6.5,3974.0,7.125,5.848,1,thriller,4,US,1
tm1223736,Chip and Potato: Chip's Holiday,MOVIE,2022,2020,Not Rated,24,0,,,,5.8,305.336,1,family,2,CA,1
ts343427,Samurai Rabbit: The Usagi Chronicles,SHOW,2022,2020,TV-Y7,25,0,1.0,6.5,407.0,6.7,5.716,1,animation,6,US,1
ts243780,Sharkdog,SHOW,2021,2020,TV-Y,23,0,2.0,5.8,168.0,9.3,36.732,1,animation,3,SG,2
ts288005,"Nevertheless,",SHOW,2021,2020,Not Rated,70,0,1.0,7.2,4939.0,8.0,47.096,1,drama,2,KR,1
tm872108,A Week Away,MOVIE,2021,2020,Not Rated,94,0,,5.7,4608.0,7.0,30.453,1,drama,3,US,1
ts246178,Eden,SHOW,2021,2020,TV-PG,25,0,1.0,6.6,1159.0,7.0,11.578,1,animation,7,JP,1
ts283676,Last Chance U: Basketball,SHOW,2021,2020,TV-MA,57,0,1.0,8.3,2531.0,7.7,9.485,1,documentation,2,US,1
tm1143898,Jana Gana Mana,MOVIE,2022,2020,Not Rated,161,0,,8.3,9167.0,7.9,6.712,1,drama,3,IN,1
ts215989,Snabba Cash,SHOW,2021,2020,TV-MA,43,0,2.0,7.6,8380.0,7.1,6.964,1,crime,4,SE,1
tm1110389,Single All the Way,MOVIE,2021,2020,Not Rated,99,0,,6.1,15190.0,6.5,40.516,1,romance,3,CA,1
tm1031976,Dhamaka,MOVIE,2021,2020,Not Rated,104,0,,7.2,40263.0,7.3,72.416,1,thriller,4,IN,1
ts308511,Back to 15,SHOW,2022,2020,TV-14,0,1,1.0,6.6,662.0,6.3,5.829,1,drama,2,BR,1
tm1093287,The River Runner,MOVIE,2021,2020,Not Rated,86,0,,6.9,1667.0,6.7,2.283,1,documentation,2,,0
tm362072,Monster,MOVIE,2021,2020,R,98,0,,6.5,5770.0,6.5,14.441,1,drama,2,CA,2
tm1120509,Never Back Down: Revolt,MOVIE,2021,2020,R,89,0,,4.0,535.0,6.6,81.744,1,action,4,US,1
ts320075,Aranyak,SHOW,2021,2020,TV-MA,43,0,1.0,7.9,7629.0,7.7,4.389,1,thriller,3,IN,1
ts280892,"Devotion, a Story of Love and Desire",SHOW,2022,2020,TV-MA,40,0,1.0,6.4,1500.0,6.8,13.644,1,drama,2,IT,1
tm1091155,Untold: Breaking Point,MOVIE,2021,2020,R,79,0,,7.6,2490.0,8.0,5.385,1,documentation,2,US,1
ts260477,Post Mortem: No One Dies in Skarnes,SHOW,2021,2020,TV-MA,45,0,1.0,7.1,3323.0,,1.536,1,thriller,3,NO,1
ts254928,D.P.,SHOW,2021,2020,TV-MA,55,0,2.0,,,8.2,18.767,1,drama,3,KR,1
tm1219931,Heart Parade,MOVIE,2022,2020,Not Rated,108,0,,4.9,477.0,5.7,354.267,1,comedy,2,PL,1
tm991351,Pelé,MOVIE,2021,2020,PG-13,108,0,,7.0,4256.0,7.5,19.653,1,documentation,2,GB,1
ts223450,Move to Heaven,SHOW,2021,2020,TV-MA,52,0,1.0,8.6,5634.0,7.8,15.536,1,drama,1,KR,1
ts257504,Heirs to the Land,SHOW,2022,2020,TV-MA,54,0,1.0,7.0,947.0,6.0,11.208,1,drama,4,ES,1
tm1102891,Grudge,MOVIE,2021,2020,Not Rated,104,0,,5.5,4298.0,6.5,61.563,1,thriller,3,TR,1
ts308039,A Sinister Sect: Colonia Dignidad,SHOW,2021,2020,Not Rated,53,0,1.0,,,6.6,2.503,1,documentation,1,DE,1
tm998858,Brian Regan: On the Rocks,MOVIE,2021,2020,Not Rated,58,0,,6.8,619.0,6.8,1.875,1,comedy,1,US,1
tm894254,Penguin Bloom,MOVIE,2021,2020,PG-13,95,0,,6.8,10148.0,7.1,24.152,1,drama,1,AU,2
tm983658,Rita Moreno: Just a Girl Who Decided to Go for It,MOVIE,2021,2020,PG-13,90,0,,7.7,750.0,7.1,4.916,1,documentation,1,US,1
ts312200,I Am Georgina,SHOW,2022,2020,TV-14,41,0,1.0,3.9,2879.0,7.3,43.523,1,reality,1,ES,1
ts346500,Wild Babies,SHOW,2022,2020,TV-PG,30,0,1.0,7.7,421.0,7.6,3.289,1,documentation,1,GB,1
ts302312,Jaguar,SHOW,2021,2020,TV-MA,45,0,1.0,5.7,1766.0,7.1,30.462,1,drama,4,ES,1
ts317720,Coming Out Colton,SHOW,2021,2020,TV-MA,33,0,1.0,6.7,1142.0,7.6,2.167,1,reality,1,US,1
tm1003353,Operation Varsity Blues: The College Admissions Scandal,MOVIE,2021,2020,R,100,0,,6.9,8190.0,7.0,8.255,1,drama,3,US,1
ts314395,The Motive,SHOW,2021,2020,Not Rated,35,0,1.0,5.2,1472.0,5.7,11.281,1,crime,2,,0
tm1020520,A Stand Worthy of Men,MOVIE,2021,2020,Not Rated,120,0,,7.2,2174.0,,,1,drama,2,,0
tm817075,Furioza,MOVIE,2021,2020,Not Rated,139,0,,6.2,4129.0,6.2,14.047,1,crime,3,PL,1
tm1137862,Four to Dinner,MOVIE,2022,2020,Not Rated,104,0,,6.3,3130.0,6.3,41.83,1,comedy,2,IT,1
tm834847,Seal Team,MOVIE,2021,2020,Not Rated,101,0,,5.5,1350.0,7.1,99.808,1,animation,2,ZA,1
tm876997,Most Eligible Bachelor,MOVIE,2021,2020,Not Rated,170,0,,6.1,3261.0,5.7,2.675,1,drama,2,IN,1
tm1204615,Katt Williams: World War III,MOVIE,2022,2020,Not Rated,59,0,,4.6,413.0,5.2,2.529,1,comedy,1,,0
tm1096769,Lead Me Home,MOVIE,2021,2020,Not Rated,40,0,,7.1,,6.8,13.808,1,documentation,1,US,1
ts255486,Godzilla Singular Point,SHOW,2021,2020,TV-14,25,0,1.0,6.5,1673.0,7.218,21.135,1,animation,4,JP,1
tm1207096,Snoop Dogg's F*cn Around Comedy Special,MOVIE,2022,2020,Not Rated,67,0,,5.2,371.0,5.3,5.006,1,documentation,3,,0
tm1092995,Shaun the Sheep: The Flight Before Christmas,MOVIE,2021,2020,G,30,0,,7.3,1491.0,7.0,67.766,1,animation,3,GB,1
ts312094,JAPAN SINKS: People of Hope,SHOW,2021,2020,TV-14,55,0,1.0,6.0,5.0,6.5,7.557,1,scifi,3,JP,1
tm1166015,The Invisible Thread,MOVIE,2022,2020,Not Rated,90,0,,6.7,1704.0,6.8,46.282,1,drama,3,IT,1
tm880822,Mobile Suit Gundam Hathaway,MOVIE,2021,2020,PG-13,96,0,,6.6,1400.0,7.6,261.753,1,scifi,5,JP,1
tm1160424,AI Love You,MOVIE,2022,2020,PG-13,95,0,,4.4,572.0,5.828,95.533,1,scifi,4,TH,1
ts258358,The Life and Movies of Erşan Kuneri,SHOW,2022,2020,TV-MA,48,0,1.0,6.7,11145.0,7.7,4.766,1,comedy,1,TR,1
tm1039147,Audible,MOVIE,2021,2020,PG-13,39,0,,5.3,,7.0,8.896,1,documentation,1,US,1
ts283528,This Is Pop,SHOW,2021,2020,TV-MA,44,0,1.0,6.9,1131.0,7.6,3.364,1,music,2,CA,1
ts276067,Maldivas,SHOW,2022,2020,TV-MA,36,0,1.0,5.6,961.0,7.2,159.929,1,comedy,2,BR,1
tm1215536,The Hall: Honoring the Greats of Stand-Up,MOVIE,2022,2020,Not Rated,70,0,,6.3,400.0,8.0,2.957,1,documentation,2,US,1
ts320335,Summer Heat,SHOW,2022,2020,TV-MA,48,0,1.0,5.6,281.0,7.8,7.658,1,drama,2,BR,1
ts286632,Why Are You Like This?,SHOW,2021,2020,Not Rated,24,0,1.0,6.4,1546.0,7.7,2.882,1,comedy,1,AU,1
ts320302,Neymar: The Perfect Chaos,SHOW,2022,2020,TV-MA,55,0,1.0,6.6,3158.0,7.316,31.57,1,documentation,2,BR,2
tm833467,Hurdang,MOVIE,2022,2020,Not Rated,122,0,,4.9,499.0,8.0,5.264,1,drama,2,IN,1
tm1185388,The Turning Point,MOVIE,2021,2020,Not Rated,90,0,,6.1,621.0,6.7,5.561,1,drama,2,IT,1
tm998726,Sentinelle,MOVIE,2021,2020,Not Rated,80,0,,4.7,7844.0,5.9,59.784,1,thriller,4,FR,1
ts257873,Dive Club,SHOW,2021,2020,TV-PG,27,0,1.0,6.1,869.0,6.8,8.506,1,drama,2,AU,1
tm1077201,Stuck Together,MOVIE,2021,2020,Not Rated,126,0,,6.3,6897.0,6.0,15.493,1,comedy,1,BE,2
tm1203307,F*ck Love Too,MOVIE,2022,2020,Not Rated,92,0,,3.8,1052.0,5.963,170.413,1,comedy,2,NL,1
tm945448,Vicky and Her Mystery,MOVIE,2021,2020,Not Rated,84,0,,6.4,1900.0,7.2,75.025,1,drama,3,FR,1
ts296129,Elite Short Stories: Guzmán Caye Rebe,SHOW,2021,2020,TV-MA,12,0,1.0,7.4,2319.0,8.2,19.939,1,drama,3,ES,1
ts331681,Trivia Quest,SHOW,2022,2020,TV-G,9,0,1.0,5.7,202.0,5.7,3.207,1,family,3,US,1
tm1176905,"From Meir, to Meir",MOVIE,2021,2020,Not Rated,62,0,,,,,0.694,0,documentation,1,EG,1
ts320872,Queer Eye Germany,SHOW,2022,2020,TV-14,50,0,1.0,7.2,1114.0,1.0,1.621,1,reality,1,DE,1
tm1106806,Attack of the Hollywood Clichés!,MOVIE,2021,2020,Not Rated,59,0,,,,6.1,6.095,1,documentation,1,GB,2
ts328317,Alessandro Cattelan: One Simple Question,SHOW,2022,2020,TV-MA,30,0,1.0,6.5,209.0,6.7,1.302,1,comedy,2,IT,1
ts296179,The War Next-door,SHOW,2021,2020,TV-MA,33,0,2.0,5.7,444.0,7.3,82.278,1,comedy,1,MX,1
ts275448,Navillera,SHOW,2021,2020,Not Rated,65,0,1.0,8.8,2179.0,8.5,15.637,1,drama,2,KR,1
ts269286,Once Upon a Time... Happily Never After,SHOW,2022,2020,TV-MA,30,0,1.0,5.4,496.0,7.5,73.753,1,scifi,3,ES,1
ts306322,The Unlikely Murderer,SHOW,2021,2020,TV-MA,46,0,1.0,7.0,4129.0,7.3,4.575,1,drama,2,SE,1
tm1119136,Game Changer,MOVIE,2021,2020,Not Rated,102,0,,4.1,113.0,6.6,3.203,1,crime,5,TH,1
ts104362,Kid Cosmic,SHOW,2021,2020,TV-Y7,22,0,3.0,7.9,1414.0,8.8,13.314,1,comedy,6,US,1
tm1043290,Murder by the Coast,MOVIE,2021,2020,PG-13,88,0,,6.5,2134.0,6.4,8.719,1,crime,3,ES,1
tm1174856,Chappelle's Home Team - Earthquake: Legendary,MOVIE,2022,2020,R,36,0,,6.9,588.0,6.1,3.399,1,comedy,1,,0
ts345976,The Boss Baby: Back in the Crib,SHOW,2022,2020,TV-Y7,24,0,1.0,6.2,159.0,7.563,116.587,1,animation,4,US,1
tm810494,The 8th Night,MOVIE,2021,2020,Not Rated,115,0,,5.3,3332.0,6.1,43.698,1,thriller,2,KR,1
tm1029256,Ferry,MOVIE,2021,2020,Not Rated,106,0,,7.0,10900.0,6.8,29.798,1,drama,4,BE,2
ts313849,Blown Away: Christmas,SHOW,2021,2020,TV-PG,29,0,1.0,6.7,502.0,7.5,0.6,1,reality,1,,0
ts283610,Feels Like Ishq,SHOW,2021,2020,TV-MA,31,0,1.0,6.4,1550.0,6.0,2.428,1,drama,3,IN,1
tm1144693,The Trip 6,MOVIE,2021,2020,Not Rated,97,0,,3.2,180.0,7.3,341.163,1,comedy,1,CO,1
tm1000619,Radhe Shyam,MOVIE,2022,2020,Not Rated,138,0,,5.3,28633.0,5.5,5.537,1,drama,2,IN,1
ts309676,The World's Most Amazing Vacation Rentals,SHOW,2021,2020,TV-PG,34,0,2.0,6.7,1317.0,7.4,6.262,1,documentation,2,US,1
ts280693,Thomas & Friends: All Engines Go!,SHOW,2021,2020,TV-Y,11,0,1.0,2.0,555.0,8.0,1.287,1,animation,6,US,1
ts285469,Headspace Guide to Sleep,SHOW,2021,2020,TV-G,19,0,1.0,6.8,466.0,8.3,3.01,1,documentation,2,US,1
tm675820,A Boy Called Christmas,MOVIE,2021,2020,PG,106,0,,6.7,21085.0,7.507,60.608,1,drama,4,GB,1
ts354329,Lellobee City Farm,SHOW,2022,2020,TV-Y,10,0,1.0,,,,2.722,0,animation,1,US,1
tm1174920,Jeff Foxworthy: The Good Old Days,MOVIE,2022,2020,Not Rated,60,0,,6.1,418.0,6.8,2.434,1,comedy,2,,0
ts287802,Penguin Town,SHOW,2021,2020,TV-G,30,0,1.0,7.8,848.0,7.8,2.461,1,documentation,4,ZA,1
ts257315,Karma's World,SHOW,2021,2020,TV-Y,12,0,3.0,5.8,156.0,7.0,11.039,1,animation,3,US,1
ts299321,Dogs in Space,SHOW,2021,2020,TV-Y7,22,0,1.0,7.1,609.0,7.4,7.154,1,family,6,US,1
tm1185506,The Taming of the Shrewd,MOVIE,2022,2020,Not Rated,112,0,,4.5,836.0,5.1,9.926,1,romance,2,PL,1
tm1083068,Operation Hyacinth,MOVIE,2021,2020,Not Rated,112,0,,6.7,3119.0,6.8,16.846,1,crime,3,PL,1
tm879685,The Perfect Family,MOVIE,2021,2020,Not Rated,110,0,,5.3,1931.0,,,1,comedy,1,ES,1
tm466544,Sooryavanshi,MOVIE,2021,2020,Not Rated,145,0,,6.3,75952.0,5.7,121.867,1,action,3,IN,1
ts315551,Elite Short Stories: Phillipe Caye Felipe,SHOW,2021,2020,Not Rated,13,0,1.0,6.2,704.0,6.9,49.804,1,comedy,3,ES,1
ts317144,Adventure Beast,SHOW,2021,2020,TV-MA,19,0,1.0,5.2,569.0,7.4,3.268,1,comedy,2,US,1
ts325756,Midnight Asia: Eat · Dance · Dream,SHOW,2022,2020,TV-MA,37,0,1.0,6.6,518.0,6.0,1.766,1,documentation,1,SG,1
ts260502,Until Life Do Us Part,SHOW,2021,2020,TV-MA,49,0,1.0,7.5,663.0,9.2,2.681,1,drama,1,PT,1
ts320557,Elite Short Stories: Patrick,SHOW,2021,2020,TV-MA,12,0,1.0,6.1,737.0,7.3,51.19,1,comedy,2,ES,1
ts296081,The Parisian Agency: Exclusive Properties,SHOW,2021,2020,TV-14,57,0,2.0,7.5,671.0,,3.069,1,reality,1,FR,1
tm448707,CBI 5: The Brain,MOVIE,2022,2020,Not Rated,163,0,,6.3,1394.0,5.8,3.945,1,thriller,2,IN,1
ts296069,Elite Short Stories: Omar Ander Alexis,SHOW,2021,2020,TV-MA,12,0,1.0,7.3,1952.0,7.6,21.175,1,drama,3,ES,1
tm1111717,L.O.L. Surprise: The Movie,MOVIE,2021,2020,G,47,0,,3.8,129.0,6.9,109.716,1,animation,6,US,1
tm1111920,Making The Billion Dollar Code,MOVIE,2021,2020,Not Rated,28,0,,,,8.5,0.832,1,documentation,1,DE,1
ts287149,Hype House,SHOW,2022,2020,TV-14,32,0,1.0,2.1,2915.0,5.8,3.204,1,reality,1,US,1
tm950444,Skater Girl,MOVIE,2021,2020,PG,107,0,,6.6,4289.0,7.5,12.433,1,drama,3,US,2
ts239188,Kitz,SHOW,2021,2020,TV-MA,44,0,1.0,5.7,2392.0,7.4,5.661,1,drama,2,AT,2
ts297685,I Need Romance,SHOW,2021,2020,TV-14,45,0,1.0,7.8,30.0,6.0,1.39,1,drama,2,TH,1
ts308002,The Five Juanas,SHOW,2021,2020,TV-MA,39,0,1.0,6.9,1813.0,7.4,63.62,1,drama,1,MX,1
tm1092892,Found,MOVIE,2021,2020,PG,97,0,,7.5,1198.0,7.5,32.993,1,documentation,2,CN,2
ts271517,The Crew,SHOW,2021,2020,TV-14,27,0,1.0,6.5,5528.0,7.1,9.56,1,comedy,1,US,1
ts257271,The Time It Takes,SHOW,2021,2020,TV-MA,13,0,1.0,7.1,1271.0,7.1,6.598,1,drama,3,ES,1
tm1108010,Rabbids Invasion - Mission To Mars,MOVIE,2021,2020,Not Rated,70,0,,7.8,,6.0,4.321,1,animation,2,FR,1
ts296059,Elite Short Stories: Carla Samuel,SHOW,2021,2020,TV-MA,14,0,1.0,6.9,2685.0,7.6,43.992,1,drama,2,ES,1
ts306068,Luna Park,SHOW,2021,2020,TV-MA,50,0,1.0,6.4,721.0,8.1,4.545,1,drama,2,IT,1
ts346007,Savage Beauty,SHOW,2022,2020,TV-MA,51,0,1.0,5.0,339.0,6.7,4.011,1,drama,1,US,1
tm1098514,The Falls,MOVIE,2021,2020,Not Rated,129,0,,7.0,1546.0,6.8,5.971,1,drama,1,TW,1
tm1108621,Yara,MOVIE,2021,2020,Not Rated,96,0,,6.2,4205.0,6.3,21.629,1,drama,3,IT,1
ts317526,Selling Tampa,SHOW,2021,2020,TV-MA,40,0,1.0,4.5,797.0,10.0,1.82,1,reality,1,US,1
ts216407,Age of Samurai: Battle for Japan,SHOW,2021,2020,TV-MA,43,0,1.0,7.4,4119.0,7.1,31.152,1,documentation,5,US,1
tm1130264,Nicole Byer: BBW (Big Beautiful Weirdo),MOVIE,2021,2020,Not Rated,65,0,,5.7,527.0,7.0,3.015,1,comedy,1,,0
ts306510,Octonauts: Above & Beyond,SHOW,2021,2020,TV-Y,25,0,2.0,7.2,82.0,8.5,4.775,1,animation,2,KR,1
tm1127479,Cobalt Blue,MOVIE,2022,2020,Not Rated,112,0,,6.6,1531.0,6.6,5.021,1,romance,2,IN,1
tm433048,This Is the Night,MOVIE,2021,2020,R,100,0,,5.4,626.0,7.2,5.428,1,drama,2,US,1
ts321254,Yeh Kaali Kaali Ankhein,SHOW,2022,2020,TV-MA,40,0,1.0,,,7.2,5.259,1,drama,3,IN,1
ts270798,Love (ft. Marriage and Divorce),SHOW,2021,2020,TV-PG,69,0,3.0,6.6,467.0,6.3,24.115,1,drama,2,KR,1
tm972519,Don't Kill Me,MOVIE,2021,2020,Not Rated,90,0,,4.3,1769.0,4.0,10.329,1,fantasy,3,IT,1
tm1003725,A Castle for Christmas,MOVIE,2021,2020,Not Rated,98,0,,5.5,11894.0,5.8,15.972,1,romance,4,GB,2
ts284862,Zero Chill,SHOW,2021,2020,Not Rated,30,0,1.0,,,7.7,6.452,1,drama,2,GB,1
tm1036270,I Am All Girls,MOVIE,2021,2020,Not Rated,107,0,,5.9,5917.0,6.6,43.887,1,thriller,3,ZA,1
ts302056,Titletown High,SHOW,2021,2020,TV-14,34,0,1.0,5.5,332.0,5.6,2.146,1,reality,2,US,1
ts287838,Mad for Each Other,SHOW,2021,2020,Not Rated,35,0,1.0,7.9,1724.0,8.2,8.719,1,comedy,3,KR,1
ts273318,Country Comfort,SHOW,2021,2020,TV-PG,24,0,1.0,6.8,3432.0,7.8,4.962,1,drama,5,US,1
ts318024,Sea Power,SHOW,2021,2020,TV-14,48,0,1.0,7.7,44.0,,1.6,1,documentation,2,US,1
tm876608,Sounds Like Love,MOVIE,2021,2020,Not Rated,110,0,,5.4,2135.0,6.6,31.672,1,comedy,4,ES,1
tm1000797,Ride or Die,MOVIE,2021,2020,R,142,0,,5.6,1900.0,6.5,79.299,1,thriller,3,JP,1
tm1096880,Thomas & Friends: All Engines Go - Race for the Sodor Cup,MOVIE,2021,2020,Not Rated,60,0,,3.7,70.0,10.0,2.434,1,animation,2,,0
ts331449,Hei$t: The Great Robbery of Brazil's Central Bank,SHOW,2022,2020,TV-14,61,0,1.0,6.4,525.0,6.4,5.81,1,documentation,2,BR,1
tm858287,Jersey,MOVIE,2022,2020,Not Rated,175,0,,7.3,10878.0,7.2,68.203,1,drama,3,IN,1
tm990835,The Girl on the Train,MOVIE,2021,2020,Not Rated,128,0,,4.4,14348.0,5.9,16.169,1,drama,3,IN,1
ts283639,Decoupled,SHOW,2021,2020,TV-MA,31,0,1.0,8.0,6379.0,8.2,3.252,1,comedy,2,IN,1
ts296091,Elite Short Stories: Nadia Guzmán,SHOW,2021,2020,TV-MA,11,0,1.0,6.2,1907.0,7.5,24.675,1,drama,2,ES,1
ts271720,Pui Pui Molcar,SHOW,2021,2020,TV-Y7,2,0,1.0,8.1,366.0,8.6,3.148,1,animation,3,JP,1
ts289364,Cat People,SHOW,2021,2020,TV-14,32,0,1.0,6.3,282.0,6.3,3.255,1,documentation,1,US,1
ts293814,Sparking Joy with Marie Kondo,SHOW,2021,2020,TV-PG,42,0,1.0,6.3,360.0,7.3,2.602,1,drama,3,,0
tm993435,Cousins,MOVIE,2021,2020,R,98,0,,6.9,503.0,7.3,1.706,1,drama,1,NZ,1
tm1191860,Oprah + Viola: A Netflix Special Event,MOVIE,2022,2020,Not Rated,48,0,,7.2,319.0,7.7,3.035,1,documentation,1,US,1
tm1064532,Deep,MOVIE,2021,2020,Not Rated,101,0,,4.8,1441.0,6.4,70.521,1,scifi,3,TH,1
tm1047190,The Phantom,MOVIE,2021,2020,Not Rated,81,0,,6.5,759.0,6.1,3.462,1,documentation,2,US,2
ts292446,Taarak Mehta Kka Chhota Chashmah,SHOW,2021,2020,TV-Y,22,0,1.0,6.6,76.0,,0.747,1,animation,2,IN,1
ts315549,Elite Short Stories: Samuel Omar,SHOW,2021,2020,Not Rated,12,0,1.0,6.1,666.0,7.0,41.801,1,comedy,2,ES,1
ts288997,Human: The World Within,SHOW,2021,2020,TV-PG,53,0,1.0,6.8,733.0,8.7,3.625,1,documentation,1,US,1
tm1030495,Two,MOVIE,2021,2020,Not Rated,71,0,,,,5.5,236.797,1,horror,2,ES,1
ts282133,City of Ghosts,SHOW,2021,2020,TV-Y7,19,0,1.0,6.1,10.0,7.3,2.639,1,animation,2,FR,1
ts289261,Transformers: BotBots,SHOW,2022,2020,TV-Y,25,0,1.0,6.9,73.0,6.0,7.226,1,animation,6,US,1
tm1173363,Blippi The Musical,MOVIE,2022,2020,G,60,0,,,,,2.219,0,music,2,,0
tm1002869,Fate: The Winx Saga - The Afterparty,MOVIE,2021,2020,PG-13,50,0,,6.2,72.0,8.9,6.557,1,fantasy,3,GB,2
ts287045,Fatma,SHOW,2021,2020,TV-MA,42,0,1.0,7.4,8396.0,7.4,5.689,1,drama,3,TR,1
tm1001267,Secret Magic Control Agency,MOVIE,2021,2020,Not Rated,103,0,,6.2,4086.0,7.2,47.669,1,comedy,4,RU,2
ts258321,"Ada Twist, Scientist",SHOW,2021,2020,Not Rated,28,0,2.0,6.8,149.0,7.0,2.807,1,family,4,US,1
ts342479,Super PupZ,SHOW,2022,2020,TV-Y7,29,0,1.0,6.6,104.0,10.0,2.232,1,comedy,4,CA,1
ts300274,Cooking With Paris,SHOW,2021,2020,TV-MA,23,0,1.0,5.2,1078.0,6.5,4.578,1,reality,1,US,1
ts271726,Go Dog Go,SHOW,2021,2020,TV-Y,24,0,2.0,7.0,191.0,8.8,8.592,1,animation,2,US,1
tm1218702,Doom of Love,MOVIE,2022,2020,Not Rated,100,0,,4.7,1222.0,8.2,18.35,1,romance,2,TR,1
tm1041543,Breaking Boundaries: The Science of Our Planet,MOVIE,2021,2020,Not Rated,73,0,,7.8,2663.0,7.6,7.679,1,documentation,1,US,1
ts257817,Call My Agent Bollywood,SHOW,2021,2020,TV-MA,48,0,1.0,6.9,6201.0,,3.205,1,comedy,2,IN,1
ts310628,MaveriX,SHOW,2022,2020,TV-G,23,0,1.0,5.8,140.0,8.0,9.568,1,drama,4,AU,1
tm1142517,The Witcher: Fireplace,MOVIE,2021,2020,Not Rated,59,0,,,,5.3,5.05,1,,0,US,1
ts300456,My Unorthodox Life,SHOW,2021,2020,TV-MA,40,0,1.0,5.5,1207.0,7.0,1.772,1,reality,1,US,1
tm1146393,All Hail,MOVIE,2022,2020,Not Rated,118,0,,5.6,3172.0,6.3,84.966,1,drama,2,AR,1
ts302714,The Kingdom,SHOW,2021,2020,TV-MA,45,0,1.0,6.5,1366.0,7.3,5.703,1,crime,2,AR,1
tm1065041,The Seven Deadly Sins: Cursed by Light,MOVIE,2021,2020,PG-13,79,0,,6.4,970.0,7.9,470.787,1,animation,3,JP,1
ts288545,We the People,SHOW,2021,2020,TV-Y7,5,0,1.0,3.6,738.0,4.5,1.43,1,animation,4,US,1
ts299485,A Tale Dark & Grimm,SHOW,2021,2020,TV-Y7,30,0,1.0,7.3,1193.0,7.8,12.989,1,animation,5,ES,2
ts319464,Storybots Laugh Learn Sing,SHOW,2021,2020,Not Rated,0,1,1.0,,,,0.695,0,family,2,,0
tm1132325,Don,MOVIE,2022,2020,Not Rated,164,0,,7.0,6667.0,7.1,2.708,1,romance,4,IN,1
ts301609,Love Is Blind: Brazil,SHOW,2021,2020,TV-MA,56,0,1.0,6.1,445.0,6.4,3.182,1,reality,2,BR,1
tm1038355,The Last Mercenary,MOVIE,2021,2020,Not Rated,110,0,,5.3,8476.0,6.6,108.089,1,action,4,FR,1
tm890013,Lulli,MOVIE,2021,2020,Not Rated,90,0,,4.8,1452.0,5.9,36.942,1,fantasy,3,BR,1
tm1182144,Dancing on Glass,MOVIE,2022,2020,Not Rated,137,0,,5.5,705.0,6.3,104.044,1,drama,2,ES,1
tm1102226,"My Brother, My Sister",MOVIE,2021,2020,Not Rated,110,0,,6.0,957.0,6.5,13.875,1,drama,1,IT,1
tm1000037,Je suis Karl,MOVIE,2021,2020,R,126,0,,5.4,1077.0,5.5,12.981,1,drama,4,CZ,2
ts297065,Tattoo Redo,SHOW,2021,2020,TV-MA,28,0,1.0,5.9,702.0,5.6,3.722,1,reality,1,US,1
tm1084481,Blood Brothers: Malcolm X & Muhammad Ali,MOVIE,2021,2020,PG-13,95,0,,6.9,946.0,7.4,7.921,1,documentation,3,US,1
ts285724,2020,SHOW,2021,2020,TV-14,45,0,2.0,7.9,371.0,9.5,1.63,1,drama,3,LB,1
ts288065,Naomi Osaka,SHOW,2021,2020,TV-14,37,0,1.0,6.2,1301.0,7.5,3.832,1,documentation,2,US,1
tm963182,Trollhunters: Rise of the Titans,MOVIE,2021,2020,Not Rated,104,0,,6.7,4818.0,7.8,88.183,1,animation,6,US,1
tm1114205,Amina,MOVIE,2021,2020,PG-13,120,0,,3.8,311.0,6.4,122.546,1,war,4,NG,1
ts272515,Dealer,SHOW,2021,2020,TV-MA,41,0,1.0,6.1,671.0,7.0,3.65,1,action,4,FR,1
ts343404,Mai: A Mother's Rage,SHOW,2022,2020,TV-MA,48,0,1.0,,,9.2,4.327,1,drama,3,IN,1
tm1073802,Mimi,MOVIE,2021,2020,Not Rated,132,0,,,,7.2,8.333,1,comedy,2,IN,1
tm1129394,The Princess Switch 3: Romancing the Star,MOVIE,2021,2020,PG,106,0,,5.5,5728.0,6.9,39.432,1,comedy,4,US,1
tm949382,Looop Lapeta,MOVIE,2022,2020,Not Rated,131,0,,5.2,4327.0,6.3,286.682,1,romance,5,IN,1
tm1129217,Anonymously Yours,MOVIE,2021,2020,R,101,0,,5.7,1718.0,7.8,43.391,1,drama,2,MX,1
tm1000599,The Last Forest,MOVIE,2021,2020,Not Rated,74,0,,7.3,425.0,7.0,2.176,1,drama,2,BR,1
ts257345,Wild Abandon,SHOW,2022,2020,TV-MA,51,0,1.0,7.1,4976.0,7.6,2.448,1,drama,2,TR,1
tm1188819,Rumspringa,MOVIE,2022,2020,Not Rated,102,0,,5.3,822.0,5.7,6.065,1,drama,3,DE,1
tm1049155,Bordertown: The Mural Murders,MOVIE,2021,2020,Not Rated,107,0,,6.2,2219.0,6.7,69.693,1,crime,2,FI,1
ts291150,Soil,SHOW,2021,2020,TV-MA,48,0,1.0,7.1,710.0,8.0,2.744,1,comedy,2,BE,1
ts320183,Single’s Inferno,SHOW,2021,2020,TV-PG,61,0,2.0,7.1,1608.0,8.3,4.016,1,reality,1,KR,1
ts315144,The Creature Cases,SHOW,2022,2020,TV-Y,29,0,1.0,8.5,88.0,7.0,21.913,1,animation,4,US,1
ts309235,Christmas Flow,SHOW,2021,2020,TV-MA,50,0,1.0,5.7,728.0,6.9,7.289,1,romance,3,FR,1
ts90023,AlRawabi School for Girls,SHOW,2021,2020,TV-14,48,0,2.0,7.3,5863.0,7.4,12.219,1,drama,1,JO,1
ts346034,Blood Sisters,SHOW,2022,2020,TV-MA,57,0,1.0,5.0,867.0,8.7,6.182,1,drama,3,US,2
tm1002408,Biking Borders - eine etwas andere Reise,MOVIE,2021,2020,Not Rated,89,0,,7.7,933.0,7.3,1.129,1,documentation,1,DE,1
ts226392,Sexify,SHOW,2021,2020,TV-MA,44,0,1.0,6.5,5052.0,7.6,11.407,1,comedy,2,PL,1
tm1187638,Ronny Chieng: Speakeasy,MOVIE,2022,2020,Not Rated,60,0,,6.3,1146.0,6.2,3.056,1,comedy,2,US,1
ts287941,Racket Boys,SHOW,2021,2020,TV-14,71,0,1.0,4.0,27566.0,8.7,6.51,1,family,4,KR,1
tm1001108,Biggie: I Got a Story to Tell,MOVIE,2021,2020,R,97,0,,6.8,5028.0,7.2,8.292,1,documentation,2,US,1
ts320407,The Future Diary,SHOW,2021,2020,TV-PG,34,0,2.0,6.8,129.0,8.5,2.677,1,reality,2,JP,1
ts288540,Ray,SHOW,2021,2020,TV-MA,59,0,1.0,7.1,8795.0,6.8,5.791,1,drama,3,IN,1
tm475430,Super Me,MOVIE,2021,2020,Not Rated,102,0,,5.8,1605.0,7.7,41.515,1,action,4,CN,1
tm1125844,The Whole Truth,MOVIE,2021,2020,R,125,0,,5.1,3323.0,6.3,149.152,1,drama,3,TH,1
tm1130995,Jonas Brothers Family Roast,MOVIE,2021,2020,Not Rated,68,0,,5.2,1647.0,7.2,5.159,1,comedy,2,US,1
ts356275,Johnny Test,SHOW,2021,2020,TV-Y,14,0,2.0,6.4,355.0,7.5,5.835,1,comedy,5,US,1
tm980657,The Soul,MOVIE,2021,2020,Not Rated,130,0,,6.6,2791.0,7.2,5.521,1,scifi,3,TW,2
ts311887,New World,SHOW,2021,2020,Not Rated,69,0,1.0,,,7.0,1.762,1,reality,1,KR,1
ts273461,Word of Honor,SHOW,2021,2020,TV-14,43,0,1.0,,,8.7,14.258,1,action,4,CN,1
ts235563,Daughter from Another Mother,SHOW,2021,2020,TV-MA,38,0,2.0,7.2,1812.0,7.5,63.194,1,romance,4,MX,1
tm1201453,"Sing, Dance, Act: Kabuki featuring Toma Ikuta",MOVIE,2022,2020,Not Rated,87,0,,6.9,35.0,7.2,2.73,1,documentation,1,,0
tm993790,40 Love,MOVIE,2021,2020,R,98,0,,,,3.0,1.92,1,comedy,1,MX,2
ts288472,You Are My Spring,SHOW,2021,2020,Not Rated,69,0,1.0,7.4,597.0,8.1,3.911,1,drama,4,KR,1
tm919869,And Tomorrow the Entire World,MOVIE,2021,2020,Not Rated,111,0,,6.0,3172.0,5.7,6.581,1,romance,3,FR,2
tm1022912,One,MOVIE,2021,2020,Not Rated,150,0,,6.5,2672.0,6.5,2.237,1,drama,2,IN,1
ts292662,Johnny Hallyday: Beyond Rock,SHOW,2022,2020,TV-14,35,0,1.0,7.1,120.0,7.0,0.736,1,documentation,2,US,1
ts330012,Eternally Confused and Eager for Love,SHOW,2022,2020,TV-MA,23,0,1.0,6.7,1680.0,6.4,6.09,1,comedy,2,IN,1
ts282155,Zero,SHOW,2021,2020,TV-MA,24,0,1.0,5.6,1302.0,7.6,6.765,1,scifi,5,IT,1
ts188861,Battle Kitty,SHOW,2022,2020,TV-Y7,33,0,1.0,6.3,123.0,8.0,1.639,1,animation,6,US,1
tm454879,Major Grom: Plague Doctor,MOVIE,2021,2020,Not Rated,136,0,,6.3,11939.0,6.7,170.53,1,action,2,RU,1
ts279953,Law School,SHOW,2021,2020,Not Rated,65,0,1.0,8.0,2161.0,8.2,8.117,1,crime,3,KR,1
tm421437,Anne+,MOVIE,2021,2020,Not Rated,94,0,,6.0,1425.0,6.0,7.986,1,drama,1,NL,1
tm1025318,Ajeeb Daastaans,MOVIE,2021,2020,Not Rated,142,0,,6.7,5743.0,6.8,5.751,1,drama,2,IN,1
ts316965,Ridley Jones,SHOW,2021,2020,TV-Y,28,0,3.0,4.6,232.0,8.0,9.494,1,animation,4,US,1
ts270807,"Hello, Me!",SHOW,2021,2020,Not Rated,62,0,1.0,7.2,582.0,7.5,8.511,1,comedy,5,KR,1
ts302058,Everything Will Be Fine,SHOW,2021,2020,TV-MA,29,0,1.0,6.2,342.0,7.3,3.012,1,comedy,2,MX,1
tm1022893,Dynasty Warriors,MOVIE,2021,2020,PG-13,118,0,,4.7,2146.0,6.4,165.339,1,action,2,NZ,2
ts321437,Fishbowl Wives,SHOW,2022,2020,TV-MA,43,0,1.0,6.1,907.0,6.5,27.937,1,drama,2,JP,1
tm1080406,"Barbie: Big City, Big Dreams",MOVIE,2021,2020,Not Rated,62,0,,5.7,305.0,7.022,105.001,1,animation,3,US,1
tm1001095,Roohi,MOVIE,2021,2020,Not Rated,134,0,,4.3,10025.0,4.9,3.119,1,comedy,2,IN,1
ts345779,Barbie: It Takes Two,SHOW,2022,2020,TV-G,21,0,1.0,6.3,33.0,8.3,10.972,1,comedy,3,US,1
ts282214,Let's Fight Ghost,SHOW,2021,2020,TV-14,65,0,1.0,6.7,108.0,9.0,4.859,1,drama,6,TH,1
ts329711,"Love, Life & Everything in Between",SHOW,2022,2020,TV-14,27,0,1.0,5.6,94.0,6.0,3.344,1,comedy,3,MA,5
ts14520,Action Pack,SHOW,2022,2020,TV-Y,28,0,2.0,6.3,86.0,8.2,5.8,1,family,6,US,1
tm985550,Crazy About Her,MOVIE,2021,2020,Not Rated,102,0,,6.6,5435.0,7.2,27.193,1,romance,2,ES,1
tm992279,Confessions of an Invisible Girl,MOVIE,2021,2020,Not Rated,91,0,,5.2,1051.0,6.9,43.041,1,comedy,2,BR,1
ts326029,Savage Rhythm,SHOW,2022,2020,TV-MA,38,0,1.0,6.3,28.0,7.7,82.74,1,drama,2,CO,1
tm998033,Doctor,MOVIE,2021,2020,Not Rated,150,0,,7.5,15385.0,6.7,3.878,1,action,4,IN,1
tm1178876,Battle: Freestyle,MOVIE,2022,2020,Not Rated,88,0,,4.3,382.0,5.2,88.676,1,drama,3,NO,1
tm1115800,Theo Von: Regular People,MOVIE,2021,2020,Not Rated,61,0,,5.1,827.0,7.0,3.436,1,comedy,1,US,1
ts330132,800 Meters,SHOW,2022,2020,TV-MA,53,0,1.0,6.9,560.0,5.0,2.177,1,documentation,2,ES,1
tm975741,Octonauts: The Ring of Fire,MOVIE,2021,2020,G,72,0,,6.4,137.0,6.8,5.576,1,animation,1,CN,2
tm988736,Chris Rock Total Blackout: The Tamborine Extended Cut,MOVIE,2021,2020,PG-13,97,0,,7.1,341.0,,1.4,1,comedy,1,,0
tm1120937,Montford: The Chickasaw Rancher,MOVIE,2021,2020,Not Rated,96,0,,6.6,719.0,6.0,4.098,1,western,3,US,1
tm859256,Red,MOVIE,2021,2020,Not Rated,146,0,,,,7.8,4.828,1,thriller,3,IN,1
ts297763,Myth and Mogul: John DeLorean,SHOW,2021,2020,TV-14,44,0,1.0,6.8,1056.0,6.9,3.793,1,documentation,2,US,1
ts61384,My Love: Six Stories of True Love,SHOW,2021,2020,TV-PG,70,0,1.0,7.5,291.0,5.0,1.265,1,reality,3,US,1
ts321084,Framed! A Sicilian Murder Mystery,SHOW,2022,2020,TV-MA,31,0,1.0,6.8,964.0,7.1,2.556,1,comedy,2,IT,1
tm989672,Creating The Queen's Gambit,MOVIE,2021,2020,PG-13,14,0,,6.9,609.0,8.0,10.374,1,documentation,1,US,1
tm1024062,Nayattu,MOVIE,2021,2020,Not Rated,124,0,,8.1,7040.0,7.7,2.432,1,thriller,3,IN,1
ts297031,Transformers: War for Cybertron: Kingdom,SHOW,2021,2020,TV-Y7,25,0,1.0,,,8.1,8.346,1,action,2,US,1
tm1198504,Ghost in the Shell: SAC_2045 Sustainable War,MOVIE,2021,2020,R,118,0,,,,6.9,6.36,1,action,3,JP,1
tm1143258,Hey! Sinamika,MOVIE,2022,2020,Not Rated,150,0,,6.0,3246.0,6.9,3.755,1,drama,2,IN,1
ts272092,Canine Intervention,SHOW,2021,2020,TV-14,36,0,1.0,6.5,892.0,7.0,5.511,1,documentation,2,US,1
tm1200703,Christina P: Mom Genes,MOVIE,2022,2020,Not Rated,62,0,,5.8,605.0,6.8,2.244,1,comedy,2,,0
tm1077013,Memories of a Murderer: The Nilsen Tapes,MOVIE,2021,2020,R,84,0,,6.3,3301.0,6.2,5.426,1,documentation,2,GB,1
tm1031186,Heroes: Silence and Rock & Roll,MOVIE,2021,2020,Not Rated,94,0,,7.5,668.0,8.6,14.086,1,documentation,2,ES,1
ts287741,"Fresh, Fried & Crispy",SHOW,2021,2020,TV-PG,25,0,1.0,6.2,631.0,7.8,2.407,1,documentation,2,US,1
tm1237253,My Little Pony: A New Generation: Sing-Along,MOVIE,2022,2020,Not Rated,90,0,,,,,,0,,0,,0
ts288832,I Heart Arlo,SHOW,2021,2020,TV-Y7,15,0,1.0,6.9,216.0,8.2,3.874,1,animation,3,US,1
tm1082359,Phil Wang: Philly Philly Wang Wang,MOVIE,2021,2020,Not Rated,63,0,,6.1,632.0,6.6,2.353,1,comedy,1,GB,1
tm1040688,Three Songs for Benazir,MOVIE,2021,2020,Not Rated,22,0,,7.7,,6.4,3.333,1,drama,1,AF,1
tm985712,"Strip Down, Rise Up",MOVIE,2021,2020,R,112,0,,5.2,656.0,7.0,15.961,1,documentation,1,US,1
ts301964,Revelations: The Masters of the Universe: Revelation Aftershow,SHOW,2021,2020,TV-PG,25,0,1.0,,,2.0,1.38,1,action,2,US,1
tm1027712,This Little Love of Mine,MOVIE,2021,2020,G,91,0,,5.3,2514.0,6.2,12.97,1,romance,2,AU,1
tm1102151,Bright: Samurai Soul,MOVIE,2021,2020,PG-13,80,0,,5.5,830.0,5.8,39.563,1,fantasy,4,JP,1
tm1065788,Last Summer,MOVIE,2021,2020,Not Rated,101,0,,6.3,2878.0,5.9,33.733,1,drama,2,TR,1
ts296201,Elize Matsunaga: Once Upon a Crime,SHOW,2021,2020,TV-MA,49,0,1.0,5.9,2152.0,6.4,5.124,1,crime,2,BR,1
ts297058,The Snitch Cartel: Origins,SHOW,2021,2020,TV-MA,47,0,1.0,5.6,189.0,7.8,243.02,1,crime,2,CO,1
tm1162608,40 Years Young,MOVIE,2022,2020,Not Rated,81,0,,4.3,461.0,6.1,143.507,1,comedy,1,MX,1
tm979182,Red Dot,MOVIE,2021,2020,Not Rated,86,0,,5.5,13322.0,5.9,54.3,1,thriller,3,SE,1
ts282840,Worn Stories,SHOW,2021,2020,TV-MA,30,0,1.0,6.7,313.0,7.0,2.484,1,documentation,1,US,1
ts268220,The Houseboat,SHOW,2021,2020,Not Rated,36,0,1.0,,,7.0,2.119,1,documentation,1,DE,1
ts306135,"Vendetta: Truth, Lies and The Mafia",SHOW,2021,2020,TV-MA,0,1,1.0,6.7,232.0,6.6,1.405,1,documentation,3,,0
ts268103,Reflection of You,SHOW,2021,2020,Not Rated,72,0,1.0,,,7.4,4.899,1,drama,1,KR,1
ts352881,DI4RI,SHOW,2022,2020,Not Rated,28,0,1.0,7.3,26.0,3.8,1.556,1,family,1,IT,1
tm1070032,Black Island,MOVIE,2021,2020,Not Rated,105,0,,5.2,2788.0,6.0,62.875,1,thriller,2,DE,1
ts328617,Too Hot to Handle: Brazil,SHOW,2021,2020,TV-MA,56,0,1.0,5.4,457.0,7.1,8.147,1,reality,2,BR,1
tm1152224,Love Tactics,MOVIE,2022,2020,Not Rated,97,0,,5.2,3774.0,6.9,56.074,1,comedy,2,TR,1
tm1217689,Yuri Marçal: Honest Mistake,MOVIE,2022,2020,Not Rated,59,0,,6.1,41.0,7.5,1.967,1,comedy,2,,0
ts72196,Swap Shop,SHOW,2021,2020,TV-14,30,0,2.0,6.6,355.0,6.7,1.554,1,reality,1,US,1
ts307981,Scaredy Cats,SHOW,2021,2020,TV-G,29,0,1.0,6.2,349.0,6.9,7.585,1,scifi,4,US,1
tm1074621,Bridgerton - The Afterparty,MOVIE,2021,2020,Not Rated,38,0,,,,,,0,,0,US,1
ts188367,Bombay Begums,SHOW,2021,2020,TV-MA,49,0,1.0,5.2,4884.0,8.3,2.475,1,drama,1,IN,1
tm990983,Paper Lives,MOVIE,2021,2020,Not Rated,96,0,,6.6,12034.0,8.2,21.221,1,drama,1,TR,1
tm1094069,The Women and the Murderer,MOVIE,2021,2020,PG-13,92,0,,6.4,1237.0,6.2,9.08,1,documentation,2,FR,1
tm1037704,Resort to Love,MOVIE,2021,2020,PG,101,0,,5.7,5771.0,7.3,42.837,1,romance,2,US,1
tm902870,7 Yards: The Chris Norton Story,MOVIE,2021,2020,Not Rated,93,0,,7.8,258.0,7.3,1.788,1,documentation,1,US,1
tm1165118,UFO,MOVIE,2022,2020,Not Rated,109,0,,4.7,784.0,5.9,31.008,1,drama,3,TR,1
tm948681,Below Zero,MOVIE,2021,2020,Not Rated,106,0,,6.2,19201.0,6.4,49.755,1,action,5,ES,1
ts331654,Pedal to Metal,SHOW,2022,2020,TV-MA,0,1,1.0,7.7,59.0,6.6,5.668,1,drama,4,MX,1
ts283614,Haunted: Latin America,SHOW,2021,2020,TV-14,34,0,1.0,5.3,579.0,7.3,71.946,1,horror,2,MX,1
tm960430,Child of Kamiari Month,MOVIE,2021,2020,Not Rated,99,0,,5.8,751.0,6.3,6.608,1,fantasy,4,JP,1
tm954297,The Secret Diary of an Exchange Student,MOVIE,2021,2020,Not Rated,96,0,,5.3,890.0,6.6,6.139,1,comedy,2,BR,1
tm1107848,Making Malinche: A Documentary by Nacho Cano,MOVIE,2021,2020,Not Rated,89,0,,5.1,34.0,,1.557,1,documentation,2,,0
ts319460,Russell Howard: Lubricant,SHOW,2021,2020,Not Rated,63,0,1.0,7.1,828.0,5.3,1.546,1,comedy,1,GB,1
tm997608,Hate by Dani Rovira,MOVIE,2021,2020,PG-13,82,0,,6.7,422.0,7.4,11.023,1,comedy,1,ES,1
ts287853,Coyotes,SHOW,2021,2020,Not Rated,45,0,1.0,5.2,308.0,6.8,4.707,1,drama,1,BE,2
tm950360,The Yin Yang Master,MOVIE,2021,2020,Not Rated,113,0,,,,6.8,20.188,1,romance,2,CN,1
ts288064,Somos.,SHOW,2021,2020,TV-MA,52,0,1.0,7.1,1138.0,7.7,25.704,1,drama,3,MX,1
ts305890,Too Hot to Handle: Latino,SHOW,2021,2020,TV-14,36,0,1.0,5.4,284.0,7.3,12.408,1,reality,2,MX,1
ts304690,Remember You,SHOW,2021,2020,TV-MA,67,0,1.0,7.5,78.0,7.0,3.202,1,action,4,TH,1
tm1107912,American Girl,MOVIE,2021,2020,Not Rated,101,0,,7.1,1221.0,6.6,2.57,1,drama,2,TW,1
tm813372,Etharkkum Thunindhavan,MOVIE,2022,2020,Not Rated,151,0,,6.6,11591.0,,,1,thriller,4,IN,1
tm1001619,Man in Love,MOVIE,2021,2020,Not Rated,115,0,,6.9,1744.0,7.3,3.611,1,romance,2,TW,1
tm1025493,Dasvi,MOVIE,2022,2020,Not Rated,125,0,,7.4,21050.0,5.7,3.327,1,comedy,2,IN,1
tm1087383,JJ+E,MOVIE,2021,2020,Not Rated,90,0,,5.3,1724.0,5.4,31.532,1,drama,2,SE,1
tm1147890,The Hand of God: Through the Eyes of Sorrentino,MOVIE,2021,2020,Not Rated,8,0,,7.1,10.0,6.4,2.118,1,documentation,1,IT,1
tm983722,Prime Time,MOVIE,2021,2020,R,93,0,,5.2,1796.0,5.1,19.187,1,thriller,2,PL,1
tm886188,Caught by a Wave,MOVIE,2021,2020,Not Rated,99,0,,5.7,1289.0,6.7,24.706,1,romance,3,IT,1
tm1101878,Honey Girls,MOVIE,2021,2020,PG,90,0,,4.7,173.0,5.1,4.527,1,family,3,US,1
tm1183542,Mishan Impossible,MOVIE,2022,2020,Not Rated,129,0,,6.8,691.0,7.2,2.884,1,thriller,4,IN,1
ts229537,The New Adventures of Oggy,SHOW,2021,2020,TV-Y,22,0,1.0,6.6,40.0,,3.219,1,comedy,4,US,1
tm960145,Spoiled Brats,MOVIE,2021,2020,Not Rated,95,0,,6.1,5688.0,6.3,74.388,1,comedy,1,FR,1
ts267062,Jiva!,SHOW,2021,2020,TV-MA,41,0,1.0,5.5,267.0,7.8,13.142,1,drama,1,ZA,1
ts254956,So Not Worth It,SHOW,2021,2020,Not Rated,32,0,1.0,,,8.0,24.656,1,drama,2,KR,1
tm810657,Uppena,MOVIE,2021,2020,Not Rated,147,0,,,,6.3,4.709,1,drama,1,IN,1
tm876083,Xtreme,MOVIE,2021,2020,Not Rated,111,0,,5.8,4351.0,6.6,31.451,1,action,5,ES,1
ts305732,Metal Shop Masters,SHOW,2021,2020,TV-MA,33,0,1.0,5.7,561.0,6.3,2.822,1,reality,1,US,1
ts313902,Your Life is a Joke,SHOW,2021,2020,TV-MA,37,0,1.0,5.4,87.0,3.0,0.76,1,comedy,2,DE,1
tm1102856,The Four of Us,MOVIE,2021,2020,Not Rated,88,0,,5.3,1036.0,5.5,15.115,1,romance,3,DE,1
ts302653,Light the Night,SHOW,2021,2020,TV-MA,59,0,3.0,7.4,1054.0,8.9,17.328,1,drama,3,TW,1
tm462311,Latte and the Magic Waterstone,MOVIE,2022,2020,Not Rated,82,0,,5.6,955.0,6.4,33.97,1,animation,4,BE,2
tm855340,Thalaivii,MOVIE,2021,2020,G,153,0,,5.9,30621.0,5.0,2.301,1,drama,1,IN,1
ts326955,The Fame Game,SHOW,2022,2020,Not Rated,44,0,1.0,,,7.0,3.551,1,drama,1,IN,1
tm1000185,Squared Love,MOVIE,2021,2020,Not Rated,102,0,,5.1,3158.0,6.1,14.92,1,comedy,2,PL,1
tm1030283,Why Did You Kill Me?,MOVIE,2021,2020,R,83,0,,5.6,4175.0,6.2,14.666,1,crime,2,US,1
tm1040337,Security,MOVIE,2021,2020,Not Rated,118,0,,4.9,1989.0,5.7,25.561,1,thriller,1,IT,1
ts306188,Motel Makeover,SHOW,2021,2020,Not Rated,30,0,1.0,4.9,720.0,5.0,1.425,1,reality,1,CA,1
tm1039422,Nail Bomber: Manhunt,MOVIE,2021,2020,Not Rated,72,0,,6.3,2142.0,6.6,9.516,1,crime,3,GB,1
ts308516,"Young, Famous & African",SHOW,2022,2020,TV-MA,43,0,1.0,4.4,417.0,9.3,5.222,1,reality,1,ZA,1
ts329882,Secrets of Summer,SHOW,2022,2020,TV-Y,30,0,1.0,5.9,131.0,8.4,5.03,1,drama,3,ES,1
tm1006127,Arlo the Alligator Boy,MOVIE,2021,2020,Not Rated,90,0,,6.4,1105.0,6.9,17.89,1,animation,3,US,1
ts317064,Where Is Marta?,SHOW,2021,2020,Not Rated,63,0,1.0,6.8,1267.0,7.4,2.99,1,crime,2,ES,1
tm1196455,The Photographer: Murder in Pinamar,MOVIE,2022,2020,Not Rated,105,0,,6.7,494.0,7.2,49.939,1,documentation,2,AR,1
tm990972,The Last Paradiso,MOVIE,2021,2020,Not Rated,107,0,,5.6,1350.0,5.9,16.792,1,drama,2,IT,1
ts232506,50M2,SHOW,2021,2020,TV-MA,49,0,1.0,6.9,5645.0,7.5,7.607,1,comedy,4,TR,1
tm1074622,Cobra Kai - The Afterparty,MOVIE,2021,2020,Not Rated,34,0,,,,,1.4,0,,0,US,1
ts330289,Smother-In-Law,SHOW,2022,2020,TV-MA,25,0,1.0,4.2,130.0,9.4,2.507,1,comedy,1,BR,1
tm1063013,The Father Who Moves Mountains,MOVIE,2021,2020,PG-13,108,0,,5.5,3472.0,6.0,19.955,1,thriller,2,SE,2
tm996040,Forever Out of My League,MOVIE,2022,2020,Not Rated,104,0,,5.3,463.0,5.7,61.008,1,romance,3,IT,1
tm945283,Hand Rolled Cigarette,MOVIE,2021,2020,Not Rated,100,0,,,,5.3,3.191,1,thriller,1,HK,1
tm1075596,Monster Hunter: Legends of the Guild,MOVIE,2021,2020,PG-13,58,0,,,,5.7,16.28,1,fantasy,3,US,1
ts311958,The Hungry and the Hairy,SHOW,2021,2020,TV-14,63,0,1.0,7.5,243.0,8.0,3.132,1,reality,1,KR,1
tm979688,Homunculus,MOVIE,2021,2020,Not Rated,119,0,,5.5,2749.0,5.88,14.111,1,thriller,3,JP,1
tm1033803,Searching for Sheela,MOVIE,2021,2020,Not Rated,58,0,,4.3,1360.0,5.9,5.135,1,documentation,2,IN,1
ts302570,John of God: The Crimes of a Spiritual Healer,SHOW,2021,2020,TV-MA,50,0,1.0,6.5,826.0,7.8,1.812,1,crime,2,BR,1
tm1038096,Carnaval,MOVIE,2021,2020,Not Rated,94,0,,4.0,914.0,5.1,27.733,1,comedy,1,BR,1
ts285854,Till Death,SHOW,2021,2020,TV-MA,53,0,2.0,,,6.7,27.741,1,drama,1,LB,1
ts343426,Senzo: Murder of a Soccer Star,SHOW,2022,2020,TV-MA,42,0,1.0,5.2,187.0,10.0,2.052,1,crime,3,ZA,2
tm1031448,Barbie & Chelsea: The Lost Birthday,MOVIE,2021,2020,Not Rated,60,0,,,,7.1,69.565,1,animation,1,US,1
tm1195428,All About Gila,MOVIE,2022,2020,Not Rated,76,0,,4.2,79.0,5.6,2.75,1,comedy,1,,0
tm1039168,Cinema Bandi,MOVIE,2021,2020,Not Rated,98,0,,7.9,2488.0,7.4,1.609,1,drama,2,IN,1
tm1164320,Behind the Scenes With Jane Campion,MOVIE,2022,2020,Not Rated,17,0,,,,7.0,2.958,1,documentation,1,US,1
tm904862,Just Say Yes,MOVIE,2021,2020,Not Rated,97,0,,4.5,1968.0,6.533,47.626,1,comedy,2,NL,1
tm926580,A Family,MOVIE,2021,2020,R,136,0,,7.0,2268.0,7.2,4.822,1,crime,2,JP,1
tm1017664,Baggio: The Divine Ponytail,MOVIE,2021,2020,Not Rated,91,0,,6.1,4427.0,6.5,11.747,1,sport,2,IT,1
tm977620,Asakusa Kid,MOVIE,2021,2020,Not Rated,123,0,,7.1,1223.0,6.8,51.832,1,drama,1,JP,1
tm1118822,Sex: Unzipped,MOVIE,2021,2020,Not Rated,59,0,,2.5,411.0,3.8,3.031,1,comedy,2,US,1
tm1185568,Broken Idol: The Undoing of Diomedes Díaz,MOVIE,2022,2020,R,102,0,,6.3,178.0,7.333,36.234,1,documentation,2,CO,1
ts310331,Twenty Somethings: Austin,SHOW,2021,2020,TV-MA,32,0,1.0,5.9,462.0,1.5,2.018,1,reality,1,US,1
tm1110205,This Is Not a Comedy,MOVIE,2021,2020,Not Rated,105,0,,4.9,339.0,6.2,41.331,1,comedy,2,MX,1
tm1119455,Camp Confidential: America's Secret Nazis,MOVIE,2021,2020,PG-13,34,0,,6.3,,7.1,14.501,1,documentation,3,US,1
ts293346,Race: Bubba Wallace,SHOW,2022,2020,TV-MA,47,0,1.0,5.9,453.0,5.7,2.052,1,documentation,2,US,1
tm1137797,137 Shots,MOVIE,2021,2020,R,104,0,,6.2,869.0,6.9,2.992,1,documentation,2,,0
tm1172947,Toolsidas Junior,MOVIE,2022,2020,Not Rated,130,0,,7.5,1783.0,7.0,3.468,1,drama,3,IN,1
ts285422,Newton's Cradle,SHOW,2021,2020,TV-14,41,0,1.0,8.0,1641.0,8.5,3.996,1,drama,2,EG,1
tm942277,Accomplice,MOVIE,2021,2020,Not Rated,52,0,,7.2,380.0,7.8,3.384,1,documentation,1,US,2
tm1102570,Swallow,MOVIE,2021,2020,Not Rated,128,0,,3.5,187.0,4.8,22.059,1,drama,3,,0
tm856634,Jagame Thandhiram,MOVIE,2021,2020,Not Rated,158,0,,5.8,11731.0,6.4,12.421,1,comedy,5,GB,2
tm1174919,Mike Epps: Indiana Mike,MOVIE,2022,2020,Not Rated,58,0,,4.2,224.0,2.0,1.89,1,comedy,2,,0
ts304709,Bake Squad,SHOW,2021,2020,TV-PG,35,0,1.0,6.9,690.0,7.7,3.028,1,family,2,US,1
tm1031499,Get the Grift,MOVIE,2021,2020,Not Rated,94,0,,5.3,748.0,6.5,20.388,1,crime,2,BR,1
tm1143058,How I Fell in Love with a Gangster,MOVIE,2022,2020,Not Rated,179,0,,6.0,2248.0,6.7,29.595,1,drama,2,PL,1
tm1152323,Ms. Pat: Y'all Wanna Hear Something Crazy?,MOVIE,2022,2020,R,54,0,,5.9,166.0,7.0,2.646,1,comedy,1,US,1
tm963023,Chandigarh Kare Aashiqui,MOVIE,2021,2020,Not Rated,117,0,,6.8,13203.0,6.7,3.723,1,romance,4,IN,1
tm1166429,Whindersson Nunes: My Own Show!,MOVIE,2022,2020,Not Rated,63,0,,7.0,251.0,7.4,3.444,1,comedy,2,BR,1
tm1068692,Emicida AmarElo Live in Sao Paulo,MOVIE,2021,2020,Not Rated,99,0,,7.6,44.0,9.8,1.88,1,documentation,2,BR,1
tm983466,"Crack: Cocaine, Corruption & Conspiracy",MOVIE,2021,2020,Not Rated,89,0,,6.7,3324.0,6.6,13.076,1,documentation,3,US,1
tm1003376,Get the Goat,MOVIE,2021,2020,Not Rated,105,0,,6.0,1784.0,6.9,16.027,1,comedy,3,BR,1
tm872496,Autumn Girl,MOVIE,2021,2020,Not Rated,105,0,,5.4,560.0,6.0,4.521,1,drama,2,PL,1
tm1159300,Heart Shot,MOVIE,2022,2020,PG-13,18,0,,,,5.4,88.76,1,romance,1,,0
tm1191019,Hold Your Breath: The Ice Dive,MOVIE,2022,2020,Not Rated,40,0,,,,6.7,28.07,1,documentation,1,,0
tm1027297,Time,MOVIE,2021,2020,Not Rated,98,0,,,,7.0,1.881,1,comedy,2,HK,1
tm1000296,New Gods: Nezha Reborn,MOVIE,2021,2020,Not Rated,116,0,,6.8,3150.0,8.2,3.078,1,animation,3,CN,1
tm861018,Sweet & Sour,MOVIE,2021,2020,Not Rated,102,0,,6.7,2508.0,7.8,57.384,1,comedy,2,KR,1
tm1160484,Donkeyhead,MOVIE,2022,2020,Not Rated,106,0,,6.1,263.0,5.0,1.164,1,drama,1,,0
tm1037519,The Guide to the Perfect Family,MOVIE,2021,2020,Not Rated,102,0,,6.4,1668.0,6.6,26.085,1,comedy,2,CA,1
tm1063034,The Wonderful: Stories from the Space Station,MOVIE,2021,2020,Not Rated,129,0,,,,7.0,1.983,1,documentation,1,US,1
ts272669,Waffles + Mochi,SHOW,2021,2020,TV-Y,28,0,1.0,7.3,479.0,6.9,2.959,1,family,1,US,1
tm859005,Today We Fix the World,MOVIE,2022,2020,Not Rated,113,0,,6.2,925.0,6.8,7.384,1,comedy,2,AR,1
tm1147172,The Characters of the Continent,MOVIE,2021,2020,Not Rated,9,0,,6.6,61.0,,1.563,1,documentation,1,US,1
tm1028026,Irul,MOVIE,2021,2020,Not Rated,91,0,,5.8,3084.0,5.7,1.886,1,thriller,1,IN,1
tm1021689,The Door Into Summer,MOVIE,2021,2020,Not Rated,118,0,,6.3,696.0,,,1,scifi,1,,0
tm1106551,One Night in Paris,MOVIE,2021,2020,Not Rated,64,0,,4.5,79.0,5.8,3.59,1,comedy,1,FR,1
ts273275,Marriage or Mortgage,SHOW,2021,2020,TV-G,40,0,1.0,5.1,442.0,10.0,2.338,1,reality,1,US,1
tm1202960,Chris Distefano: Speshy Weshy,MOVIE,2022,2020,Not Rated,36,0,,6.4,437.0,6.8,1.928,1,comedy,1,,0
tm867681,Haseen Dillruba,MOVIE,2021,2020,Not Rated,135,0,,6.9,26194.0,6.4,15.216,1,romance,4,IN,1
tm1173806,Night Drive,MOVIE,2022,2020,Not Rated,118,0,,,,7.8,1.838,1,thriller,2,IN,1
ts286218,The Rational Life,SHOW,2021,2020,Not Rated,45,0,1.0,8.1,474.0,9.0,14.338,1,drama,2,CN,1
tm960924,Kuthiraivaal,MOVIE,2021,2020,Not Rated,125,0,,5.6,233.0,,,1,drama,1,IN,1
tm1127511,Only You,MOVIE,2021,2020,Not Rated,110,0,,6.5,73.0,6.0,2.083,1,comedy,3,PH,1
ts289757,Crime Stories: India Detectives,SHOW,2021,2020,TV-MA,47,0,1.0,7.1,983.0,7.5,1.246,1,documentation,2,IN,1
tm1204317,Godspeed,MOVIE,2022,2020,Not Rated,119,0,,6.5,1730.0,7.1,43.691,1,drama,1,TR,1
tm1040832,Mommy Issues,MOVIE,2021,2020,Not Rated,89,0,,5.4,39.0,1.0,2.324,1,comedy,1,PH,1
tm1037687,Dancing Queens,MOVIE,2021,2020,Not Rated,110,0,,5.6,1747.0,5.9,23.443,1,drama,2,SE,1
tm981676,Double Dad,MOVIE,2021,2020,Not Rated,103,0,,5.6,1290.0,6.7,12.143,1,comedy,3,BR,1
tm1165244,Into the Wind,MOVIE,2022,2020,Not Rated,108,0,,5.2,864.0,5.237,24.571,1,comedy,4,PL,1
tm1111595,A California Christmas: City Lights,MOVIE,2021,2020,PG-13,105,0,,5.5,2231.0,6.6,19.813,1,comedy,3,US,1
tm1089593,Breaded Life,MOVIE,2021,2020,Not Rated,120,0,,7.7,65.0,10.0,1.96,1,comedy,3,NG,1
tm995613,Animals on the Loose: A You vs. Wild Interactive Movie,MOVIE,2021,2020,Not Rated,45,0,,5.8,949.0,5.7,3.105,1,action,2,,0
tm1150800,Amandla,MOVIE,2022,2020,Not Rated,106,0,,5.5,391.0,6.8,2.709,1,drama,2,CA,2
tm989502,Wish You,MOVIE,2021,2020,Not Rated,101,0,,6.4,900.0,8.0,6.996,1,drama,3,KR,1
tm1088320,Father Christmas Is Back,MOVIE,2021,2020,PG-13,104,0,,4.5,5658.0,4.7,30.921,1,comedy,1,GB,1
tm1038857,Lady Boss: The Jackie Collins Story,MOVIE,2021,2020,Not Rated,96,0,,6.8,401.0,,2.614,1,documentation,1,GB,2
tm1011188,Meskina,MOVIE,2021,2020,Not Rated,98,0,,5.6,913.0,6.2,4.612,1,comedy,2,NL,1
tm1023388,Madame Claude,MOVIE,2021,2020,Not Rated,112,0,,5.4,3402.0,5.8,15.666,1,crime,3,FR,1
tm1049290,In for a Murder,MOVIE,2021,2020,Not Rated,105,0,,5.3,1484.0,5.7,62.599,1,comedy,5,PL,1
tm1159301,Forgive Us Our Trespasses,MOVIE,2022,2020,PG-13,13,0,,6.5,,6.3,37.229,1,war,2,US,1
tm1207715,Larva Pendant,MOVIE,2022,2020,Not Rated,33,0,,,,7.0,467.11,1,comedy,3,,0
ts273245,Dad Stop Embarrassing Me!,SHOW,2021,2020,TV-14,26,0,1.0,4.1,1882.0,7.5,7.369,1,comedy,2,US,1
tm1049083,Trese After Dark,MOVIE,2021,2020,PG-13,36,0,,,,7.5,2.792,1,documentation,1,PH,1
tm1030241,Kurup,MOVIE,2021,2020,Not Rated,155,0,,7.1,12251.0,6.1,3.893,1,thriller,2,IN,1
tm1073555,Thimmarusu: Assignment Vali,MOVIE,2021,2020,Not Rated,127,0,,7.2,1544.0,7.7,1.932,1,crime,3,IN,1
tm1044137,Headspace Unwind you Mind,MOVIE,2021,2020,G,15,0,,7.2,132.0,7.2,6.434,1,animation,2,US,1
tm1116525,Just Short of Perfect,MOVIE,2021,2020,Not Rated,94,0,,5.3,1007.0,6.2,15.364,1,comedy,2,BR,1
tm1019865,Wild Dog,MOVIE,2021,2020,Not Rated,145,0,,6.1,2283.0,5.9,3.231,1,thriller,3,IN,1
tm990740,What Would Sophia Loren Do?,MOVIE,2021,2020,Not Rated,33,0,,,,6.7,3.934,1,documentation,1,US,1
tm1041329,One Second,MOVIE,2021,2020,Not Rated,88,0,,4.7,378.0,8.0,1.96,1,comedy,2,EG,1
tm1013111,1000 Miles from Christmas,MOVIE,2021,2020,Not Rated,102,0,,5.7,1502.0,6.3,16.617,1,comedy,4,ES,1
tm1027639,Annaatthe,MOVIE,2021,2020,Not Rated,163,0,,4.0,9643.0,7.1,3.922,1,drama,3,IN,1
ts314962,Stories of a Generation - with Pope Francis,SHOW,2021,2020,TV-14,46,0,1.0,7.4,216.0,7.5,1.71,1,documentation,1,IT,1
ts357345,Street Food: USA,SHOW,2022,2020,TV-MA,32,0,1.0,,,,15.919,0,documentation,1,US,1
tm1128292,Michael Che: Shame the Devil,MOVIE,2021,2020,Not Rated,58,0,,6.4,1091.0,7.2,3.478,1,comedy,1,,0
tm869475,Pagglait,MOVIE,2021,2020,Not Rated,114,0,,6.9,9287.0,7.1,3.997,1,comedy,2,IN,1
tm1179579,In Good Hands,MOVIE,2022,2020,Not Rated,104,0,,5.6,2618.0,6.7,8.29,1,drama,4,TR,1
tm1040733,In Our Mothers' Gardens,MOVIE,2021,2020,Not Rated,84,0,,8.6,132.0,,2.079,1,documentation,1,US,1
tm1080114,Hostage House,MOVIE,2021,2020,Not Rated,90,0,,3.9,860.0,6.8,4.731,1,thriller,1,US,1
tm983730,Amy Tan: Unintended Memoir,MOVIE,2021,2020,Not Rated,101,0,,7.7,321.0,8.3,4.121,1,documentation,1,US,1
tm1067260,Tughlaq Durbar,MOVIE,2021,2020,Not Rated,145,0,,5.4,1605.0,6.9,2.386,1,drama,3,IN,1
tm1082515,Untold: Caitlyn Jenner,MOVIE,2021,2020,R,69,0,,6.4,2456.0,6.6,4.431,1,documentation,2,US,1
ts297132,Brave Animated Series,SHOW,2021,2020,TV-MA,26,0,1.0,7.0,6.0,5.0,4.271,1,action,2,TW,1
ts330422,Team Zenko Go,SHOW,2022,2020,TV-Y,20,0,1.0,7.8,33.0,7.0,2.104,1,action,3,US,1
tm1142245,Kadaseela Biriyani,MOVIE,2021,2020,Not Rated,115,0,,7.5,1315.0,7.7,1.627,1,drama,3,IN,1
tm1109843,Meenakshi Sundareshwar,MOVIE,2021,2020,Not Rated,141,0,,7.1,17366.0,5.2,2.223,1,romance,2,IN,1
ts296581,The Mystic River,SHOW,2021,2020,TV-14,40,0,1.0,5.8,5.0,,1.441,1,horror,1,US,1
ts322267,The Big Shot Game Show,SHOW,2022,2020,Not Rated,49,0,1.0,6.2,26.0,10.0,1.011,1,reality,1,BR,1
tm1092075,Forever Rich,MOVIE,2021,2020,R,90,0,,5.5,1025.0,6.0,17.216,1,crime,5,NL,1
tm1092309,We Couldn't Become Adults,MOVIE,2021,2020,Not Rated,124,0,,6.4,706.0,6.3,10.432,1,drama,2,JP,1
tm886193,Laabam,MOVIE,2021,2020,Not Rated,144,0,,3.4,799.0,5.0,2.339,1,drama,2,IN,1
ts272422,Buried by the Bernards,SHOW,2021,2020,TV-14,25,0,1.0,7.2,350.0,7.7,1.884,1,reality,1,US,1
tm1124066,Carlos Ballarta: False Prophet,MOVIE,2021,2020,Not Rated,63,0,,6.7,132.0,5.2,3.738,1,comedy,1,MX,1
tm1171107,Surviving Paradise: A Family Tale,MOVIE,2022,2020,Not Rated,78,0,,7.5,612.0,6.6,47.257,1,documentation,1,GB,2
tm1104252,Escape the Undertaker,MOVIE,2021,2020,Not Rated,31,0,,4.2,926.0,5.1,54.755,1,thriller,4,US,1
ts308053,Jailbirds New Orleans,SHOW,2021,2020,TV-MA,41,0,1.0,6.6,214.0,7.0,1.96,1,documentation,2,US,1
tm1038364,Ghost Lab,MOVIE,2021,2020,Not Rated,117,0,,5.1,1424.0,6.5,50.322,1,thriller,4,TH,1
tm1022280,Maha Samudram,MOVIE,2021,2020,Not Rated,152,0,,,,6.3,1.855,1,drama,1,IN,1
tm1180743,Hikaru Utada - Live Sessions From Air Studios,MOVIE,2022,2020,Not Rated,60,0,,,,,1.416,0,music,1,,0
ts316882,Reasonable Doubt: A Tale of Two Kidnappings,SHOW,2021,2020,TV-MA,47,0,1.0,7.6,195.0,7.0,3.497,1,crime,2,MX,1
tm998238,The Humans & the Mongoose,MOVIE,2021,2020,Not Rated,120,0,,5.4,995.0,5.0,3.781,1,comedy,3,EG,1
tm1064988,Zero to Hero,MOVIE,2021,2020,Not Rated,103,0,,6.7,842.0,7.4,4.779,1,drama,2,HK,1
ts296698,Glimpses of a Future,SHOW,2021,2020,TV-PG,4,0,1.0,,,,0.6,0,,0,,0
tm1143319,The Witcher Season One Recap: From the Beginning,MOVIE,2021,2020,Not Rated,15,0,,,,6.1,15.189,1,,0,,0
tm1119172,Puff: Wonders of the Reef,MOVIE,2021,2020,PG,59,0,,7.1,796.0,7.8,20.188,1,documentation,2,AU,2
ts241296,Finding Ola,SHOW,2022,2020,TV-14,53,0,1.0,7.5,1572.0,,,1,comedy,2,,0
tm1095880,You vs. Wild: Out Cold,MOVIE,2021,2020,Not Rated,25,0,,5.4,309.0,6.1,3.864,1,action,1,US,1
tm1055586,Lethal Love,MOVIE,2021,2020,Not Rated,87,0,,4.4,233.0,,,1,thriller,1,,0
tm1118234,Lords of Scam,MOVIE,2021,2020,R,105,0,,6.3,641.0,6.7,9.583,1,documentation,2,FR,1
ts286386,The Big Day,SHOW,2021,2020,TV-MA,43,0,2.0,4.7,332.0,6.0,1.92,1,reality,2,US,1
tm1036542,Shadow and Bone - The Afterparty,MOVIE,2021,2020,R,32,0,,,,7.8,1.667,1,,0,HU,2
ts319303,He's Expecting,SHOW,2022,2020,TV-PG,26,0,1.0,2.0,3019.0,4.0,11.314,1,drama,4,JP,1
tm1119015,Love Like the Falling Petals,MOVIE,2022,2020,Not Rated,128,0,,6.3,424.0,8.0,132.561,1,drama,2,JP,1
tm998678,Aelay,MOVIE,2021,2020,Not Rated,153,0,,,,6.3,1.617,1,comedy,1,IN,1
tm1106900,A World Without,MOVIE,2021,2020,Not Rated,106,0,,3.8,357.0,4.5,8.186,1,thriller,3,ID,1
ts314963,The Fastest,SHOW,2021,2020,TV-PG,35,0,1.0,5.6,83.0,6.0,1.6,1,reality,1,,0
ts285470,Pet Stars,SHOW,2021,2020,TV-PG,27,0,1.0,4.9,118.0,8.7,1.63,1,reality,2,US,1
tm1024535,The Guardian,MOVIE,2021,2020,Not Rated,127,0,,5.7,347.0,4.9,2.932,1,drama,5,VN,1
tm958688,Love Me Instead,MOVIE,2021,2020,Not Rated,124,0,,7.0,2592.0,6.7,14.629,1,drama,1,TR,1
tm1039571,The Upshaws - The Afterparty,MOVIE,2021,2020,R,32,0,,,,7.7,1.878,1,,0,US,1
tm1054462,The Land,MOVIE,2021,2020,Not Rated,103,0,,6.1,473.0,5.6,1.627,1,comedy,3,PL,1
tm1043655,One Lagos Night,MOVIE,2021,2020,Not Rated,103,0,,6.6,17.0,,1.834,1,crime,2,NG,1
tm1161223,Cat Burglar,MOVIE,2022,2020,PG-13,12,0,,6.9,,5.9,2.472,1,animation,2,IE,2
ts282876,"Nevenka, Breaking The Silence",SHOW,2021,2020,TV-14,38,0,1.0,6.9,674.0,8.0,1.159,1,documentation,2,ES,1
tm1107850,Sharkdog’s Fintastic Halloween,MOVIE,2021,2020,Not Rated,24,0,,6.5,37.0,3.4,37.687,1,animation,4,,0
ts288544,Creator's File: GOLD,SHOW,2021,2020,Not Rated,25,0,1.0,6.6,22.0,,1.253,1,drama,2,JP,1
ts285106,Under Suspicion: Uncovering the Wesphael Case,SHOW,2021,2020,TV-14,36,0,1.0,6.3,746.0,7.8,1.684,1,crime,2,,0
tm1111616,David and the Elves,MOVIE,2021,2020,Not Rated,106,0,,5.2,695.0,6.1,51.053,1,fantasy,3,PL,1
tm1091284,Ankahi Kahaniya,MOVIE,2021,2020,Not Rated,110,0,,5.5,876.0,6.5,5.641,1,drama,2,IN,1
tm1172600,11M,MOVIE,2022,2020,Not Rated,92,0,,7.0,1868.0,6.16,24.139,1,documentation,1,ES,1
ts322506,Word Party Presents: Math!,SHOW,2021,2020,Not Rated,0,1,1.0,6.9,14.0,,1.003,1,family,2,US,1
tm1068632,Bartkowiak,MOVIE,2021,2020,Not Rated,91,0,,5.1,1205.0,6.2,62.624,1,action,4,PL,1
ts285874,Magic for Humans Spain,SHOW,2021,2020,TV-MA,23,0,1.0,6.0,81.0,4.2,1.119,1,reality,2,ES,1
tm1045603,The House of Flowers: The Movie,MOVIE,2021,2020,R,86,0,,5.5,851.0,8.0,34.004,1,drama,2,MX,1
tm1179176,"Michela Giraud: The Truth, I Swear!",MOVIE,2022,2020,Not Rated,60,0,,5.5,68.0,5.1,3.737,1,comedy,2,IT,1
tm1032950,The Last Kids on Earth: Happy Apocalypse to You,MOVIE,2021,2020,G,91,0,,,,8.7,3.02,1,fantasy,1,CA,1
tm1033369,Plastic Island,MOVIE,2021,2020,Not Rated,102,0,,8.0,22.0,,1.4,1,documentation,1,ID,1
ts307816,냉면 랩소디,SHOW,2021,2020,TV-PG,49,0,1.0,7.5,25.0,4.0,1.765,1,documentation,1,KR,1
tm1114350,Story of Dinda: Second Chance of Happiness,MOVIE,2021,2020,Not Rated,59,0,,5.6,46.0,,1.205,1,romance,2,ID,1
tm1131374,Carolin Kebekus: The Last Christmas Special,MOVIE,2021,2020,Not Rated,66,0,,4.7,98.0,5.5,1.925,1,comedy,1,,0
tm996996,The Misadventures of Hedi and Cokeman,MOVIE,2021,2020,Not Rated,99,0,,4.4,641.0,,19.908,1,action,3,FR,1
ts305254,The Ingenuity of the Househusband,SHOW,2021,2020,Not Rated,5,0,1.0,6.7,423.0,,,1,comedy,1,,0
tm996010,Still Out of My League,MOVIE,2021,2020,Not Rated,113,0,,5.5,810.0,6.7,50.814,1,romance,3,IT,1
tm1141663,Cem Yılmaz: Diamond Elite Platinum Plus,MOVIE,2021,2020,Not Rated,94,0,,6.6,7921.0,5.8,2.736,1,comedy,1,TR,1
tm1120212,The Crime,MOVIE,2022,2020,Not Rated,126,0,,,,5.8,4.1,1,drama,1,EG,1
tm997617,Love or Money,MOVIE,2021,2020,Not Rated,116,0,,,,,1.844,0,romance,1,PH,1
tm1036797,Sardar Ka Grandson,MOVIE,2021,2020,Not Rated,140,0,,4.2,4539.0,7.3,5.578,1,comedy,3,IN,1
tm1027177,Sarbath,MOVIE,2021,2020,Not Rated,112,0,,5.6,266.0,5.6,1.951,1,romance,3,IN,1
tm1029279,Dolly Parton: A MusiCares Tribute,MOVIE,2021,2020,Not Rated,55,0,,6.6,234.0,7.0,5.064,1,music,2,US,1
ts289982,Bangkok Breaking,SHOW,2021,2020,TV-MA,60,0,1.0,5.8,294.0,7.0,28.627,1,thriller,4,TH,1
tm988879,Tony Parker: The Final Shot,MOVIE,2021,2020,Not Rated,98,0,,6.8,1400.0,7.2,7.313,1,documentation,2,FR,1
ts297061,Masameer County,SHOW,2021,2020,TV-MA,21,0,1.0,,,8.0,2.122,1,,0,SA,1
tm1033635,Sisters on Track,MOVIE,2021,2020,PG,96,0,,5.8,199.0,7.1,7.433,1,documentation,2,US,1
tm1115392,Shyam Singha Roy,MOVIE,2021,2020,Not Rated,155,0,,7.7,11655.0,7.3,6.084,1,drama,4,IN,1
ts317709,Kayko and Kokosh,SHOW,2021,2020,TV-PG,15,0,2.0,6.3,324.0,6.7,3.432,1,animation,4,PL,1
tm1076198,Blue Dream: The Road to Wembley,MOVIE,2021,2020,Not Rated,61,0,,7.1,792.0,7.9,4.84,1,documentation,2,IT,1
ts269300,Paik's Spirit,SHOW,2021,2020,Not Rated,56,0,1.0,,,8.0,1.71,1,,0,KR,1
tm1064193,Private Network: Who Killed Manuel Buendía?,MOVIE,2021,2020,Not Rated,100,0,,6.8,224.0,7.3,2.804,1,history,3,MX,1
tm1159947,Mo Gilligan: There's Mo to Life,MOVIE,2022,2020,Not Rated,65,0,,5.8,236.0,6.2,1.986,1,comedy,1,,0
ts283284,Navarasa,SHOW,2021,2020,TV-MA,34,0,1.0,5.8,3522.0,6.6,3.418,1,drama,1,IN,1
tm1120636,Johnny Test's Ultimate Meatloaf Quest,MOVIE,2021,2020,G,20,0,,7.1,26.0,2.5,4.274,1,animation,2,US,1
tm1029314,Have You Ever Seen Fireflies?,MOVIE,2021,2020,Not Rated,113,0,,6.1,5024.0,6.9,4.109,1,drama,2,TR,1
tm1130275,Mo Amer: Mohammed in Texas,MOVIE,2021,2020,Not Rated,64,0,,6.5,652.0,4.3,2.831,1,comedy,1,US,1
tm1150727,Kapil Sharma: I'm Not Done Yet,MOVIE,2022,2020,R,54,0,,6.9,3950.0,7.8,2.109,1,comedy,1,IN,1
tm1111559,Grumpy Christmas,MOVIE,2021,2020,Not Rated,87,0,,4.4,355.0,7.6,32.532,1,comedy,1,MX,1
tm1102410,A StoryBots Space Adventure,MOVIE,2021,2020,Not Rated,12,0,,,,,1.33,0,animation,1,,0
tm1015884,African America,MOVIE,2021,2020,Not Rated,96,0,,5.2,68.0,,1.755,1,drama,1,ZA,1
tm1146635,Daiki Tsuneta: Tokyo Chaotic,MOVIE,2021,2020,Not Rated,89,0,,7.5,19.0,7.0,1.853,1,documentation,2,JP,1
tm1121098,Will You Marry?,MOVIE,2021,2020,Not Rated,86,0,,4.9,58.0,5.0,1.304,1,romance,2,PH,1
tm1023438,Trapped,MOVIE,2021,2020,Not Rated,77,0,,6.4,10.0,,1.631,1,drama,1,EG,1
tm1119331,Haroun,MOVIE,2021,2020,Not Rated,76,0,,6.3,68.0,6.8,2.093,1,comedy,1,FR,1
ts274575,How to Be A Cowboy,SHOW,2021,2020,TV-PG,25,0,1.0,6.9,151.0,10.0,0.856,1,reality,1,US,1
tm965758,Brother in Love 2,MOVIE,2021,2020,Not Rated,118,0,,6.5,2328.0,6.5,2.537,1,comedy,1,TR,1
ts284885,Abla Fahita: Drama Queen,SHOW,2021,2020,TV-14,25,0,1.0,6.5,446.0,8.5,1.4,1,drama,3,EG,1
tm1120766,Angèle,MOVIE,2021,2020,R,84,0,,7.0,518.0,7.1,4.432,1,documentation,2,FR,2
tm1091823,Boomika,MOVIE,2021,2020,Not Rated,122,0,,5.5,2553.0,7.2,1.945,1,thriller,2,IN,1
ts341760,Byron Baes,SHOW,2022,2020,TV-MA,39,0,1.0,2.6,498.0,6.0,1.658,1,reality,1,AU,1
tm1068777,Bankrolled,MOVIE,2021,2020,Not Rated,97,0,,4.0,312.0,5.9,20.242,1,comedy,1,MX,1
tm988801,June & Kopi,MOVIE,2021,2020,Not Rated,90,0,,6.3,554.0,7.0,2.766,1,drama,3,ID,1
tm1160938,Adam by Eve: A Live in Animation,MOVIE,2022,2020,PG-13,58,0,,6.1,378.0,6.3,3.828,1,drama,3,JP,1
tm998544,Here and There,MOVIE,2021,2020,Not Rated,98,0,,6.7,52.0,4.7,0.933,1,drama,2,PH,1
tm1109080,Mughizh,MOVIE,2021,2020,Not Rated,62,0,,,,4.0,2.041,1,drama,1,IN,1
tm1004011,Time to Dance,MOVIE,2021,2020,Not Rated,2,0,,2.2,963.0,4.0,1.043,1,romance,2,IN,1
tm1159298,Erax,MOVIE,2022,2020,PG,13,0,,,,5.0,76.081,1,thriller,1,,0
tm1131895,Love Is Color Blind,MOVIE,2021,2020,Not Rated,115,0,,6.1,661.0,8.0,1.829,1,comedy,2,PH,1
ts317423,Love Never Lies,SHOW,2021,2020,Not Rated,49,0,1.0,5.6,250.0,6.6,4.323,1,reality,1,ES,1
tm1098060,Shadow Parties,MOVIE,2021,2020,Not Rated,116,0,,6.2,9.0,,1.286,1,action,3,NG,1
tm1019822,Connected,MOVIE,2021,2020,Not Rated,42,0,,,,7.3,5.197,1,,0,,0
tm1042277,Sam Smith: Love Goes – Live at Abbey Road Studios,MOVIE,2021,2020,Not Rated,61,0,,,,8.7,1.78,1,music,2,US,1
tm1089595,Ayinla,MOVIE,2021,2020,Not Rated,119,0,,8.1,23.0,,1.688,1,drama,1,,0
tm1025616,Loyiso Gola: Unlearning,MOVIE,2021,2020,Not Rated,60,0,,5.9,206.0,7.5,1.884,1,comedy,1,,0
tm1018592,A Perfect Fit,MOVIE,2021,2020,Not Rated,112,0,,5.3,585.0,7.3,23.724,1,comedy,3,ID,1
ts346656,African Knock Out Show,SHOW,2022,2020,TV-14,32,0,1.0,,,,0.839,0,,0,US,1
tm863829,Ali & Ratu Ratu Queens,MOVIE,2021,2020,Not Rated,100,0,,7.0,1233.0,7.1,1.801,1,drama,2,ID,1
ts297729,Quarantine Tales,SHOW,2021,2020,TV-MA,19,0,1.0,,,5.0,0.641,1,,0,ID,1
tm1068720,D.O.D.: Day of Destiny,MOVIE,2021,2020,Not Rated,110,0,,5.0,42.0,,2.664,1,scifi,3,NG,1
tm1106888,Meeting Point,MOVIE,2021,2020,Not Rated,90,0,,4.2,469.0,2.0,1.443,1,drama,1,TR,1
tm1141346,StarBeam: Beaming in the New Year,MOVIE,2021,2020,Not Rated,47,0,,5.5,36.0,10.0,1.532,1,animation,3,,0
tm1045883,Trippin’ with the Kandasamys,MOVIE,2021,2020,Not Rated,93,0,,4.9,376.0,6.8,17.846,1,romance,2,ZA,1
tm1147041,Chief Daddy 2: Going for Broke,MOVIE,2021,2020,Not Rated,112,0,,3.0,144.0,5.7,74.519,1,comedy,1,NG,1
ts285471,The Wedding Coach,SHOW,2021,2020,TV-MA,33,0,1.0,5.0,87.0,10.0,1.525,1,comedy,2,US,1
ts325991,Only Jokes Allowed,SHOW,2022,2020,TV-MA,16,0,1.0,4.9,45.0,10.0,1.629,1,comedy,1,ZA,1
tm1108171,Edis Starlight,MOVIE,2021,2020,Not Rated,74,0,,,,8.5,0.985,1,documentation,2,,0
tm1045018,Clash,MOVIE,2021,2020,Not Rated,88,0,,6.1,34.0,,1.253,1,family,2,NG,2
tm987730,Tribhanga,MOVIE,2021,2020,Not Rated,95,0,,6.2,2922.0,7.0,4.294,1,drama,2,IN,1
tm1019084,Ginny & Georgia - The Afterparty,MOVIE,2021,2020,R,35,0,,,,7.9,3.715,1,,0,CA,2
tm1094060,My Heroes Were Cowboys,MOVIE,2021,2020,PG,23,0,,,,7.7,3.145,1,documentation,1,US,1
tm1047429,Alan Saldaña: Locked Up,MOVIE,2021,2020,Not Rated,49,0,,,,6.0,6.67,1,comedy,1,,0
ts287804,Mad Crazy Colombian Comedians,SHOW,2021,2020,Not Rated,33,0,1.0,,,1.0,0.84,1,,0,CO,1
tm1038025,Slay,MOVIE,2021,2020,Not Rated,93,0,,3.2,103.0,6.0,1.676,1,romance,2,ZA,1
tm986017,Gatao: The Last Stray,MOVIE,2021,2020,Not Rated,120,0,,5.9,266.0,4.9,3.141,1,action,4,TW,1
tm988613,Madam Chief Minister,MOVIE,2021,2020,Not Rated,123,0,,4.8,1769.0,6.7,2.301,1,drama,1,IN,1
tm1080697,Binti,MOVIE,2021,2020,Not Rated,99,0,,5.6,122.0,9.0,1.921,1,drama,1,TZ,2
tm1046969,Myriam Fares: The Journey,MOVIE,2021,2020,Not Rated,72,0,,2.3,167.0,,1.487,1,documentation,2,LB,1
tm1099320,Convergence: Courage in a Crisis,MOVIE,2021,2020,R,113,0,,5.4,262.0,5.2,6.589,1,documentation,1,GB,2
tm1040959,The Circle: The Afterparty,MOVIE,2021,2020,Not Rated,35,0,,,,10.0,1.882,1,,0,US,1
tm982470,Stuck Apart,MOVIE,2021,2020,R,96,0,,6.0,10515.0,6.2,7.403,1,comedy,2,TR,1
ts270616,We Are: The Brooklyn Saints,SHOW,2021,2020,TV-14,47,0,1.0,6.5,162.0,10.0,2.523,1,documentation,2,US,1
ts302434,Plastic Cup Boyz: Laughing My Mask Off!,SHOW,2021,2020,Not Rated,33,0,1.0,,,,0.683,0,,0,,0
tm1204412,"Let's Tie the Knot, Honey!",MOVIE,2022,2020,Not Rated,99,0,,4.4,26.0,2.0,120.14,1,comedy,2,PE,1
tm1049317,Upcoming Summer,MOVIE,2021,2020,Not Rated,115,0,,6.7,486.0,6.2,3.257,1,drama,1,CN,1
tm1201341,"Rodrigo Sant'anna: I'm Here, I'm Queer!",MOVIE,2022,2020,Not Rated,63,0,,2.6,29.0,7.5,2.378,1,comedy,1,BR,1
tm1110212,Little Big Mouth,MOVIE,2021,2020,Not Rated,94,0,,3.9,178.0,5.2,17.707,1,comedy,3,ZA,1
tm1011248,30 March,MOVIE,2021,2020,Not Rated,99,0,,4.0,153.0,,,1,crime,3,,0
tm1122095,A Naija Christmas,MOVIE,2021,2020,Not Rated,121,0,,4.7,342.0,7.0,18.261,1,comedy,3,NG,1
tm994923,"Our Lady of San Juan, Four Centuries of Miracles",MOVIE,2021,2020,Not Rated,122,0,,6.2,82.0,7.8,8.236,1,drama,2,MX,1
tm1225897,Social Man,MOVIE,2021,2020,Not Rated,96,0,,,,,,0,comedy,2,,0
tm1183575,Celeb Five: Behind the Curtain,MOVIE,2022,2020,Not Rated,55,0,,4.7,29.0,5.0,1.674,1,comedy,2,KR,1
tm1026043,Just in Time,MOVIE,2021,2020,Not Rated,91,0,,6.9,46.0,10.0,1.219,1,comedy,3,KE,1
tm1121084,Izla,MOVIE,2021,2020,Not Rated,85,0,,3.7,115.0,5.3,2.356,1,horror,2,PH,1
tm1082795,Lokillo: Nothing's the Same,MOVIE,2021,2020,Not Rated,64,0,,4.7,53.0,7.6,34.522,1,comedy,1,CO,1
tm1063339,Lee Su-geun: The Sense Coach,MOVIE,2021,2020,Not Rated,45,0,,4.1,38.0,3.5,1.058,1,comedy,1,KR,1
tm1037800,Soy Rada: Serendipity,MOVIE,2021,2020,Not Rated,70,0,,6.2,78.0,4.5,7.514,1,comedy,2,AR,1
tm918777,Geez & Ann,MOVIE,2021,2020,Not Rated,105,0,,5.0,290.0,7.2,3.238,1,drama,2,ID,1
tm1020293,Dearest Boy,MOVIE,2021,2020,Not Rated,91,0,,6.0,276.0,6.0,1.55,1,comedy,2,SA,1
ts287729,Alma Matters: Inside the IIT Dream,SHOW,2021,2020,TV-MA,49,0,1.0,8.3,2346.0,9.0,1.493,1,documentation,2,IN,1
tm851599,Tersanjung: The Movie,MOVIE,2021,2020,Not Rated,114,0,,5.8,216.0,8.2,2.747,1,drama,2,ID,1
tm1110241,Kaaval,MOVIE,2021,2020,Not Rated,148,0,,5.1,1497.0,5.3,1.978,1,thriller,3,IN,1
tm993616,The Tambour of Retribution,MOVIE,2021,2020,Not Rated,92,0,,6.8,1007.0,7.5,1.971,1,drama,1,SA,1
tm1099342,Devdas Brothers,MOVIE,2021,2020,Not Rated,99,0,,3.3,51.0,,,1,drama,1,,0
tm831387,What Happened to Mr Cha?,MOVIE,2021,2020,Not Rated,102,0,,4.3,357.0,6.9,9.066,1,comedy,2,KR,1
tm878575,The Heartbreak Club,MOVIE,2021,2020,Not Rated,101,0,,6.3,196.0,8.0,1.401,1,comedy,3,ID,1
ts287687,Lava Ka Dhaava,SHOW,2021,2020,Not Rated,30,0,1.0,6.1,42.0,,1.499,1,reality,1,IO,1
tm1099969,Angeliena,MOVIE,2021,2020,Not Rated,95,0,,7.3,1164.0,6.0,3.827,1,comedy,3,ZA,1
ts319608,The Family That Sings Together: The Camargos,SHOW,2021,2020,Not Rated,39,0,1.0,5.3,45.0,,1.002,1,documentation,3,BR,1
tm846586,Layla Majnun,MOVIE,2021,2020,Not Rated,119,0,,6.0,277.0,7.5,2.727,1,romance,2,ID,1
ts288861,Let's Eat,SHOW,2021,2020,TV-14,60,0,1.0,8.2,5.0,,2.334,1,drama,2,TH,1
ts273317,Pitta Kathalu,SHOW,2021,2020,TV-MA,37,0,1.0,5.1,738.0,5.5,1.4,1,drama,2,IN,1
tm996479,Tuesdays And Fridays,MOVIE,2021,2020,Not Rated,106,0,,4.4,792.0,5.3,1.589,1,romance,2,GB,2
ts307884,HQ Barbers,SHOW,2021,2020,TV-14,24,0,1.0,,,,0.84,0,comedy,1,NG,1
tm1091956,A Faraway Land,MOVIE,2021,2020,Not Rated,101,0,,5.0,136.0,6.7,1.748,1,drama,1,PH,2
tm985747,I Missed You,MOVIE,2021,2020,Not Rated,96,0,,5.7,250.0,6.3,2.451,1,drama,2,TW,1
tm959213,My Amanda,MOVIE,2021,2020,Not Rated,89,0,,5.7,308.0,5.7,2.908,1,drama,2,PH,1
tm1040816,Momshies! Your Soul is Mine,MOVIE,2021,2020,Not Rated,108,0,,5.8,27.0,,2.17,1,comedy,1,PH,1
tm1053409,Happiness Ever After,MOVIE,2021,2020,Not Rated,99,0,,4.2,163.0,7.3,11.536,1,drama,2,ZA,1
tm1165179,Kongsi Raya,MOVIE,2022,2020,Not Rated,102,0,,7.0,66.0,,2.112,1,comedy,1,MY,1
tm1216735,Sun of the Soil,MOVIE,2022,2020,Not Rated,26,0,,,,7.0,1.179,1,,0,,0
tm985215,Princess 'Daya'Reese,MOVIE,2021,2020,Not Rated,115,0,,7.1,50.0,,1.383,1,comedy,2,PH,1
tm1066324,Super Monsters: Once Upon a Rhyme,MOVIE,2021,2020,Not Rated,25,0,,5.6,38.0,6.3,53.762,1,animation,2,,0
tm1097142,My Bride,MOVIE,2021,2020,Not Rated,93,0,,5.0,327.0,5.3,2.545,1,romance,3,EG,1
tm1074617,Bling Empire - The Afterparty,MOVIE,2021,2020,Not Rated,35,0,,,,,,0,,0,US,1
tm1014599,Fine Wine,MOVIE,2021,2020,Not Rated,100,0,,6.8,45.0,,1.466,1,romance,2,NG,1
tm898842,C/O Kaadhal,MOVIE,2021,2020,Not Rated,134,0,,7.7,348.0,,,1,drama,1,,0
tm1059008,Lokillo,MOVIE,2021,2020,Not Rated,90,0,,3.8,68.0,6.3,26.005,1,comedy,1,CO,1
tm1035612,Dad Stop Embarrassing Me - The Afterparty,MOVIE,2021,2020,PG-13,37,0,,,,10.0,1.296,1,,0,US,1
ts271048,Mighty Little Bheem: Kite Festival,SHOW,2021,2020,Not Rated,7,0,1.0,7.8,18.0,10.0,2.289,1,family,3,,0
